DENV1	DENV2	HSV1	EBOLA	HRV	HIV	RSV	STAPH	IAV	HCMV
NM_000024	231	72	1646	299	2623	44	73	403	138	453
NM_000029	232	73	1647	300	2624	45	74	404	139	208
NM_000030	233	74	1648	301	2625	46	23	405	140	1424
NM_000059	234	75	1649	302	2386	47	75	406	141	1240
NM_000064	20	76	380	236	657	35	76	205	142	6971
NM_000067	235	77	1650	303	575	48	77	407	143	876
NM_000074	236	78	1651	304	7776	49	78	251	144	1425
NM_000084	237	79	7622	305	6189	50	79	408	145	1426
NM_000085	238	80	1652	306	2400	51	80	409	7797	1427
NM_000089	239	81	1653	307	1884	52	81	410	146	7709
NM_000090	240	82	1654	308	7786	53	82	411	147	7796
NM_000095	241	83	63	309	14	54	83	412	148	7655
NM_000104	242	84	7782	310	19	55	84	413	149	7483
NM_000127	243	85	1655	311	2626	56	85	414	150	7203
NM_000129	244	86	1656	7801	2627	57	86	415	151	641
NM_000132	245	87	1657	7752	5693	58	87	416	152	1428
NM_000138	246	88	1658	312	2628	59	88	417	153	7621
NM_000154	247	89	7442	313	2629	60	89	418	154	1429
NM_000155	248	90	6994	314	1464	61	90	419	155	1430
NM_000165	249	91	7150	315	2630	62	91	420	156	7714
NM_000170	250	92	1659	316	2631	63	92	421	157	119
NM_000185	251	93	1660	317	7169	64	93	422	158	1431
NM_000189	252	94	7632	318	2632	65	94	423	159	1432
NM_000193	253	95	1215	319	2633	66	95	424	160	384
NM_000196	254	96	1661	320	5480	67	96	425	161	345
NM_000201	5	97	52	268	2617	68	97	336	84	1433
NM_000212	255	98	1662	321	2163	69	98	426	162	1434
NM_000217	256	99	1296	322	2634	70	99	427	163	49
NM_000226	257	100	1663	323	2635	71	40	428	164	720
NM_000229	258	101	1664	324	2596	72	100	429	165	7296
NM_000237	259	102	1665	325	6922	73	101	430	7804	80
NM_000250	260	103	1666	326	2636	74	102	431	166	945
NM_000255	261	104	7473	327	2637	75	103	432	167	1435
NM_000256	262	105	18	328	204	76	104	7530	168	1436
NM_000258	263	106	1667	329	2638	77	105	433	169	7002
NM_000265	264	107	1668	31	2639	29	106	434	125	1437
NM_000266	265	108	65	330	7685	78	107	435	170	1438
NM_000270	266	109	1669	331	2640	79	108	436	171	690
NM_000303	267	110	1670	332	1803	80	109	437	172	1439
NM_000334	268	111	1671	333	7508	81	110	438	173	1440
NM_000349	269	112	1672	334	927	82	111	439	174	1441
NM_000350	270	113	1673	335	2641	83	112	440	175	7635
NM_000358	271	114	6985	336	2537	84	113	441	90	7664
NM_000362	272	115	7152	337	2642	85	114	442	176	7749
NM_000363	273	116	1674	338	2643	86	115	443	177	394
NM_000370	274	117	1675	339	5676	87	116	444	178	161
NM_000383	275	118	60	340	2644	88	117	445	179	1442
NM_000384	276	119	1676	341	2645	89	118	43	180	6753
NM_000387	277	120	7415	342	5426	90	119	446	181	1443
NM_000393	278	121	1677	343	2646	91	120	447	182	7405
NM_000396	279	122	1678	344	2647	92	121	448	183	7159
NM_000397	280	123	1679	258	2105	14	122	449	37	1444
NM_000422	26	124	1680	345	2648	93	36	400	184	7509
NM_000424	281	125	640	346	2649	94	123	450	185	1445
NM_000428	282	126	1681	347	5412	95	124	451	186	7610
NM_000429	283	127	7424	348	2650	96	125	44	187	573
NM_000434	284	128	1682	349	2651	97	126	452	188	750
NM_000479	285	129	782	350	2390	98	127	453	189	1446
NM_000517	286	130	21	351	2652	99	128	454	190	1447
NM_000518	287	131	1683	352	7801	100	129	455	191	1448
NM_000523	288	132	1684	353	2653	101	130	456	192	933
NM_000525	289	133	1685	354	2654	102	131	457	193	421
NM_000526	99	134	1152	355	2655	103	60	458	194	1449
NM_000538	290	135	7748	356	2656	104	132	459	195	1373
NM_000558	291	136	7	357	6723	105	133	460	196	469
NM_000572	292	137	1586	358	2585	106	134	461	39	1450
NM_000575	41	138	1686	72	7754	107	135	462	197	6770
NM_000584	7	139	1687	9	2657	108	22	4	198	966
NM_000586	293	140	1688	359	2658	9	136	463	199	1451
NM_000593	131	141	7041	153	2659	109	137	464	67	1299
NM_000594	48	142	853	170	2660	110	138	31	38	1452
NM_000596	194	143	1689	360	2661	111	139	465	200	1453
NM_000599	294	144	7691	361	5474	112	140	466	201	7806
NM_000602	204	145	1289	211	2662	113	141	467	40	7561
NM_000607	295	146	1690	362	886	114	142	468	202	1454
NM_000612	296	147	125	363	2663	115	143	469	203	1455
NM_000613	297	148	1691	364	2664	116	144	7573	7802	1456
NM_000614	298	149	1692	365	2119	117	145	470	204	1457
NM_000616	299	150	1693	366	2665	118	146	471	51	1458
NM_000619	300	151	1694	367	1147	119	147	472	52	1459
NM_000623	301	152	1695	368	2666	120	148	473	205	7787
NM_000625	223	153	1696	369	2667	121	149	474	206	291
NM_000633	302	154	7779	370	2668	122	150	475	207	1460
NM_000634	303	155	1697	371	2149	123	151	476	208	1461
NM_000641	304	156	1501	372	2669	124	44	292	209	1462
NM_000663	305	157	1698	373	7075	125	152	287	210	1463
NM_000667	306	158	1699	374	6259	126	153	477	211	1464
NM_000669	307	159	1700	375	6397	127	154	478	212	1465
NM_000676	308	160	1701	376	7132	128	155	479	213	1466
NM_000681	309	161	1702	377	2566	129	156	480	214	7411
NM_000682	310	162	1703	378	8	130	157	481	215	122
NM_000683	311	163	1704	379	2670	131	158	482	216	326
NM_000684	312	164	1705	380	2671	132	159	483	217	83
NM_000689	313	165	1706	247	2672	133	160	484	218	7801
NM_000697	314	166	486	381	2673	134	161	485	219	1467
NM_000699	315	167	1707	382	6582	135	162	486	220	7381
NM_000700	316	168	1708	383	6704	136	163	487	221	6973
NM_000702	317	169	727	384	6489	137	164	488	222	7625
NM_000704	27	170	1552	385	5568	138	165	489	223	1468
NM_000706	318	7791	1709	386	1618	139	166	490	224	1105
NM_000710	319	171	1710	387	2674	140	167	491	225	7617
NM_000728	320	172	1711	388	2675	141	168	492	226	272
NM_000741	321	173	1712	389	2541	142	169	493	227	56
NM_000745	322	174	1713	390	2676	143	170	494	228	140
NM_000747	323	175	1714	391	2677	144	171	495	229	755
NM_000756	324	176	1715	7778	2678	145	172	496	230	1469
NM_000758	158	177	1716	392	2679	146	173	212	231	1470
NM_000762	325	178	1717	393	5975	147	174	497	232	6895
NM_000785	326	179	1718	394	2680	148	175	376	233	1012
NM_000788	327	180	7356	395	2681	149	176	498	234	1048
NM_000797	328	181	407	396	756	150	177	499	235	1471
NM_000799	329	182	1719	397	2682	151	178	500	236	724
NM_000820	330	183	1720	398	2683	152	179	501	237	7668
NM_000825	331	184	1113	399	2684	153	180	502	238	1472
NM_000831	332	185	1721	400	2685	154	181	503	239	111
NM_000848	333	186	7219	401	1324	155	182	504	240	1473
NM_000864	334	187	7085	402	38	156	183	505	241	75
NM_000871	335	188	7353	403	2686	157	184	506	242	746
NM_000877	336	189	1722	404	792	158	185	507	243	1474
NM_000891	337	190	1723	260	2603	159	186	508	108	7040
NM_000905	338	191	1724	405	2687	160	187	509	244	245
NM_000911	339	192	1725	406	2688	161	188	510	245	324
NM_000942	209	193	1726	407	2689	162	189	511	246	1475
NM_000954	340	194	1564	408	674	163	190	512	247	7151
NM_000956	341	195	1727	409	2690	164	191	513	248	330
NM_000958	66	196	1728	410	2691	165	192	514	249	1227
NM_000961	342	197	1729	411	1762	166	193	515	250	7798
NM_000963	107	198	1730	412	2692	167	194	516	251	6938
NM_000975	343	199	555	413	2693	168	195	517	252	1476
NM_000982	344	200	1731	414	5675	169	196	518	253	1477
NM_000985	345	201	1732	415	1246	170	197	519	254	1478
NM_000999	346	202	1733	416	1177	171	198	520	255	1479
NM_001001396	347	203	1734	417	2615	172	199	521	256	7518
NM_001001414	348	204	1735	418	2694	173	200	522	257	679
NM_001001437	100	205	1736	52	5501	18	201	523	258	595
NM_001001557	349	206	1737	419	2695	174	202	524	259	7577
NM_001001791	78	207	1738	420	2610	175	203	525	260	1480
NM_001001821	350	208	1739	421	2696	176	204	526	261	197
NM_001001852	351	209	1075	422	2697	177	205	527	262	1481
NM_001001888	352	210	494	423	2698	178	206	528	263	1482
NM_001002029	353	211	1407	424	2699	179	207	529	35	6751
NM_001002762	354	212	1740	425	7732	180	208	530	264	1483
NM_001003690	355	47	1741	426	5858	181	209	531	265	1484
NM_001003716	356	213	1742	427	1504	182	210	532	266	1485
NM_001003941	357	214	1228	428	2700	183	211	533	267	1486
NM_001004105	358	215	1438	429	913	184	212	534	268	1487
NM_001004125	359	216	7555	430	2701	185	213	535	269	1488
NM_001004317	360	217	7531	431	2702	186	214	536	270	1489
NM_001004354	361	218	1743	432	2399	187	215	537	271	265
NM_001004432	362	219	1744	433	6626	188	216	538	272	1490
NM_001004434	363	220	1745	434	2703	189	217	539	273	460
NM_001004456	364	221	1746	435	7124	190	218	540	274	1491
NM_001005176	365	222	1747	65	1442	191	219	541	275	859
NM_001005180	366	223	1748	436	1370	192	220	542	276	1492
NM_001005238	367	224	8	437	2704	193	221	543	277	1493
NM_001005328	368	225	1749	438	7622	194	222	544	278	1144
NM_001005417	369	226	1750	439	887	195	223	545	279	1494
NM_001005473	7804	227	1751	440	2705	196	224	546	280	713
NM_001005495	370	228	1752	441	2706	197	225	547	281	159
NM_001005915	371	229	1753	442	5612	198	226	548	282	1068
NM_001006622	372	230	7726	443	2152	199	227	549	283	1495
NM_001006665	373	231	1754	444	347	200	228	550	284	1496
NM_001006941	374	232	7192	445	1840	201	229	551	285	1497
NM_001007090	375	233	7649	446	7303	202	230	552	286	1498
NM_001007169	376	234	1755	447	2707	203	231	7495	287	906
NM_001007278	377	235	1756	448	5859	204	232	553	288	1499
NM_001007533	378	236	1757	449	5934	205	233	554	289	1500
NM_001007538	379	237	7574	450	2708	20	234	555	290	277
NM_001007563	7775	238	1758	451	1467	206	235	556	291	66
NM_001008388	380	239	7401	452	2709	207	236	557	292	1186
NM_001008391	381	240	1759	453	5694	208	237	7720	293	7424
NM_001008537	382	241	1760	454	2710	209	238	558	294	35
NM_001008711	383	242	1761	455	793	210	7803	559	295	1501
NM_001008783	384	243	1762	456	2711	211	239	560	296	282
NM_001009606	385	244	1763	457	2137	212	240	561	297	1502
NM_001009610	386	245	1764	458	7664	213	241	562	298	7129
NM_001009614	387	246	1765	459	2712	214	242	112	299	1503
NM_001009814	388	247	1766	460	2713	215	243	563	300	814
NM_001010844	389	248	7672	461	2714	216	244	564	301	1504
NM_001010847	390	249	1767	462	2715	217	245	565	302	331
NM_001010905	113	250	1768	463	5860	218	246	566	303	1505
NM_001010908	391	251	959	464	2716	219	247	567	304	431
NM_001010917	392	252	1769	465	5749	220	248	568	305	232
NM_001010980	393	253	1770	466	762	221	249	569	306	480
NM_001010987	394	254	1771	467	608	222	250	570	91	1410
NM_001011719	395	255	1772	468	5838	223	251	571	307	1506
NM_001012303	396	256	1773	469	6895	224	252	572	308	1507
NM_001012508	397	257	1774	470	526	225	253	573	309	6910
NM_001012729	398	258	1775	471	2717	226	254	7557	310	547
NM_001012968	399	259	7575	472	2718	227	255	574	311	1508
NM_001013257	7803	260	1776	473	6017	228	256	575	312	1509
NM_001013625	400	261	1777	474	2719	229	257	7774	313	1510
NM_001013628	401	262	864	475	2720	230	258	576	314	78
NM_001013632	402	263	449	476	2721	231	259	577	315	1511
NM_001013649	403	264	7315	477	2722	232	260	578	316	1512
NM_001013653	404	265	1778	478	2723	233	261	579	317	191
NM_001013693	405	266	1779	479	2724	234	262	580	318	7759
NM_001013699	406	267	1780	291	1879	235	263	581	319	1513
NM_001013706	407	268	1355	480	2725	236	264	582	320	113
NM_001013734	408	269	495	481	2726	237	265	583	321	357
NM_001013735	409	270	1781	482	2727	238	266	584	322	205
NM_001014440	115	271	166	483	2728	239	267	585	323	1514
NM_001014448	410	272	1782	484	2729	240	268	586	324	7733
NM_001014842	411	273	7203	485	5713	241	269	587	325	1515
NM_001015049	412	274	1318	486	179	242	270	588	326	1516
NM_001015072	413	275	1783	487	2175	243	271	589	327	1517
NM_001017368	414	276	1784	488	219	244	272	590	328	1518
NM_001017916	415	277	1638	489	2730	245	273	591	329	508
NM_001017992	416	278	7070	490	5986	246	274	592	330	1519
NM_001018003	417	279	1785	491	1677	247	275	593	331	1520
NM_001018024	418	280	7572	492	5529	248	276	594	332	1521
NM_001018073	419	24	1786	493	2731	249	277	595	333	1522
NM_001018116	420	281	1787	494	5888	250	278	596	117	1523
NM_001018137	421	282	781	495	2732	251	279	597	334	1524
NM_001023563	422	283	1788	496	2382	252	280	598	335	1525
NM_001024210	423	284	7712	497	2733	253	281	599	336	1526
NM_001024401	424	285	7120	278	2734	254	282	600	337	173
NM_001024601	425	286	1789	498	6815	255	283	601	338	1527
NM_001024611	426	287	1790	499	2735	256	284	7742	339	1528
NM_001024675	427	288	1005	500	2736	257	285	602	340	1529
NM_001024678	428	289	1237	501	5673	258	286	603	341	6843
NM_001024843	429	290	1791	502	1717	259	287	604	342	1530
NM_001024948	430	291	7054	503	5447	260	288	605	343	900
NM_001025091	431	292	1792	504	2409	261	289	606	344	1531
NM_001025266	432	293	7147	505	349	262	290	607	345	1014
NM_001025357	433	294	7532	506	2737	263	291	608	346	7527
NM_001029858	434	295	7021	507	2738	264	292	609	347	286
NM_001029874	435	296	1793	508	6418	265	293	610	348	1532
NM_001029883	436	297	1794	509	1106	266	294	611	349	1533
NM_001029955	437	298	885	510	2739	267	295	612	350	1534
NM_001030001	438	299	1795	511	5591	268	296	613	351	7314
NM_001030007	439	300	1796	512	651	269	297	614	352	1535
NM_001030060	440	301	1797	513	451	270	298	316	353	6959
NM_001031834	441	302	385	514	2304	271	299	615	354	1536
NM_001031848	442	303	1798	515	1093	272	300	616	355	1537
NM_001032278	443	304	1799	516	2740	273	301	617	356	600
NM_001032280	444	305	1800	517	2528	274	302	618	357	7188
NM_001032367	445	306	1801	518	401	275	303	619	358	1538
NM_001032392	446	307	1802	519	1152	276	304	620	359	1539
NM_001032731	61	308	1803	66	2741	277	305	621	360	1540
NM_001033028	447	309	1433	520	2075	278	306	348	361	1541
NM_001033056	448	310	549	521	103	279	307	622	362	1542
NM_001033521	449	311	1804	522	7401	280	308	623	363	1543
NM_001033522	450	312	1805	523	7018	281	309	624	364	1544
NM_001033578	451	313	1806	524	7031	282	310	625	365	1545
NM_001034841	452	314	1807	525	1977	283	311	626	366	1546
NM_001034996	453	315	1808	526	5846	284	312	627	367	1547
NM_001035534	454	316	1809	527	6553	285	313	628	368	6726
NM_001037125	455	317	1339	528	1928	286	314	629	369	1548
NM_001037160	456	318	7138	529	6989	287	315	630	370	1549
NM_001037165	457	319	7533	530	2742	288	316	631	371	1550
NM_001037582	458	320	7464	531	2743	289	317	632	372	1551
NM_001039	459	321	1408	532	2340	290	318	633	373	1552
NM_001039111	460	322	1810	533	2744	291	319	634	374	165
NM_001039211	461	323	1623	534	1871	292	320	635	375	1553
NM_001039380	462	324	1811	535	7402	293	321	7513	376	1554
NM_001039396	463	325	1812	536	2131	294	322	7563	377	1555
NM_001039481	464	326	1813	537	6043	295	323	636	378	1556
NM_001039656	465	327	1814	538	2271	296	324	637	379	1062
NM_001039771	466	328	1815	281	2538	297	325	638	380	7501
NM_001039792	467	329	1816	539	7488	298	326	639	381	7436
NM_001039844	468	330	1817	540	2745	299	327	640	382	838
NM_001039888	469	331	7016	541	5816	300	328	641	383	1557
NM_001039905	470	332	1818	542	5852	301	329	642	384	317
NM_001039938	471	333	836	543	6679	302	330	643	385	1259
NM_001039958	472	334	7641	544	5715	303	331	644	386	1261
NM_001040274	473	335	1819	545	7581	304	332	645	387	1558
NM_001040649	474	336	1820	546	2746	305	333	646	388	798
NM_001040667	475	337	1821	547	1153	306	334	647	389	1559
NM_001040874	476	338	1306	154	5544	307	335	648	390	1313
NM_001042	477	339	1822	548	2531	308	336	649	391	86
NM_001042679	478	340	1823	549	641	309	337	650	392	1560
NM_001044	479	341	1824	550	2747	310	338	651	393	297
NM_001045	480	342	897	551	280	311	339	652	394	1561
NM_001048212	481	343	1825	552	698	312	340	653	395	1562
NM_001048249	482	344	7772	553	2748	313	341	654	396	1563
NM_001049	483	345	1826	554	1648	314	342	655	397	7437
NM_001050	484	346	1827	555	17	315	343	656	132	103
NM_001057	485	347	1828	556	7335	316	344	657	398	1564
NM_001060	486	348	7677	557	2749	317	345	658	399	1565
NM_001062	487	349	1829	558	5739	318	346	659	400	1566
NM_001077269	488	350	1830	559	6741	319	347	660	401	1567
NM_001078172	489	351	1831	560	322	320	348	661	402	1568
NM_001079843	490	352	1832	561	2750	321	349	662	403	623
NM_001080436	491	353	1833	562	1875	322	350	663	404	1569
NM_001080438	492	354	1834	563	1035	323	351	664	405	1570
NM_001080446	493	355	579	564	1274	324	352	665	406	1571
NM_001080461	494	356	96	565	2751	325	353	666	407	1056
NM_001080467	495	357	7222	566	2752	326	354	667	408	5
NM_001080482	496	358	54	567	2753	327	355	668	409	6936
NM_001080488	497	359	1835	568	2754	328	356	669	410	854
NM_001080497	7800	360	1836	569	2755	329	357	670	411	1572
NM_001080505	498	361	1837	570	2756	330	358	671	412	482
NM_001080830	499	362	724	571	2757	331	359	672	413	160
NM_001083112	500	363	7131	572	1724	332	360	673	414	1573
NM_001085	501	364	1838	573	2758	333	361	285	415	7677
NM_001085382	502	365	1839	574	2759	334	362	674	416	624
NM_001085399	503	366	1361	575	571	335	363	675	417	1317
NM_001085471	504	367	810	576	2554	336	364	676	418	1574
NM_001089	505	368	7483	577	5411	337	365	677	419	1129
NM_001089591	506	369	7494	578	2760	338	366	678	420	1575
NM_001097634	507	370	1840	579	546	339	367	679	421	1576
NM_001097635	508	371	1841	580	6762	340	368	680	422	1577
NM_001098206	509	372	563	581	2761	341	369	681	423	1578
NM_001098503	510	373	1842	582	1678	342	370	682	424	1579
NM_001098522	511	374	1502	583	6376	343	371	683	425	1580
NM_001098577	512	375	7394	584	230	344	372	684	426	7536
NM_001098612	513	376	1843	585	1468	345	373	685	427	1581
NM_001098621	514	377	7499	586	2762	346	374	686	428	434
NM_001098672	515	378	1844	587	2763	347	375	7735	429	1582
NM_001098817	516	379	1845	588	7248	348	376	687	430	1158
NM_001098825	517	380	7165	589	6554	349	377	688	431	6931
NM_001099221	518	381	1846	217	63	350	378	689	432	1583
NM_001099222	519	382	7011	590	554	351	379	690	433	829
NM_001099337	520	383	1847	591	7198	352	380	691	434	1402
NM_001099439	521	384	1848	592	312	353	381	692	435	310
NM_001099668	522	385	1849	593	411	354	382	693	436	1584
NM_001099783	523	386	1850	594	134	355	383	694	437	1585
NM_001099784	524	387	1851	595	428	356	384	695	438	1586
NM_001100	525	388	1461	596	7133	357	385	696	439	1587
NM_001100396	526	389	1852	597	5770	358	386	697	440	1588
NM_001100400	527	390	7510	598	2764	359	387	698	441	606
NM_001100595	528	391	1853	599	6419	360	388	699	442	1589
NM_001100619	529	392	1488	600	1595	361	389	700	443	1183
NM_001100625	530	393	1854	601	7170	362	390	701	444	1322
NM_001100816	531	394	1855	602	1804	363	391	702	445	1590
NM_001100829	532	395	7657	603	2765	364	392	703	446	803
NM_001101330	533	396	1856	604	5835	365	393	704	447	1591
NM_001101338	534	397	7567	605	2766	366	394	705	448	1592
NM_001101340	535	398	67	606	2767	367	395	150	449	1593
NM_001101372	536	399	1857	607	2768	368	396	706	450	124
NM_001105574	537	400	1858	608	2769	369	397	707	451	137
NM_001109903	538	401	1859	609	2770	370	398	708	452	1030
NM_001110215	539	402	1860	610	547	371	399	709	453	1594
NM_001110556	540	403	504	611	2771	372	400	710	454	6682
NM_001112704	541	404	1861	612	2772	373	401	711	455	925
NM_001113495	542	405	1862	613	195	374	402	712	456	1595
NM_001113496	543	406	1050	614	2773	375	403	713	457	1596
NM_001113547	544	407	7450	615	2774	376	404	714	458	7034
NM_001114620	545	408	1863	616	215	377	405	715	459	1597
NM_001114633	546	409	1864	617	328	378	406	716	460	1598
NM_001114748	547	410	1191	618	2775	379	407	717	461	1599
NM_001122674	548	411	7233	619	2776	380	408	7504	462	566
NM_001122681	549	412	1865	620	283	381	409	718	463	1600
NM_001124	550	413	56	127	2571	382	410	719	464	6740
NM_001124758	551	414	1866	621	2543	383	411	720	465	85
NM_001126049	552	415	7667	622	2777	384	412	721	466	1601
NM_001126051	553	416	1867	623	7575	385	413	722	467	1602
NM_001126060	554	417	251	624	2778	386	414	723	468	1603
NM_001126063	555	418	7311	625	2779	387	415	724	469	581
NM_001127	556	419	282	626	2780	388	416	725	470	1604
NM_001127228	557	420	1868	627	7676	389	417	726	471	1605
NM_001127380	198	421	1869	628	2781	390	418	92	129	1606
NM_001127649	558	422	7181	629	5592	391	419	727	472	1607
NM_001127889	559	423	1870	630	7140	392	420	728	473	1608
NM_001128147	560	424	1871	631	7561	393	421	729	474	1609
NM_001128208	561	425	1133	632	2782	394	422	730	475	1610
NM_001128933	562	426	1872	633	2783	395	423	731	476	7776
NM_001129742	563	427	1873	634	7673	396	424	732	477	1611
NM_001129890	564	428	1874	635	997	397	425	733	478	1612
NM_001129908	565	429	1875	7761	2784	398	426	734	479	1613
NM_001130022	566	430	1876	636	6792	399	427	735	480	688
NM_001130071	567	431	1877	637	7396	400	428	736	481	1614
NM_001130183	568	432	1878	638	6627	401	429	737	482	830
NM_001130415	569	433	1879	639	6377	402	430	738	483	1615
NM_001130527	570	434	1880	640	658	403	431	739	484	1616
NM_001130677	571	435	7057	267	1226	404	432	740	485	485
NM_001130715	572	436	1881	641	1725	405	433	7636	486	1617
NM_001130849	573	437	1146	642	7134	406	434	741	487	1618
NM_001130913	574	438	7665	643	2785	407	435	742	488	1119
NM_001134223	575	439	1882	644	6680	408	436	743	489	1619
NM_001134316	576	440	1883	645	2786	409	437	744	490	1011
NM_001134437	577	441	1884	646	6260	410	438	745	491	1620
NM_001134848	578	442	7729	7784	5801	411	439	746	492	1621
NM_001135032	579	443	430	647	6261	412	440	747	493	1622
NM_001135147	207	444	1885	648	2367	413	441	748	494	788
NM_001135241	580	445	1886	649	372	414	442	749	495	7377
NM_001135575	581	446	7272	650	2787	415	443	750	496	1623
NM_001135592	582	447	1377	651	336	416	444	751	497	1624
NM_001135649	583	448	1887	652	2788	417	445	752	498	662
NM_001135663	584	449	1888	653	2789	418	446	753	499	371
NM_001135702	585	450	543	654	2790	419	447	754	500	1625
NM_001135733	586	451	1889	655	5935	420	448	755	501	1626
NM_001135750	587	452	1402	656	1763	421	449	756	502	6835
NM_001136004	588	453	1127	657	2791	422	450	757	503	1210
NM_001136051	589	454	1890	658	5889	423	451	758	504	1627
NM_001136134	590	455	1891	659	1227	424	452	759	505	1628
NM_001136156	591	456	591	660	2792	425	453	760	506	1629
NM_001136204	592	457	1892	661	5890	426	454	761	507	1630
NM_001136232	593	458	7427	662	7013	427	455	762	508	1631
NM_001136262	594	459	7801	663	2793	428	456	763	509	1632
NM_001136271	595	460	1893	664	2794	429	457	764	510	419
NM_001137560	596	461	1894	665	2795	430	458	765	511	243
NM_001139	597	462	1895	666	1929	431	459	766	512	1633
NM_001141972	598	463	7228	667	251	432	460	7517	513	6893
NM_001142285	599	44	1896	668	2796	433	461	767	514	7003
NM_001142287	600	464	1897	669	145	434	462	768	515	1634
NM_001142298	601	465	7226	670	7482	435	463	769	516	6785
NM_001142571	602	466	1898	671	72	436	464	770	517	7500
NM_001142594	603	467	1899	672	6980	437	465	771	518	1635
NM_001142602	604	468	1639	270	1018	438	466	772	519	1636
NM_001142806	605	469	129	673	2361	439	467	773	520	1637
NM_001143678	606	470	1900	674	2797	440	468	774	521	7087
NM_001143781	607	471	1901	675	7428	441	469	775	522	1638
NM_001143821	608	472	1902	676	7573	442	470	776	523	6960
NM_001143827	609	473	1903	677	6420	443	471	777	524	1639
NM_001143853	610	474	1263	678	888	444	472	778	525	1640
NM_001143886	611	475	1904	679	966	445	473	779	526	1641
NM_001143937	612	476	1905	680	68	446	474	780	527	1642
NM_001143944	613	477	1906	681	6828	447	475	781	528	1643
NM_001143959	614	478	1907	682	6861	448	476	782	529	1644
NM_001143976	615	479	119	683	2620	449	477	783	530	1645
NM_001143993	616	480	1908	684	6190	450	478	784	531	1646
NM_001144000	617	481	1066	685	2798	451	479	785	532	1647
NM_001144916	618	482	1909	686	1544	452	480	786	533	1648
NM_001144950	619	483	1910	687	2799	453	481	787	534	7753
NM_001144990	620	484	1911	688	2800	454	482	788	136	370
NM_001144994	7780	485	7017	689	2801	455	483	789	535	279
NM_001145033	73	9	16	690	2802	456	30	790	536	1025
NM_001145044	621	486	1912	691	88	457	484	791	537	1241
NM_001145064	7801	487	1913	7735	2803	458	485	792	538	1649
NM_001145077	622	488	6956	692	2804	459	486	793	539	640
NM_001145080	623	489	1914	693	2805	460	487	7640	540	13
NM_001145115	624	490	7167	694	1805	461	488	794	541	1650
NM_001145145	625	61	1915	695	5991	462	489	795	542	1651
NM_001145155	626	491	1916	696	1420	463	490	796	543	7691
NM_001145165	627	492	1917	697	418	464	491	797	544	564
NM_001145176	628	493	507	698	2806	465	492	798	545	168
NM_001145204	629	494	1918	699	2807	466	493	799	546	7207
NM_001145205	630	495	1919	700	7765	467	494	800	547	963
NM_001145250	631	496	608	701	2808	468	495	801	548	858
NM_001145306	632	497	1920	702	613	469	496	802	549	1652
NM_001145357	633	498	656	703	2809	470	497	803	550	1653
NM_001145373	138	499	1921	704	2810	471	498	804	551	1654
NM_001145402	634	500	1922	705	2481	472	69	76	552	1136
NM_001145450	635	501	7405	706	5491	473	499	805	553	1655
NM_001145454	636	502	1923	707	2811	474	500	806	554	7145
NM_001145513	637	503	338	708	2812	475	501	807	555	1656
NM_001145639	638	504	1924	709	2813	476	502	808	556	7458
NM_001145641	639	505	1925	710	2155	477	503	809	557	1657
NM_001145678	640	506	1926	711	2814	478	504	810	558	7342
NM_001145710	641	507	1927	712	7647	479	505	811	559	1658
NM_001145720	642	508	1928	713	2815	480	506	812	560	255
NM_001145722	643	509	1929	714	6529	481	507	813	561	1659
NM_001145777	644	510	1223	715	5503	482	508	814	562	1166
NM_001145783	645	511	7155	716	2816	483	509	815	563	1088
NM_001145901	646	512	1930	717	1019	484	510	816	564	1660
NM_001146039	647	513	1931	718	1885	485	511	817	565	1380
NM_001146106	648	514	7339	192	2503	486	512	818	566	6757
NM_001146175	649	515	1932	719	6763	487	513	819	567	1661
NM_001146340	650	516	7240	720	2817	488	514	820	568	695
NM_001146686	651	517	1933	721	2333	489	515	821	569	1039
NM_001159279	652	518	1934	722	111	490	516	822	570	1662
NM_001159293	653	519	1935	723	1469	491	517	823	571	1663
NM_001159391	654	520	1936	724	6421	492	518	824	572	1664
NM_001159491	655	521	1937	725	6654	493	519	825	573	1665
NM_001159920	656	522	1938	726	112	494	520	826	574	1666
NM_001160094	657	523	1939	727	711	495	521	827	575	1667
NM_001160174	658	524	1940	728	535	496	522	7542	576	1668
NM_001160234	659	525	1941	729	6845	497	523	828	577	1669
NM_001160301	660	526	7434	730	2818	498	524	829	578	1670
NM_001161334	661	527	1942	731	311	499	525	830	579	1671
NM_001161376	662	528	1056	732	7578	500	526	296	580	1672
NM_001161520	663	529	1257	733	2819	501	527	831	581	1673
NM_001161528	664	530	1943	734	2820	502	528	7727	582	1674
NM_001162497	665	531	1944	735	2821	503	29	832	583	1675
NM_001163257	666	532	1945	736	2822	504	529	833	584	7238
NM_001163438	667	533	1946	737	7565	505	530	834	585	1676
NM_001164093	668	534	1947	738	548	506	531	835	586	1677
NM_001164234	669	535	986	739	2483	507	532	836	587	1678
NM_001164277	670	536	1948	740	2823	508	533	837	588	842
NM_001164283	671	537	1949	741	7042	509	534	838	589	1679
NM_001164356	672	538	1950	742	6742	510	535	839	590	1680
NM_001164372	673	539	7168	743	6317	511	536	840	591	1681
NM_001164382	674	540	1951	744	117	512	537	841	592	1682
NM_001164390	675	541	1952	40	2824	513	538	7624	593	1683
NM_001164405	676	542	1953	745	2825	514	539	842	594	40
NM_001164436	677	543	1954	746	6369	515	540	843	595	1684
NM_001164446	678	544	1955	7775	2826	516	541	844	596	1685
NM_001164549	679	545	1956	747	1470	517	542	845	597	1686
NM_001164715	680	546	1076	748	1649	518	543	846	598	1687
NM_001164723	681	547	1957	749	1886	519	544	847	599	1688
NM_001164766	682	548	1958	750	6896	520	545	848	600	1689
NM_001164825	683	549	1959	751	2827	521	546	849	601	846
NM_001165	19	550	1960	185	2828	522	547	850	602	1690
NM_001165252	684	551	1961	752	2829	523	548	48	603	1691
NM_001165255	685	552	492	753	2830	524	549	851	604	1692
NM_001165931	686	553	6957	754	2831	525	550	852	605	404
NM_001166133	687	554	1962	755	1566	526	551	853	606	1693
NM_001166169	688	555	1963	756	7178	527	552	854	607	1694
NM_001166237	689	556	1964	757	1567	528	553	855	608	6697
NM_001167676	690	557	133	758	2466	529	554	856	609	1695
NM_001167947	691	558	1965	759	272	530	555	857	610	1696
NM_001168214	692	559	1966	760	2832	531	556	858	611	612
NM_001168364	693	560	1967	761	6453	532	557	859	612	1697
NM_001168368	694	561	1968	762	141	533	558	860	613	6701
NM_001168388	695	562	1409	763	2833	534	559	861	614	7743
NM_001168389	696	563	1969	764	2834	535	560	862	615	7661
NM_001169111	697	564	1970	765	659	536	561	863	616	1698
NM_001170719	698	565	1503	766	382	537	562	864	617	1699
NM_001170755	699	566	1971	767	7311	538	563	865	618	1700
NM_001171162	700	567	7721	768	2835	539	564	866	619	1701
NM_001171868	701	568	1583	769	1764	540	565	867	620	1702
NM_001172	702	569	6963	770	2558	541	566	868	621	96
NM_001172430	703	570	1972	771	6555	542	567	869	622	1703
NM_001172557	704	571	1587	772	1058	543	568	870	623	1704
NM_001172567	705	572	1973	773	493	544	569	871	624	1705
NM_001172639	706	573	1974	774	121	545	570	872	625	1706
NM_001172697	707	574	1975	775	7432	546	571	873	626	1707
NM_001172699	708	575	1976	776	7625	547	572	874	627	1708
NM_001172818	709	576	1977	777	764	548	573	875	628	1709
NM_001172895	710	577	1978	778	1999	549	574	876	629	6839
NM_001172896	711	578	1979	779	2836	550	575	877	630	7650
NM_001173408	712	579	1980	780	377	551	576	878	631	1710
NM_001173989	713	580	1981	781	2448	552	577	879	632	1001
NM_001174097	714	581	7646	782	2837	553	578	880	633	1384
NM_001176	715	582	1982	783	2838	554	579	881	7790	180
NM_001177	716	583	7727	784	2589	555	580	882	634	1711
NM_001178135	717	584	1983	785	6191	556	581	883	635	1712
NM_001184717	718	585	1984	786	1505	557	582	884	636	6715
NM_001184742	719	586	1985	787	967	558	583	885	637	1713
NM_001184748	720	587	899	788	2839	559	584	886	638	1714
NM_001184783	721	588	854	789	2840	560	585	887	639	1715
NM_001184815	722	589	1986	790	6583	561	586	888	640	1716
NM_001184898	723	590	1987	791	5992	562	587	889	641	1717
NM_001185	724	591	1988	792	2841	563	588	890	642	656
NM_001185009	725	592	1989	793	6136	564	589	891	643	1718
NM_001189	726	593	7055	794	2842	565	590	892	644	782
NM_001190438	727	594	1990	795	1471	566	591	893	645	1719
NM_001190452	728	595	464	796	13	567	592	3	646	1720
NM_001190467	729	596	1991	797	686	568	593	894	647	281
NM_001190470	730	597	1130	798	6618	569	594	96	648	1721
NM_001190472	731	598	1559	799	5431	570	595	106	649	1722
NM_001190476	732	599	1601	800	2843	571	596	61	650	1723
NM_001190478	733	600	1992	801	2844	572	21	111	651	1358
NM_001190479	734	601	1993	7766	2845	573	597	895	652	327
NM_001190484	735	602	1994	802	6192	574	598	896	653	1724
NM_001190489	736	603	1995	803	6454	575	599	897	654	1725
NM_001190702	737	604	1073	804	7273	576	600	62	655	1726
NM_001190708	738	605	1538	805	5731	577	601	13	656	1727
NM_001190730	739	606	585	806	2846	578	602	898	657	1728
NM_001190796	740	607	1996	807	7592	579	603	899	658	1729
NM_001190943	741	608	1997	53	2463	580	604	900	659	1730
NM_001190980	742	609	576	808	2847	581	605	901	660	1731
NM_001193281	743	610	1998	809	6923	582	606	902	661	1732
NM_001193331	744	611	7595	810	5579	583	607	903	662	1733
NM_001193375	745	612	1395	811	1568	584	608	904	663	1734
NM_001193466	746	613	413	812	2848	585	609	905	664	1735
NM_001194	747	614	1999	7726	7116	586	610	906	665	1736
NM_001195076	748	615	2000	813	2849	587	611	907	666	448
NM_001195135	749	616	303	814	2850	588	612	908	667	1737
NM_001195216	750	617	7024	815	7560	589	613	7577	668	1738
NM_001195571	751	618	680	816	2851	590	14	909	669	1739
NM_001195620	752	619	7183	817	7141	591	614	910	670	1099
NM_001197	753	620	502	818	2852	592	615	911	671	44
NM_001197181	754	621	2001	819	2853	593	616	912	672	7082
NM_001197294	755	622	2002	820	144	594	617	913	673	1740
NM_001198683	756	623	7623	821	2854	595	618	914	674	1741
NM_001198754	757	624	2003	822	1336	596	619	915	675	1742
NM_001198777	758	625	2004	823	6509	597	620	916	676	1272
NM_001198899	759	626	2005	824	422	598	621	917	677	1743
NM_001198954	760	627	184	825	2855	599	622	918	678	1744
NM_001198979	761	628	2006	826	6793	600	623	919	679	1745
NM_001198980	762	629	2007	827	843	601	624	920	680	1746
NM_001199011	763	630	2008	828	968	602	625	921	681	1747
NM_001199039	764	631	2009	829	2351	603	626	922	682	1748
NM_001199241	765	632	2010	830	2038	604	627	378	683	1749
NM_001199322	766	633	2011	831	6897	605	628	923	684	1750
NM_001199382	767	634	865	832	2856	606	629	924	685	1751
NM_001199383	768	635	2012	833	2568	607	630	925	686	1008
NM_001199455	769	636	80	834	2857	608	631	926	687	1752
NM_001199456	770	637	322	835	2858	609	632	927	688	1753
NM_001199622	771	638	2013	28	2859	610	633	263	82	1754
NM_001199691	772	639	92	836	2860	611	634	928	689	1755
NM_001199692	773	640	2014	837	2240	612	635	929	690	652
NM_001199758	774	641	1468	838	1421	613	636	930	691	1756
NM_001199760	775	642	2015	839	712	614	637	931	692	1757
NM_001199837	776	643	2016	132	2861	615	638	932	693	1758
NM_001199856	777	644	7460	840	2414	616	639	933	694	1759
NM_001199954	778	645	2017	841	5891	617	640	934	695	7365
NM_001200016	779	646	2018	842	7629	618	641	935	696	1760
NM_001200050	780	647	2019	843	464	619	642	936	697	1761
NM_001201334	781	648	2020	844	6743	620	643	937	698	1762
NM_001202234	782	649	2021	845	2257	621	644	188	699	1763
NM_001202439	783	650	7006	846	2862	622	645	938	700	216
NM_001203245	784	651	2022	847	998	623	646	939	701	1381
NM_001204083	785	652	2023	848	1569	624	647	940	702	1764
NM_001204086	786	653	1340	849	2863	625	648	398	703	7440
NM_001204107	787	654	592	850	2864	626	649	941	704	1765
NM_001204265	788	655	1072	851	5993	627	650	942	705	1766
NM_001204514	789	656	2024	852	6530	628	651	943	706	1767
NM_001205252	790	657	171	853	2865	629	652	944	707	1185
NM_001205272	791	658	2025	854	7750	630	653	945	708	1768
NM_001205281	792	659	7065	855	7552	631	654	946	709	6760
NM_001206484	793	660	915	856	2866	632	655	947	710	7142
NM_001206602	794	661	7478	857	2867	633	656	948	711	7315
NM_001206774	795	662	2026	858	1765	634	657	949	712	1769
NM_001206878	796	663	310	859	2868	635	658	950	713	1770
NM_001206951	797	664	372	860	5520	636	659	951	714	1771
NM_001206952	798	665	433	861	2869	637	660	952	715	1772
NM_001206998	799	666	1363	862	1679	638	661	953	716	1773
NM_001207052	800	667	186	863	2870	639	662	954	7787	1774
NM_001211	801	668	7334	864	2871	640	663	955	717	1775
NM_001220778	802	669	237	865	2258	641	664	956	718	6781
NM_001232	803	670	2027	866	7666	642	665	957	719	1776
NM_001237	7791	671	2028	867	2872	643	666	958	720	1777
NM_001242318	804	672	2029	868	5616	644	667	959	721	741
NM_001242374	805	673	7681	869	2873	645	668	960	722	1778
NM_001242589	806	674	2030	870	7736	646	669	961	723	1779
NM_001242680	807	675	2031	871	2874	647	670	962	724	301
NM_001242704	808	676	2032	872	5664	648	671	963	725	1092
NM_001242740	809	677	6998	873	6556	649	672	964	726	1780
NM_001242774	810	678	2033	874	1107	650	673	965	727	1781
NM_001242795	811	679	2034	875	5794	651	674	966	728	1782
NM_001242801	812	680	2035	876	7474	652	675	967	729	1035
NM_001242828	813	681	2036	877	410	653	676	968	730	1783
NM_001242936	814	682	2037	878	7061	654	677	969	731	1784
NM_001243079	815	683	82	879	2875	655	678	970	732	424
NM_001243084	816	684	1077	880	1841	656	679	971	733	7198
NM_001243094	817	685	2038	881	6262	657	680	972	734	1785
NM_001243137	818	686	2039	882	6724	658	681	973	735	1786
NM_001243194	819	687	2040	883	523	659	682	974	736	1015
NM_001243253	820	688	926	884	2876	660	683	975	737	1787
NM_001243299	821	689	930	885	713	661	684	976	738	1788
NM_001243403	822	690	596	886	2877	662	685	977	739	1789
NM_001243423	823	691	2041	887	6134	663	686	978	740	1790
NM_001243425	824	692	2042	888	6655	664	687	979	741	6734
NM_001243571	825	693	2043	889	1570	665	688	980	742	1300
NM_001243719	826	694	855	890	2878	666	689	981	743	1791
NM_001243745	827	695	2044	891	878	667	690	982	744	1142
NM_001243746	828	696	2045	892	2168	668	691	983	745	6877
NM_001243770	829	697	1171	893	2879	669	692	984	746	1792
NM_001243775	830	698	2046	894	2880	670	693	985	747	7639
NM_001243877	831	699	7516	895	99	671	694	986	748	1793
NM_001244585	832	700	1554	896	6378	672	695	987	749	1794
NM_001244706	833	701	2047	897	6288	673	696	988	750	1795
NM_001244713	834	702	2048	898	969	674	697	989	751	1796
NM_001248000	835	703	2049	899	7658	675	698	990	752	1797
NM_001248006	836	704	1078	900	1506	676	699	991	753	1798
NM_001251978	837	705	2050	901	7099	677	700	992	754	1799
NM_001252007	838	706	2051	902	5615	678	701	993	755	1800
NM_001252053	839	707	7291	903	2881	679	702	994	756	747
NM_001252124	840	708	2052	904	2161	680	703	995	757	957
NM_001252273	841	709	431	905	1195	681	704	996	758	6867
NM_001252290	842	710	2053	286	6398	682	705	997	759	1801
NM_001252612	843	711	2054	906	7460	683	706	998	760	1802
NM_001253389	844	712	2055	907	826	684	707	999	761	1803
NM_001253909	845	713	2056	908	2000	685	708	1000	762	1804
NM_001253913	846	714	2057	909	1507	686	709	1001	763	1805
NM_001254733	847	7804	2058	910	5861	687	710	1002	764	1806
NM_001254949	848	715	2059	911	1400	688	711	1003	765	1807
NM_001255	849	716	2060	912	1994	689	712	1004	766	1808
NM_001256030	850	717	2061	255	5862	690	713	1005	767	1809
NM_001256302	851	718	2062	913	2882	691	714	177	768	1810
NM_001256410	852	719	2063	914	660	692	715	1006	769	1811
NM_001256418	853	720	2064	915	6725	693	716	1007	770	947
NM_001256443	854	721	1341	916	2883	694	717	1008	771	7431
NM_001256477	855	722	2065	25	6959	695	718	1009	772	1812
NM_001256661	856	723	649	917	2884	696	719	1010	773	6709
NM_001256799	857	724	1545	918	6764	697	720	1011	774	7534
NM_001256821	858	725	2066	919	446	698	721	1012	775	1813
NM_001256830	859	726	948	920	2885	699	722	1013	776	1814
NM_001257134	860	727	2067	921	1726	700	723	1014	777	366
NM_001257194	861	728	2068	922	1337	701	724	1015	778	1815
NM_001257195	862	729	2069	923	7340	702	725	1016	779	1816
NM_001257335	863	730	2070	924	738	703	726	1017	780	1817
NM_001257390	864	731	2071	925	1059	704	727	1018	781	1818
NM_001257975	865	732	728	926	2886	705	728	1019	782	1819
NM_001258248	866	733	373	927	2887	706	729	1020	783	1820
NM_001258280	867	734	2072	928	868	707	730	1021	784	1821
NM_001258311	868	735	2073	929	2888	708	731	1022	785	607
NM_001258320	869	736	2074	930	2332	709	732	1023	786	1822
NM_001258359	870	737	2075	931	2889	710	733	166	787	1823
NM_001258384	871	738	1241	932	518	711	734	1024	788	1824
NM_001258400	872	739	7734	933	5440	712	735	1025	789	6693
NM_001258406	873	740	2076	79	1598	713	736	1026	46	1825
NM_001260506	874	741	799	934	2890	714	737	1027	790	1826
NM_001261390	875	742	2077	935	5863	715	738	1028	791	1827
NM_001265582	876	743	1269	936	693	716	739	1029	792	1828
NM_001267043	877	744	442	937	2506	717	740	1030	793	1829
NM_001267045	878	745	2078	938	1650	718	741	1031	794	1411
NM_001267047	879	746	2079	939	2891	719	742	1032	795	7333
NM_001267058	880	747	2080	940	1979	720	743	1033	796	1830
NM_001267561	881	748	2081	941	2227	721	744	1034	797	1831
NM_001267598	882	749	2082	942	7603	722	745	1035	798	1832
NM_001267716	883	750	2083	943	2892	723	746	1036	799	592
NM_001268284	884	751	2084	944	2039	724	747	1037	800	1833
NM_001270433	885	752	454	945	2893	725	748	1038	801	1834
NM_001270643	886	753	2085	946	1727	726	749	1039	7789	1835
NM_001270930	887	754	2086	68	2040	727	750	1040	802	1836
NM_001271520	888	755	2087	947	2076	728	751	1041	803	1837
NM_001271560	889	756	2088	948	2894	729	752	1042	804	923
NM_001271774	890	757	800	949	2427	730	753	1043	805	1838
NM_001271825	891	758	2089	950	1599	731	754	1044	806	1839
NM_001271893	892	759	7263	951	2895	732	755	1045	807	7718
NM_001271957	893	760	2090	952	6422	733	756	1046	808	1840
NM_001271978	894	761	2091	953	6289	734	757	1047	809	1841
NM_001272096	895	762	1446	954	1371	735	758	1048	810	6812
NM_001276274	896	763	2092	955	2001	736	759	1049	811	1842
NM_001276293	897	764	459	956	2896	737	760	1050	812	1843
NM_001276325	898	765	2093	957	1887	738	761	1051	813	1844
NM_001276373	899	766	2094	958	1372	739	762	1052	814	1845
NM_001276414	900	767	2095	959	7430	740	763	1053	815	6953
NM_001276501	901	45	2096	960	2897	741	764	1054	816	7084
NM_001276718	902	768	2097	961	999	742	765	1055	817	1846
NM_001277145	903	769	2098	962	2898	743	766	134	818	1847
NM_001277200	904	770	2099	963	6584	744	767	1056	819	1848
NM_001277223	905	771	2100	964	7375	745	768	1057	820	1849
NM_001277224	906	772	2101	965	7548	746	769	1058	821	1850
NM_001277291	907	773	2102	966	7344	747	770	1059	822	1851
NM_001278160	908	774	2103	105	2899	748	771	229	823	1852
NM_001278173	909	775	2104	967	6109	749	772	1060	824	1853
NM_001278195	910	776	7086	968	6423	750	773	1061	825	1854
NM_001278196	911	777	765	969	2900	751	774	1062	826	1855
NM_001278235	912	778	2105	970	7706	752	775	1063	827	6957
NM_001278299	913	779	2106	971	1888	753	776	1064	828	1856
NM_001278311	914	780	2107	972	6399	754	777	1065	829	1857
NM_001278409	915	781	2108	973	7117	755	778	1066	830	1858
NM_001278507	916	782	2109	974	844	756	779	1067	831	1859
NM_001278552	917	783	2110	975	291	757	780	1068	832	1860
NM_001278682	918	784	2111	976	308	758	781	1069	833	1861
NM_001278713	919	785	2112	977	1508	759	782	1070	834	1107
NM_001278736	57	786	2113	121	592	760	783	1071	835	1862
NM_001278926	920	787	2114	978	1952	761	784	1072	836	948
NM_001278946	921	788	2115	979	605	762	785	1073	837	1863
NM_001281440	922	789	528	980	2901	763	786	1074	838	1864
NM_001281463	923	790	2116	981	6318	764	787	1075	839	1865
NM_001281717	924	791	1165	982	2902	765	788	1076	840	1866
NM_001281746	925	792	2117	983	2903	766	789	18	841	1867
NM_001282162	926	793	916	984	2904	767	790	1077	842	1209
NM_001282169	927	794	2118	985	1275	768	791	1078	843	1868
NM_001282332	928	795	2119	986	845	769	792	1079	844	1869
NM_001282334	929	796	1565	987	2314	770	793	1080	845	1870
NM_001282351	930	797	6954	988	970	771	794	1081	846	1871
NM_001282387	164	798	2120	989	2905	772	795	1082	847	1325
NM_001282457	931	799	2121	990	1619	773	796	1083	848	1872
NM_001282492	932	800	291	991	2906	774	797	1084	849	1873
NM_001282499	933	801	1472	992	6953	775	798	1085	850	1874
NM_001282506	934	2	2122	993	2907	776	799	1086	851	1875
NM_001282583	935	802	1141	994	2908	777	800	1087	852	6924
NM_001282611	936	803	2123	995	2909	778	801	1088	853	903
NM_001282617	937	804	2124	996	393	779	802	1089	854	1106
NM_001282619	938	805	2125	997	2910	780	803	1090	855	7559
NM_001282624	939	806	2126	998	2911	781	804	1091	856	7282
NM_001282630	940	807	333	999	2912	782	805	399	857	1876
NM_001282652	941	808	2127	1000	6966	783	806	1092	858	1085
NM_001282658	942	809	2128	1001	614	784	807	1093	859	6755
NM_001282668	943	810	2129	1002	690	785	808	1094	860	1877
NM_001282859	944	811	1265	1003	419	786	809	1095	861	1385
NM_001282931	945	812	2130	1004	7233	787	810	1096	862	1878
NM_001282941	946	813	2131	1005	170	788	811	7566	863	1879
NM_001284325	947	814	7282	1006	827	789	812	1097	864	1880
NM_001284349	948	815	2132	1007	2041	790	813	1098	865	1881
NM_001284357	949	816	629	1008	2913	791	814	1099	866	7352
NM_001285	950	817	2133	1009	6726	792	815	149	867	1882
NM_001286129	951	818	7418	1010	2511	793	816	1100	868	1883
NM_001286265	952	819	2134	1011	7067	794	817	1101	869	1884
NM_001286279	953	820	1607	1012	77	795	818	1102	870	1885
NM_001286379	954	821	12	1013	2914	796	819	1103	871	1886
NM_001286409	955	822	2135	1014	1373	797	820	1104	872	1887
NM_001286440	956	823	2136	1015	1325	798	821	1105	873	1888
NM_001286456	957	824	611	1016	2042	799	822	1106	874	703
NM_001286559	958	825	2137	1017	7684	800	823	1107	875	1889
NM_001286565	959	826	2138	1018	369	801	824	1108	876	1890
NM_001286623	960	827	2139	1019	6400	802	825	1109	877	1891
NM_001286645	961	828	2140	1020	2915	803	826	45	878	1892
NM_001286687	962	829	2141	1021	156	804	827	1110	879	1893
NM_001286708	963	830	2142	1022	456	805	828	1111	880	1894
NM_001286723	964	831	2143	1023	6585	806	829	1112	881	1895
NM_001286794	965	832	2144	1024	1276	807	830	1113	882	1896
NM_001286821	966	833	7050	1025	739	808	831	1114	883	1897
NM_001287011	967	834	2145	1026	2916	809	832	1115	884	7414
NM_001287427	968	835	1390	1027	1889	810	833	260	885	1898
NM_001287434	969	836	2146	1028	7469	811	834	1116	886	1899
NM_001287510	970	837	2147	1029	971	812	835	1117	887	1900
NM_001287524	971	838	2148	1030	587	813	836	1118	888	1901
NM_001287801	972	839	2149	1031	6290	814	837	1119	889	6842
NM_001288609	973	840	227	1032	5773	815	838	1120	890	1902
NM_001288610	974	841	901	1033	2917	816	839	1121	891	1903
NM_001288747	975	842	2150	1034	5936	817	840	1122	892	1904
NM_001288760	976	843	2151	1035	6990	818	841	1123	893	1905
NM_001288805	977	844	1613	1036	7171	819	842	1124	894	1906
NM_001288807	978	845	2152	1037	1338	820	843	1125	895	1907
NM_001289053	979	846	214	1038	2918	821	844	1126	896	1908
NM_001289132	980	847	7215	1039	1509	822	845	1127	897	1909
NM_001289139	981	848	369	1040	2919	823	846	1128	898	1910
NM_001289160	982	849	2153	1041	2043	824	847	1129	899	1911
NM_001289174	983	850	1006	1042	7602	825	848	1130	900	1912
NM_001289400	984	851	2154	1043	6110	826	849	1131	901	1913
NM_001289773	985	852	2155	1044	6586	827	850	1132	902	1914
NM_001289972	986	853	2156	1045	1766	828	851	1133	903	1915
NM_001290009	987	854	2157	1046	5764	829	852	1134	904	1916
NM_001290018	988	855	1641	1047	576	830	853	1135	905	1917
NM_001290131	989	856	624	1048	2920	831	854	1136	906	1918
NM_001290184	990	857	2158	1049	7249	832	855	1137	907	1919
NM_001290189	991	858	2159	1050	1728	833	856	1138	908	7286
NM_001290190	992	859	2160	1051	2921	834	857	1139	909	7564
NM_001290325	993	860	2161	1052	6880	835	858	1140	910	1222
NM_001290768	994	861	2162	1053	1247	836	859	1141	911	1920
NM_001290983	995	862	2163	1054	6967	837	860	1142	912	1921
NM_001291281	996	863	2164	1055	2922	838	861	1143	913	121
NM_001291428	997	864	2165	1056	877	839	862	1144	914	1922
NM_001291510	998	865	2166	183	2923	840	863	1145	915	1923
NM_001291549	999	866	811	1057	2924	841	864	1146	916	1924
NM_001291739	1000	867	139	1058	2925	842	865	1147	917	1925
NM_001291825	1001	868	2167	1059	1020	843	866	1148	918	1926
NM_001291832	1002	869	2168	288	2926	844	867	1149	919	1090
NM_001291964	1003	870	746	1060	2927	845	868	1150	920	1927
NM_001291976	1004	871	2169	1061	2928	846	869	25	921	1928
NM_001291986	1005	872	217	1062	972	847	870	1151	922	1929
NM_001292019	1006	873	2170	1063	6137	848	871	1152	923	1930
NM_001292023	1007	874	2171	1064	2129	849	872	1153	924	7304
NM_001292025	1008	875	2172	1065	7475	850	873	1154	925	1931
NM_001292030	1009	876	2173	1066	2929	851	874	1155	926	7285
NM_001293212	1010	877	2174	1067	2930	852	875	1156	927	558
NM_001293696	1011	878	812	1068	2931	853	876	1157	928	1932
NM_001293697	1012	879	586	1069	2932	854	877	1158	929	1933
NM_001294	1013	880	2175	1070	7476	855	878	1159	930	1934
NM_001294306	1014	881	7098	1071	2933	856	879	1160	931	16
NM_001295	1015	882	2176	1072	2200	857	880	1161	12	1935
NM_001297567	1016	883	2177	1073	176	858	881	1162	932	1936
NM_001297642	1017	884	2178	1074	2934	859	882	1163	933	7088
NM_001297662	1018	885	2179	1075	2935	860	883	1164	934	676
NM_001300849	1019	886	995	1076	2530	861	884	1165	935	1937
NM_001300897	1020	887	7769	1077	2936	862	885	1166	936	1938
NM_001300925	1021	888	2180	1078	6681	863	886	1167	937	1939
NM_001301027	1022	889	2181	1079	2937	864	887	238	938	1940
NM_001301035	1023	890	1441	1080	6138	865	888	1168	939	1941
NM_001301317	1024	891	2182	1081	7086	866	889	1169	940	1942
NM_001301324	1025	892	2183	1082	2938	867	890	1170	941	531
NM_001301410	1026	893	7022	1083	5732	868	891	1171	942	1943
NM_001301733	1027	894	2184	1084	2939	869	892	1172	943	517
NM_001301782	1028	895	2185	1085	2529	870	893	1173	944	7331
NM_001302	1029	896	2186	1086	7606	871	894	1174	945	1944
NM_001302644	1030	897	2187	1087	6710	872	895	1175	946	1945
NM_001303047	1031	898	2188	1088	1571	873	896	1176	947	1946
NM_001303049	1032	899	2189	1089	7259	874	897	7532	948	1947
NM_001303098	1033	900	2190	1090	765	875	898	1177	949	1948
NM_001303125	1034	901	2191	1091	1339	876	899	1178	950	1949
NM_001303241	1035	902	1588	1092	92	877	900	1179	951	1950
NM_001303251	1036	903	2192	1093	714	878	901	1180	952	1951
NM_001303405	1037	904	7653	1094	2940	879	902	1181	953	1952
NM_001303501	1038	905	2193	1095	2941	880	903	1182	954	7208
NM_001303530	1039	906	1504	1096	2942	881	904	1183	955	7116
NM_001303618	1040	907	2194	1097	6587	882	905	1184	956	1953
NM_001304341	1041	908	2195	1098	1767	883	906	1185	957	1334
NM_001304359	1042	909	77	1099	2510	884	907	1186	958	1954
NM_001304371	1043	910	2196	1100	1108	885	908	1187	959	577
NM_001304438	1044	911	7209	1101	2943	886	909	1188	960	88
NM_001304723	1045	912	741	1102	2944	887	910	1189	961	1955
NM_001304793	1046	913	7794	1103	2945	888	911	1190	962	1956
NM_001304799	1047	914	2197	1104	6981	889	912	1191	963	1275
NM_001304834	1048	915	2198	1105	2002	890	913	1192	964	1957
NM_001305	1049	916	970	7764	2946	891	914	1193	965	1294
NM_001305000	1050	917	7536	1106	2077	892	915	1194	966	1958
NM_001305275	1051	918	2199	1107	2320	893	916	343	967	1959
NM_001305878	1052	919	249	1108	2947	894	917	1195	968	1960
NM_001306	1053	920	1566	1109	2948	895	918	1196	969	179
NM_001306080	1054	921	856	1110	2428	896	919	1197	970	7242
NM_001306091	1055	922	2200	1111	794	897	920	1198	971	1961
NM_001306141	1056	923	762	1112	2949	898	921	1199	972	1962
NM_001307924	1057	924	761	1113	481	899	922	1200	973	1963
NM_001307978	1058	925	7528	1114	5937	900	923	1201	974	1964
NM_001308036	1059	926	2201	1115	7009	901	924	1202	975	1965
NM_001308043	1060	927	7197	60	2387	902	925	1203	976	6822
NM_001308078	1061	928	2202	1116	615	903	926	190	977	1966
NM_001308123	1062	929	574	1117	2950	904	927	1204	978	1967
NM_001308491	1063	930	2203	1118	353	905	928	1205	979	1968
NM_001310148	1064	931	2204	1119	6960	906	929	1206	980	1969
NM_001310160	1065	932	1210	1120	2951	907	930	1207	981	1970
NM_001310213	1066	933	2205	1121	6455	908	931	1208	982	1971
NM_001310315	1067	934	153	1122	2952	909	932	208	983	1972
NM_001311	1068	935	587	1123	5518	910	933	1209	984	516
NM_001311160	1069	936	2206	1124	2953	911	934	1210	985	7374
NM_001311199	1070	937	1615	1125	928	912	935	1211	986	1973
NM_001313972	1071	938	2207	1126	6829	913	936	1212	987	1974
NM_001316306	1072	939	2208	1127	6830	914	937	1213	988	1975
NM_001316324	1073	940	1107	1128	429	915	938	1214	989	1976
NM_001316978	1074	941	785	1129	1374	916	939	1215	990	1977
NM_001317007	1075	942	2209	1130	7526	917	940	1216	991	7000
NM_001317075	1076	943	2210	1131	6263	918	941	1217	992	1978
NM_001317094	1077	944	1155	1132	2954	919	942	1218	993	1979
NM_001317138	1078	945	2211	1133	2955	920	943	220	994	1980
NM_001317157	1079	946	2212	1134	884	921	944	1219	995	1981
NM_001317163	1080	947	2213	1135	6456	922	945	1220	996	1982
NM_001317406	1081	7794	7188	1136	2956	923	946	1221	997	126
NM_001317741	1082	948	2214	1137	6510	924	947	1222	998	1284
NM_001317918	1083	949	259	1138	2519	925	948	1223	999	1983
NM_001318099	1084	950	2215	1139	6291	926	949	1224	1000	1984
NM_001318207	126	951	2216	1140	2957	927	950	1225	1001	1985
NM_001318240	1085	952	2217	1141	2151	928	951	1226	1002	1986
NM_001318370	1086	953	7317	1142	2958	929	952	1227	1003	1987
NM_001318371	1087	954	2218	1143	7733	930	953	1228	1004	1262
NM_001318374	1088	955	7776	1144	2959	931	954	1229	1005	1988
NM_001318390	1089	956	2219	1145	1719	932	955	1230	1006	1989
NM_001318492	1090	957	2220	1146	6193	933	956	1231	1007	1990
NM_001318536	1091	958	2221	1147	1070	934	957	1232	1008	1991
NM_001318539	1092	959	7336	1148	2960	935	958	1233	1009	7525
NM_001318716	1093	960	2222	1149	6765	936	959	1234	1010	1992
NM_001318728	1094	961	2223	1150	2044	937	960	1235	1011	1993
NM_001318769	1095	962	2224	1151	1375	938	961	1236	1012	1994
NM_001318770	1096	963	2225	1152	598	939	962	1237	1013	1995
NM_001318833	1097	964	6971	1153	1768	940	963	1238	1014	1996
NM_001318876	1098	965	2226	1154	1806	941	964	1239	1015	6846
NM_001318882	1099	966	2227	1155	1953	942	965	1240	1016	1997
NM_001318909	1100	967	508	1156	5443	943	966	1241	1017	1998
NM_001318943	1101	968	1159	1157	2961	944	967	1242	1018	1999
NM_001319052	1102	969	2228	1158	2962	945	968	1243	1019	7690
NM_001319108	1103	970	2229	1159	2003	946	969	1244	1020	2000
NM_001319119	1104	971	2230	1160	6194	947	970	1245	1021	2001
NM_001319181	1105	972	2231	1161	1154	948	971	1246	1022	7252
NM_001319225	1106	973	1095	1162	2963	949	972	1247	1023	7571
NM_001319226	1107	974	593	1163	5547	950	973	1248	1024	2002
NM_001319232	1108	975	2232	1164	2078	951	974	1249	1025	1161
NM_001319243	1109	976	2233	1165	1472	952	975	1250	1026	2003
NM_001319302	1110	27	2234	1166	5437	953	976	1251	1027	2004
NM_001319655	1111	977	2235	1167	303	954	977	1252	1028	6723
NM_001319658	1112	978	2236	1168	6906	955	978	1253	1029	2005
NM_001320032	1113	979	307	1169	2580	956	979	1254	1030	2006
NM_001320151	1114	980	2237	160	2582	957	980	1255	1031	2007
NM_001320222	1115	981	2238	1170	1510	958	981	7509	1032	2008
NM_001320296	1116	982	2239	1171	729	959	982	1256	1033	7441
NM_001320558	1117	983	2240	1172	2964	960	983	1257	1034	990
NM_001320559	1118	984	2241	1173	5892	961	984	1258	1035	6951
NM_001320597	1119	985	673	1174	2965	962	985	1259	1036	2009
NM_001320675	1120	986	2242	1175	699	963	986	1260	1037	2010
NM_001320741	1121	987	2243	1176	402	964	987	1261	1038	2011
NM_001320750	1122	988	1622	1177	1583	965	988	1262	1039	2012
NM_001320792	1123	989	2244	1178	7234	966	989	1263	1040	2013
NM_001320801	1124	990	2245	1179	973	967	990	1264	1041	2014
NM_001320804	1125	991	2246	1180	7125	968	991	1265	1042	2015
NM_001320893	1126	992	2247	1181	577	969	992	1266	1043	2016
NM_001320937	1127	993	2248	1182	7390	970	993	1267	1044	2017
NM_001320942	1128	994	710	1183	2966	971	994	1268	1045	2018
NM_001321023	1129	995	2249	1184	1109	972	995	1269	1046	665
NM_001321110	1130	996	2250	1185	599	973	996	1270	1047	2019
NM_001321230	1131	997	2251	1186	859	974	997	1271	1048	2020
NM_001321287	1132	998	2252	1187	1842	975	998	1272	1049	2021
NM_001321367	1133	999	2253	1188	5449	976	999	1273	1050	7549
NM_001321518	1134	1000	2254	1189	1228	977	1000	7649	1051	2022
NM_001321732	1135	1001	2255	1190	6816	978	1001	1274	1052	2023
NM_001321747	1136	1002	2256	1191	2079	979	1002	1275	1053	2024
NM_001321810	1137	1003	2257	1192	6044	980	1003	1276	1054	6967
NM_001321814	1138	1004	2258	1193	2967	981	1004	7674	1055	2025
NM_001321892	1139	1005	1358	1194	384	982	1005	1277	1056	2026
NM_001322	1140	1006	2259	1195	5994	983	1006	1278	1057	2027
NM_001322038	1141	1007	2260	1196	6907	984	1007	1279	1058	2028
NM_001322248	1142	1008	2261	1197	1954	985	1008	1280	1059	2029
NM_001322263	1143	1009	2262	1198	2968	986	1009	1281	1060	7134
NM_001322462	1144	1010	2263	1199	6682	987	1010	1282	1061	2030
NM_001322816	31	1011	2264	95	2498	988	1011	24	1062	7017
NM_001322820	1145	1012	2265	1200	7794	989	1012	1283	1063	2031
NM_001322842	1146	1013	71	293	2250	990	1013	1284	1064	1251
NM_001323011	1147	1014	2266	1201	6457	991	1014	1285	1065	1196
NM_001323030	1148	1015	2267	1202	7694	992	1015	1286	1066	2032
NM_001323067	1149	1016	657	1203	2969	993	1016	1287	1067	2033
NM_001323258	1150	1017	2268	1204	6458	994	1017	1288	1068	2034
NM_001323890	1151	1018	2269	1205	6018	995	1018	1289	1069	2035
NM_001324031	1152	1019	551	1206	2970	996	1019	1290	1070	2036
NM_001324069	1153	1020	2270	1207	362	997	1020	1291	1071	2037
NM_001324081	1154	1021	610	1208	2971	998	1021	1292	1072	2038
NM_001324309	1155	1022	28	1209	2972	999	1022	1293	1073	2039
NM_001324462	1156	1023	2271	1210	1807	1000	1023	267	1074	7712
NM_001324506	1157	1024	2272	1211	7142	1001	1024	1294	1075	2040
NM_001326	1158	1025	2273	1212	2973	1002	1025	1295	1076	1009
NM_001326610	1159	1026	2274	1213	6424	1003	1026	1296	1077	2041
NM_001328662	1160	1027	2275	1214	2388	1004	1027	1297	1078	1345
NM_001329394	1161	1028	2276	1215	1248	1005	1028	1298	1079	2042
NM_001329605	1162	1029	2277	1216	6165	1006	1029	1299	1080	2043
NM_001329632	1163	1030	2278	1217	2045	1007	1030	1300	1081	2044
NM_001329728	1164	1031	2279	1218	7069	1008	1031	1301	1082	2045
NM_001329746	1165	1032	2280	1219	555	1009	1032	1302	1083	2046
NM_001329862	1166	1033	2281	1220	6924	1010	1033	1303	1084	2047
NM_001329920	1167	1034	2282	1221	2389	1011	1034	1304	1085	2048
NM_001329953	1168	1035	1136	1222	5526	1012	1035	1305	1086	2049
NM_001330111	1169	1036	2283	1223	7025	1013	1036	1306	1087	2050
NM_001330125	1170	1037	441	1224	2974	1014	1037	1307	1088	1216
NM_001330183	130	37	2284	1225	2975	1015	1038	1308	1089	7039
NM_001330189	1171	1038	2285	1226	6871	1016	1039	1309	1090	2051
NM_001330190	1172	1039	2286	1227	6166	1017	1040	1310	1091	7249
NM_001330202	1173	1040	2287	1228	1127	1018	1041	1311	1092	2052
NM_001330211	1174	1041	2288	1229	6139	1019	1042	1312	1093	928
NM_001330241	1175	1042	2289	1230	6870	1020	1043	1313	1094	2053
NM_001330269	1176	1043	2290	1231	274	1021	1044	1314	1095	2054
NM_001330321	1177	1044	2291	1232	1178	1022	1045	1315	1096	2055
NM_001330330	1178	1045	2292	1233	5674	1023	1046	1316	1097	2056
NM_001330332	1179	1046	2293	1234	2004	27	1047	1317	1098	2057
NM_001330441	1180	1047	2294	1235	6588	1024	1048	1318	1099	2058
NM_001330450	1181	1048	2295	1236	118	1025	1049	1319	1100	7318
NM_001330470	1182	1049	2296	1237	1808	1026	1050	1320	1101	2059
NM_001330522	1183	1050	2297	1238	2976	1027	1051	1321	1102	212
NM_001330568	1184	1051	7701	1239	2977	1028	1052	1322	1103	2060
NM_001330669	1185	1052	2298	1240	2046	1029	1053	1323	1104	2061
NM_001330676	1186	1053	2299	1241	6968	1030	1054	1324	1105	2062
NM_001331017	1187	1054	7093	1242	6991	1031	1055	1325	1106	2063
NM_001331027	1188	1055	2300	1243	6531	1032	1056	1326	1107	2064
NM_001334	1189	54	7124	1244	2978	1033	1057	1327	1108	7236
NM_001335	1190	1056	2301	1245	2165	1034	1058	1328	127	2065
NM_001345965	1191	1057	2302	1246	6711	1035	1059	7521	1109	2066
NM_001346100	1192	1058	7584	1247	2979	1036	1060	1329	1110	2067
NM_001346446	1193	1059	2303	1248	2980	1037	1061	1330	1111	7390
NM_001346500	1194	1060	2304	1249	2236	1038	1062	1331	1112	2068
NM_001346810	1195	1061	74	1250	2981	1039	1063	1332	1113	2069
NM_001346890	1196	1062	2305	1251	2475	1040	1064	1333	1114	283
NM_001347147	1197	1063	2306	1252	366	1041	1065	1334	1115	1111
NM_001347829	1198	1064	2307	1253	2982	1042	1066	1335	1116	7631
NM_001347888	1199	1065	2308	1254	85	1043	1067	1336	1117	907
NM_001348010	1200	1066	2309	1255	7087	1044	1068	1337	1118	2070
NM_001348065	1201	1067	895	1256	2573	1045	1069	1338	1119	2071
NM_001348077	1202	1068	2310	1257	1473	1046	1070	1339	1120	1366
NM_001348133	1203	1069	365	1258	2983	1047	1071	1340	1121	2072
NM_001348255	1204	1070	7773	1259	1545	1048	1072	1341	1122	2073
NM_001348433	1205	1071	2311	1260	2005	1049	1073	1342	1123	2074
NM_001348436	1206	1072	2312	1261	879	1050	1074	1343	1124	2075
NM_001348688	1207	1073	2313	1262	2984	1051	1075	1344	1125	855
NM_001348689	1208	1074	7009	1263	5753	1052	1076	1345	1126	1208
NM_001348743	1209	1075	2314	1264	136	1053	1077	1346	1127	2076
NM_001348745	1210	1076	418	1265	2985	1054	1078	1347	1128	2077
NM_001348905	1211	1077	2315	1266	600	1055	1079	1348	1129	2078
NM_001349	1212	1078	2316	1267	7308	1056	1080	1349	1130	2079
NM_001349205	1213	1079	2317	1268	1340	1057	1081	1350	1131	2080
NM_001349463	1214	1080	2318	1269	1955	1058	1082	1351	1132	2081
NM_001349853	1215	1081	7698	1270	5543	1059	1083	1352	1133	2082
NM_001349912	1216	1082	2319	1271	7509	1060	1084	1353	1134	1203
NM_001349922	1217	1083	2320	1272	7391	1061	1085	1354	1135	946
NM_001350068	1218	1084	1229	1273	2986	1062	1086	1355	1136	2083
NM_001350100	1219	1085	2321	1274	2987	1063	1087	1356	1137	7199
NM_001350139	1220	1086	2322	1275	6635	1064	1088	1357	1138	2084
NM_001350210	1221	1087	2323	1276	6045	1065	1089	7535	1139	2085
NM_001350490	1222	1088	692	1277	2535	1066	1090	1358	1140	7721
NM_001350517	1223	1089	2324	1278	5893	1067	1091	1359	1141	2086
NM_001350631	1224	1090	2325	1279	778	1068	1092	1360	1142	7137
NM_001350868	1225	1091	2326	1280	7088	1069	1093	1361	1143	1120
NM_001351021	1226	1092	2327	1281	1474	1070	1094	1362	1144	2087
NM_001351161	1227	1093	2328	1282	1769	1071	1095	1363	1145	2088
NM_001351167	1228	1094	2329	1283	2265	1072	1096	1364	1146	2089
NM_001351208	1229	1095	2330	1284	1475	1073	1097	1365	1147	2090
NM_001351235	1230	1096	2331	7759	2988	1074	1098	1366	1148	2091
NM_001351299	1231	1097	2332	1285	1511	1075	1099	1367	1149	2092
NM_001351329	1232	1098	2333	1286	2989	1076	1100	1368	1150	638
NM_001351346	1233	1099	2334	1287	7293	1077	1101	1369	1151	1304
NM_001351347	1234	1100	2335	1288	1651	1078	1102	1370	1152	2093
NM_001351348	1235	1101	2336	1289	7590	1079	1103	1371	1153	2094
NM_001351533	1236	1102	7650	1290	2990	1080	1104	1372	1154	2095
NM_001351682	1237	1103	261	1291	2991	1081	1105	286	1155	2096
NM_001352300	1238	1104	2337	1292	295	1082	1106	1373	1156	2097
NM_001352362	1239	1105	801	1293	2992	1083	1107	1374	1157	2098
NM_001352498	1240	1106	268	1294	2993	1084	1108	1375	1158	2099
NM_001352579	1241	1107	1561	1295	974	1085	1109	1376	1159	2100
NM_001352701	1242	1108	2338	1296	6111	1086	1110	1377	1160	2101
NM_001352798	1243	1109	552	1297	1729	1087	1111	1378	1161	2102
NM_001352825	1244	1110	719	1298	2994	1088	1112	1379	1162	2103
NM_001352902	1245	1111	2339	1299	7260	1089	1113	1380	1163	2104
NM_001352910	175	1112	2340	1300	2995	1090	1114	1381	1164	7010
NM_001353051	1246	1113	813	1301	2996	1091	1115	1382	1165	2105
NM_001353388	1247	1114	2341	1302	7790	1092	1116	1383	1166	2106
NM_001353432	1248	1115	2342	1303	380	1093	1117	1384	1167	1297
NM_001353551	1249	1116	2343	1304	6459	1094	1118	1385	1168	2107
NM_001353637	1250	1117	1569	1305	2997	1095	1119	1386	1169	1054
NM_001353642	1251	1118	2344	1306	860	1096	1120	1387	1170	2108
NM_001353838	1252	1119	2345	1307	929	1097	1121	1388	1171	2109
NM_001354640	1253	1120	600	1308	2998	1098	1122	1389	1172	2110
NM_001354703	1254	1121	2346	1309	6744	1099	1123	1390	1173	6800
NM_001354733	1255	1122	2347	1310	67	1100	1124	1391	1174	2111
NM_001354817	1256	1123	434	1311	6925	1101	1125	1392	1175	2112
NM_001354840	122	1124	2348	46	2999	1102	1126	27	1176	2113
NM_001354885	1257	1125	2349	38	3000	1103	1127	1393	1177	2114
NM_001354886	1258	1126	1627	1312	5748	1104	1128	1394	1178	2115
NM_001354926	1259	1127	2350	1313	6195	1105	1129	1395	1179	2116
NM_001354988	1260	1128	428	1314	3001	1106	1130	1396	1180	2117
NM_001355008	1261	1129	2351	1315	1332	1107	1131	1397	1181	7043
NM_001355034	1262	1130	702	1316	1930	1108	1132	1398	1182	2118
NM_001355197	1263	1131	7026	1317	5702	1109	1133	1399	1183	813
NM_001355221	1264	1132	693	1318	3002	1110	1134	1400	1184	2119
NM_001355237	1265	1133	7601	1319	2464	1111	1135	1401	1185	1396
NM_001355256	1266	1134	7619	1320	3003	1112	1136	1402	1186	2120
NM_001355258	1267	1135	1637	1321	3004	1113	1137	1403	1187	87
NM_001355407	1268	1136	2352	1322	6634	1114	1138	1404	1188	2121
NM_001355428	1269	1137	2353	1323	3005	1115	1139	1405	1189	7472
NM_001355437	1270	1138	2354	1324	3006	1116	1140	1406	1190	333
NM_001360551	1271	1139	988	1325	3007	1117	1141	1407	1191	2122
NM_001362	1272	1140	27	1326	3008	1118	1142	1408	1192	7735
NM_001375	1273	1141	7316	1327	3009	1119	1143	1409	1193	2123
NM_001386	1274	1142	2355	1328	1730	1120	1144	1410	1194	6832
NM_001394	1275	1143	824	1329	3010	1121	1145	290	1195	1176
NM_001400	1276	1144	2356	1330	3011	1122	1146	1411	1196	800
NM_001408	7797	1145	6966	1331	3012	1123	1147	1412	1197	1333
NM_001426	1277	1146	2357	1332	3013	1124	1148	1413	1198	138
NM_001427	1278	1147	2358	1333	3014	1125	1149	1414	1199	65
NM_001430	1279	1148	2359	1334	3015	1126	1150	1415	1200	7337
NM_001432	23	1149	729	140	3016	1127	1151	1416	1201	6912
NM_001441	1280	1150	2360	1335	2563	1128	1152	1417	1202	170
NM_001442	1281	1151	2361	1336	3017	1129	1153	1418	1203	7301
NM_001448	1282	1152	7679	1337	3018	1130	1154	1419	1204	970
NM_001452	1283	1153	2362	1338	3019	1131	1155	1420	1205	7110
NM_001453	1284	1154	2363	156	3020	1132	1156	1421	1206	2124
NM_001463	1285	1155	699	1339	354	1133	1157	1422	1207	2125
NM_001466	1286	1156	2364	1340	3021	1134	1158	1423	1208	7031
NM_001482	1287	1157	2365	7745	7211	1135	1159	1424	1209	2126
NM_001496	1288	1158	2366	1341	7089	1136	1160	1425	1210	136
NM_001507	1289	1159	2367	1342	700	1137	1161	1426	1211	190
NM_001547	1	1160	2368	12	3	1138	66	1427	2	2127
NM_001552	1290	1161	2369	1343	3022	1139	1162	1428	1212	7744
NM_001553	1291	1162	2370	1344	5857	1140	1163	1429	1213	2128
NM_001554	1292	1163	1458	216	3023	1141	1164	1430	1214	7642
NM_001564	1293	1164	2371	1345	2317	1142	1165	1431	1215	2129
NM_001565	45	1165	7105	2	1	6	1166	1432	36	2130
NM_001570	14	1166	2372	102	3024	1143	1167	248	1216	1229
NM_001647	1294	1167	2373	1346	3025	39	1168	1433	1217	7575
NM_001651	1295	1168	2374	1347	2621	1144	1169	1434	1218	233
NM_001652	1296	1169	2375	1348	1987	1145	1170	1435	1219	2131
NM_001657	1297	1170	1138	1349	3026	1146	1171	1436	1220	2132
NM_001675	1298	1171	925	1350	3027	1147	1172	1437	1221	2133
NM_001678	1299	1172	2376	1351	3028	1148	1173	1438	1222	206
NM_001700	1300	1173	536	1352	3029	1149	1174	1439	1223	2134
NM_001710	8	1174	2377	96	2546	1150	1175	114	137	2135
NM_001718	1301	1175	2378	1353	447	1151	57	1440	1224	28
NM_001719	1302	1176	2379	1354	2516	1152	1176	1441	1225	55
NM_001720	1303	1177	2380	1355	2469	1153	1177	1442	1226	325
NM_001722	1304	1178	2381	1356	86	1154	1178	1443	1227	2136
NM_001733	1305	1179	2382	1357	6846	1155	1179	1444	1228	6689
NM_001748	1306	1180	2383	1358	1476	1156	1180	1445	1229	6724
NM_001753	1307	1181	2384	1359	3030	1157	1181	1446	1230	7052
NM_001761	1308	1182	2385	1360	6589	1158	1182	1447	1231	2137
NM_001775	1309	1183	2386	133	2134	1159	1183	1448	88	2138
NM_001780	1310	1184	2387	1361	6557	1160	1184	1449	1232	2139
NM_001782	1311	1185	2388	1362	7646	1161	1185	1450	1233	2140
NM_001785	1312	1186	2389	7763	177	1162	1186	1451	1234	6982
NM_001800	1313	1187	2390	1363	2106	1163	1187	1452	1235	2141
NM_001805	1314	1188	2391	1364	1809	1164	1188	1453	1236	2142
NM_001806	1315	34	2392	1365	3031	1165	1189	1454	1237	2143
NM_001819	1316	1189	2393	1366	3032	1166	1190	1455	1238	400
NM_001821	1317	1190	7545	1367	3033	1167	1191	1456	1239	2144
NM_001828	1318	1191	2394	1368	7596	1168	1192	1457	1240	2145
NM_001846	1319	1192	7250	157	2512	1169	1193	1458	1241	6794
NM_001848	1320	1193	2395	1369	3034	43	1194	1459	1242	7725
NM_001853	1321	1194	2396	1370	3035	1170	1195	1460	1243	349
NM_001856	1322	1195	2397	1371	3036	1171	1196	1461	1244	7586
NM_001864	1323	1196	293	1372	3037	1172	1197	1462	1245	2146
NM_001869	1324	1197	2398	1373	6532	1173	1198	1463	1246	2147
NM_001870	1325	1198	2399	1374	3038	1174	1199	1464	1247	7369
NM_001873	1326	1199	7680	1375	3039	1175	1200	1465	1248	2148
NM_001879	1327	1200	2400	1376	3040	1176	1201	1466	1249	7742
NM_001896	1328	1201	86	1377	3041	1177	1202	1467	1250	2149
NM_001898	1329	1202	2401	1378	7747	1178	1203	1468	1251	2150
NM_001901	1330	1203	2402	1379	5603	1179	1204	1469	1252	7697
NM_001920	1331	1204	2403	1380	3042	1180	1205	1470	1253	7760
NM_001927	1332	1205	2404	1381	3043	1181	1206	1471	26	2151
NM_001935	1333	1206	2405	1382	1071	1182	1207	1472	1254	6741
NM_001940	1334	1207	2406	1383	644	1183	1208	1473	1255	2152
NM_001943	1335	1208	2407	1384	3044	1184	1209	1474	1256	129
NM_001945	1336	1209	713	196	5497	1185	39	1475	1257	340
NM_001946	1337	1210	160	178	3045	1186	1210	1476	118	2153
NM_001954	1338	1211	2408	1385	1328	1187	1211	397	1258	2154
NM_001958	1339	1212	2409	1386	5624	1188	1212	1477	1259	164
NM_001964	4	1213	252	1387	3046	13	43	276	1260	7732
NM_001965	105	1214	1183	1388	2429	21	24	1478	1261	2155
NM_001969	1340	1215	2410	1389	3047	1189	1213	1479	1262	1049
NM_001975	1341	1216	2411	1390	5483	1190	1214	1480	1263	1006
NM_001982	1342	1217	2412	1391	3048	1191	1215	1481	1264	27
NM_001993	1343	1218	2413	1392	3049	1192	1216	1482	1265	7373
NM_001999	1344	1219	2414	1393	3050	1193	1217	7683	1266	7737
NM_002001	1345	1220	2415	1394	5663	1194	1218	1483	1267	2156
NM_002003	1346	1221	2416	1395	2121	1195	1219	1484	113	2157
NM_002006	197	1222	7557	1396	2564	1196	1220	1485	1268	2158
NM_002009	1347	1223	2417	1397	3051	1197	1221	7550	1269	7738
NM_002010	1348	1224	6960	1398	559	1198	55	1486	1270	2159
NM_002014	1349	1225	6961	1399	3052	1199	1222	1487	1271	603
NM_002016	1350	1226	7766	1400	476	1200	1223	1488	1272	6881
NM_002023	1351	1227	2418	1401	7370	1201	1224	1489	1273	7102
NM_002031	1352	1228	2419	1402	260	1202	1225	389	1274	2160
NM_002032	1353	1229	2420	1403	3053	1203	1226	1490	1275	7255
NM_002043	1354	1230	2421	1404	400	1204	1227	1491	1276	2161
NM_002048	1355	1231	7757	1405	3054	1205	1228	1492	1277	7669
NM_002053	1356	1232	2422	13	3055	1206	1229	1493	25	6979
NM_002064	1357	1233	2423	1406	1976	1207	1230	1494	1278	7607
NM_002086	1358	1234	6965	1407	6558	1208	1231	1495	1279	2162
NM_002089	10	1235	1464	1408	3056	1209	1232	12	1280	2163
NM_002090	12	1236	2424	1409	5416	1210	1233	29	1281	2164
NM_002096	1359	1237	614	1410	3057	1211	1234	1496	1282	2165
NM_002097	1360	1238	7745	1411	3058	1212	1235	1497	1283	2166
NM_002118	1361	1239	2425	1412	3059	36	1236	1498	95	542
NM_002120	62	1240	2426	1413	2234	1213	1237	1499	1284	2167
NM_002121	1362	1241	7705	1414	3060	1214	1238	1500	1285	2168
NM_002122	1363	1242	2427	1415	3061	1215	1239	1501	61	2169
NM_002124	1364	1243	7064	1416	3062	1216	1240	325	106	629
NM_002133	1365	7805	2428	1417	2207	42	1241	1502	1286	2170
NM_002141	1366	1244	2429	1418	3063	1217	1242	1503	1287	427
NM_002147	1367	1245	616	1419	3064	1218	1243	1504	1288	2171
NM_002155	28	1246	2430	1420	2446	1219	1244	1505	1289	210
NM_002157	1368	1247	7384	1421	3065	1220	1245	1506	1290	939
NM_002160	1369	1248	2431	1422	3066	1221	1246	1507	1291	7604
NM_002164	53	1249	2432	57	2574	1222	1247	1508	5	2172
NM_002166	1370	1250	1366	1423	3067	1223	1248	1509	1292	7069
NM_002176	25	1251	2433	61	20	1224	1249	1510	1293	2173
NM_002178	165	1252	2434	1424	3068	1225	72	1511	1294	7009
NM_002181	1371	1253	1617	1425	3069	1226	1250	1512	1295	355
NM_002190	1372	1254	2435	1426	314	1227	1251	1513	1296	2174
NM_002196	1373	1255	45	1427	3070	1228	1252	1514	1297	273
NM_002202	1374	1256	2436	1428	54	1229	1253	1515	1298	2175
NM_002207	1375	1257	2437	7785	3071	1230	1254	1516	1299	141
NM_002228	17	1258	2438	296	3072	1231	1255	243	1300	7647
NM_002229	125	1259	26	1429	3073	1232	1256	1517	134	7589
NM_002233	1376	1260	2439	1430	3074	1233	1257	359	1301	505
NM_002234	1377	1261	2440	1431	3075	1234	1258	1518	1302	220
NM_002236	1378	1262	2441	1432	3076	1235	1259	1519	1303	869
NM_002240	1379	1263	2442	1433	3077	1236	1260	1520	1304	7310
NM_002241	1380	1264	2443	1434	2362	1237	1261	1521	64	51
NM_002253	1381	7803	2444	1435	3078	1238	1262	1522	1305	2176
NM_002256	1382	1265	2445	1436	7452	1239	1263	1523	1306	2177
NM_002258	1383	1266	2446	1437	5768	1240	1264	1524	1307	2178
NM_002266	1384	1267	2447	1438	6167	1241	1265	1525	1308	2179
NM_002272	7806	1268	2448	1439	3079	1242	1266	1526	1309	2180
NM_002276	1385	1269	2449	1440	3080	1243	1267	1527	1310	7710
NM_002279	1386	1270	2450	1441	3081	1244	1268	1528	1311	7777
NM_002281	1387	1271	681	1442	3082	1245	1269	1529	1312	2181
NM_002286	1388	1272	2451	50	1459	1246	1270	1530	112	2182
NM_002293	1389	1273	7056	1443	3083	32	1271	1531	1313	7511
NM_002317	1390	1274	2452	1444	3084	1247	1272	1532	1314	7765
NM_002318	1391	1275	2453	1445	5807	1248	1273	1533	1315	7701
NM_002319	1392	1276	965	1446	3085	1249	1274	1534	1316	2183
NM_002345	1393	1277	7115	1447	3086	1250	1275	1535	1317	7752
NM_002353	1394	1278	2454	7724	3087	1251	1276	1536	1318	714
NM_002354	1395	1279	7455	1448	3088	1252	1277	1537	1319	4
NM_002356	1396	1280	2455	1449	3089	8	1278	1538	1320	6981
NM_002373	1397	7798	7208	1450	3090	1253	1279	1539	1321	7489
NM_002381	1398	1281	2456	1451	2457	1254	1280	1540	1322	1070
NM_002398	1399	1282	2457	1452	3091	1255	1281	1541	1323	7133
NM_002409	1400	1283	17	1453	2318	1256	1282	1542	1324	52
NM_002416	1401	1284	2458	45	1242	25	1283	1543	15	616
NM_002419	1402	1285	7490	1454	3092	1257	1284	1544	1325	2184
NM_002421	1403	1286	2459	1455	3093	1258	1285	1545	1326	7689
NM_002426	1404	1287	2460	1456	3094	1259	1286	1546	11	2185
NM_002428	1405	1288	7585	7736	3095	1260	1287	1547	1327	634
NM_002440	1406	1289	1067	1457	3096	1261	1288	1548	1328	2186
NM_002443	1407	1290	2461	1458	5	1262	1289	1549	1329	2187
NM_002448	1408	1291	2462	1459	1770	1263	1290	1550	1330	1143
NM_002457	1409	1292	55	1460	2301	1264	1291	1551	1331	2188
NM_002458	1410	1293	36	1461	6	1265	1292	1552	1332	300
NM_002471	1411	1294	150	1462	7197	1266	1293	1553	1333	2189
NM_002473	1412	1295	2463	1463	3097	1267	1294	1554	1334	7279
NM_002478	1413	1296	223	1464	3098	1268	1295	1555	1335	444
NM_002479	1414	1297	53	1465	3099	1269	1296	1556	1336	2190
NM_002507	184	1298	517	1466	5448	1270	1297	375	1337	46
NM_002508	1415	1299	2464	1467	3100	1271	1298	1557	1338	7455
NM_002516	1416	1300	2465	1468	3101	1272	1299	1558	1339	236
NM_002523	1417	1301	1396	1469	3102	1273	1300	1559	1340	10
NM_002524	1418	1302	7559	1470	3103	1274	1301	1560	1341	2191
NM_002526	1419	1303	2466	1471	29	1275	1302	1561	1342	2192
NM_002534	1420	1304	2467	83	5406	1276	1303	1562	10	2193
NM_002544	1421	1305	1242	1472	3104	1277	1304	7790	1343	2194
NM_002546	1422	1306	2468	1473	3105	1278	1305	85	1344	7788
NM_002547	1423	1307	2469	1474	7695	1279	1306	1563	1345	6972
NM_002557	1424	1308	1636	1475	3106	1280	1307	1564	7801	2195
NM_002563	1425	1309	7719	1476	3107	1281	1308	1565	1346	99
NM_002623	1426	1310	7134	1477	1110	1282	1309	1566	1347	2196
NM_002633	1427	1311	7343	1478	3108	1283	1310	1567	1348	2197
NM_002638	124	1312	2470	1479	3109	1284	1311	184	1349	2198
NM_002661	1428	1313	2471	1480	3110	1285	1312	1568	1350	8
NM_002668	1429	1314	7703	1481	3111	1286	1313	1569	1351	2199
NM_002673	1430	1315	2472	1482	1512	1287	1314	1570	1352	2200
NM_002699	1431	1316	100	1483	5814	1288	1315	1571	1353	154
NM_002704	1432	1317	2473	1484	2470	1289	1316	91	1354	2201
NM_002738	1433	1318	2474	1485	2618	1290	1317	1572	1355	19
NM_002741	1434	1319	2475	1486	6804	1291	1318	1573	1356	2202
NM_002758	1435	1320	7708	1487	3112	1292	1319	1574	1357	2203
NM_002773	1436	1321	2476	1488	3113	1293	1320	1575	1358	127
NM_002775	1437	1322	7020	1489	3114	1294	1321	1576	1359	7540
NM_002800	59	1323	2477	202	3115	1295	1322	1577	101	2204
NM_002814	1438	1324	2478	1490	2292	1296	1323	1578	1360	2205
NM_002827	1439	1325	2479	1491	3116	1297	1324	1579	1361	572
NM_002833	1440	1326	7576	1492	3117	1298	1325	1580	1362	2206
NM_002852	60	1327	2480	1493	6559	1299	1326	235	1363	7780
NM_002853	1441	1328	2481	1494	7313	1300	1327	1581	1364	2207
NM_002863	1442	1329	1589	1495	5813	1301	1328	1582	1365	2208
NM_002867	1443	1330	2482	1496	5719	1302	1329	1583	1366	6944
NM_002873	1444	1331	2483	1497	6319	1303	1330	1584	1367	1047
NM_002893	1445	1332	7761	1498	3118	1304	1331	1585	1368	2209
NM_002904	1446	1333	2484	1499	7079	1305	1332	1586	1369	2210
NM_002923	1447	1334	467	1500	3119	1306	42	1587	1370	2211
NM_002953	1448	1335	2485	1501	757	1307	1333	1588	1371	684
NM_002957	1449	1336	2486	1502	1572	1308	1334	377	1372	2212
NM_002975	1450	1337	2487	1503	1021	1309	1335	1589	1373	2213
NM_002982	109	1338	2488	42	1866	23	1336	161	1374	7723
NM_002983	32	1339	2489	149	1988	1310	1337	1590	20	211
NM_002984	43	1340	2490	43	301	1311	1338	1591	53	2214
NM_002988	1451	1341	2491	1504	1596	1312	1339	1592	43	2215
NM_002990	1452	1342	2492	1505	7780	34	1340	250	1375	2216
NM_002993	1453	1343	2493	75	18	1313	1341	234	1376	2217
NM_002994	13	1344	2494	1506	323	1314	1342	20	1377	2218
NM_003007	1454	1345	2495	1507	3120	1315	1343	159	1378	2219
NM_003012	1455	1346	2496	1508	2501	1316	1344	1593	97	7021
NM_003013	1456	1347	2497	1509	3121	1317	1345	1594	1379	7746
NM_003014	7776	1348	2498	1510	3122	1318	1346	1595	1380	7783
NM_003023	1457	1349	2499	1511	5938	1319	1347	1596	1381	2220
NM_003038	1458	12	923	1512	3123	1320	1348	1597	1382	2221
NM_003048	1459	1350	2500	1513	3124	1321	1349	1598	1383	144
NM_003049	1460	1351	2501	1514	6766	1322	1350	7764	1384	2222
NM_003054	1461	1352	2502	1515	7235	1323	1351	7747	1385	163
NM_003055	1462	1353	535	1516	3125	1324	1352	1599	1386	611
NM_003068	1463	1354	6955	1517	5534	1325	1353	1600	1387	7256
NM_003082	155	1355	2503	1518	3126	1326	1354	1601	1388	2223
NM_003083	1464	1356	2504	1519	7576	1327	1355	1602	1389	2224
NM_003090	1465	1357	2505	1520	938	1328	1356	1603	1390	2225
NM_003108	1466	1358	466	1521	3127	1329	1357	1604	1391	2226
NM_003110	1467	1359	2506	1522	1022	1330	1358	1605	1392	2227
NM_003113	1468	1360	2507	1523	2435	1331	1359	1606	1393	2228
NM_003125	1469	1361	2508	1524	3128	1332	25	345	1394	2229
NM_003129	1470	1362	7749	1525	3129	1333	1360	1607	1395	2230
NM_003141	1471	1363	2509	222	3130	1334	1361	1608	94	2231
NM_003151	1472	1364	2510	1526	6862	1335	1362	1609	1396	2232
NM_003155	1473	1365	7350	1527	3131	1336	1363	337	1397	6983
NM_003175	1474	1366	2511	1528	1155	1337	1364	1610	98	2233
NM_003179	1475	1367	2512	1529	3132	1338	1365	1611	1398	450
NM_003223	1476	1368	2513	1530	7080	1339	1366	1612	1399	2234
NM_003225	1477	1369	2514	1531	9	1340	1367	1613	1400	2235
NM_003226	1478	1370	2515	1532	1980	1341	1368	1614	1401	2236
NM_003246	1479	1371	2516	1533	5410	1342	1369	1615	1402	7778
NM_003247	1480	1372	7097	1534	3133	1343	1370	1616	1403	7770
NM_003254	1481	1373	7236	1535	3134	1344	1371	1617	116	7175
NM_003265	118	1374	2517	93	3135	1345	1372	1618	1404	2237
NM_003294	1482	1375	399	1536	3136	1346	1373	1619	1405	2238
NM_003299	87	1376	2518	1537	3137	1347	1374	1620	1406	2239
NM_003309	1483	1377	7504	1538	3138	1348	1375	1621	1407	2240
NM_003311	1484	1378	511	275	2514	1349	65	1622	1408	2241
NM_003321	1485	1379	2519	1539	1299	1350	1376	1623	1409	2242
NM_003348	1486	1380	2520	1540	7457	1351	1377	1624	1410	2243
NM_003353	1487	1381	887	1541	3139	1352	1378	1625	1411	2244
NM_003356	1488	1382	2521	1542	2128	1353	1379	1626	1412	2245
NM_003378	1489	1383	88	1543	3140	1354	1380	1627	1413	2246
NM_003392	1490	1384	7573	1544	885	1355	1381	257	1414	7704
NM_003393	1491	1385	2522	1545	572	1356	1382	1628	1415	2247
NM_003395	1492	1386	343	1546	3141	1357	1383	1629	1416	1198
NM_003400	1493	1387	7413	1547	3142	1358	1384	1630	1417	1296
NM_003407	40	1388	1	1548	3143	1359	1385	309	114	7535
NM_003412	1494	1389	2523	1549	3144	4	1386	1631	1418	2248
NM_003413	1495	1390	2524	1550	3145	1360	1387	1632	1419	311
NM_003433	1496	1391	2525	1551	5977	1361	1388	1633	1420	2249
NM_003446	1497	1392	2526	1552	3146	1362	1389	1634	1421	753
NM_003447	1498	1393	7189	1553	2465	1363	1390	1635	1422	385
NM_003462	1499	25	2527	1554	3147	1364	1391	1636	1423	2250
NM_003469	1500	1394	2528	1555	5989	1365	1392	1637	1424	1115
NM_003483	1501	1395	7171	1556	2434	1366	1393	1638	1425	7232
NM_003507	1502	1396	2529	1557	1956	1367	1394	1639	1426	6712
NM_003508	1503	1397	7257	1558	342	1368	1395	1640	1427	146
NM_003510	1504	1398	2530	1559	6767	1369	1396	1641	1428	2251
NM_003511	1505	1399	7110	1560	6320	1370	1397	1642	1429	968
NM_003512	1506	1400	2531	124	3148	1371	1398	1643	1430	2252
NM_003514	1507	1401	1567	1561	7336	1372	1399	1644	1431	1066
NM_003516	1508	1402	1195	90	3149	1373	1400	1645	1432	2253
NM_003518	1509	1403	2532	168	3150	1374	1401	1646	1433	2254
NM_003519	1510	1404	2533	1562	3151	1375	1402	1647	1434	839
NM_003520	1511	1405	2534	1563	1179	1376	1403	1648	1435	2255
NM_003526	1512	1406	2535	44	2391	1377	1404	1649	1436	2256
NM_003528	1513	1407	1282	51	3152	1378	1405	1650	1437	6711
NM_003529	1514	1408	1577	1564	3153	1379	1406	1651	1438	552
NM_003530	1515	1409	2536	208	7680	1380	1407	1652	1439	2257
NM_003544	1516	1410	2537	1565	7199	1381	1408	1653	1440	2258
NM_003577	1517	1411	711	1566	3154	1382	1409	1654	1441	2259
NM_003578	1518	1412	2538	1567	1890	1383	19	1655	1442	2260
NM_003579	1519	1413	2539	1568	2278	1384	1410	1656	1443	429
NM_003619	1520	1414	2540	1569	3155	1385	1411	1657	1444	7730
NM_003641	1521	1415	2541	7	2556	1386	1412	1658	4	6880
NM_003645	1522	1416	2542	1570	3156	1387	1413	1659	1445	617
NM_003650	1523	1417	410	1571	2287	1388	1414	1660	111	2261
NM_003654	1524	1418	2543	1572	3157	1389	1415	1661	1446	238
NM_003655	1525	1419	225	1573	3158	1390	1416	1662	1447	2262
NM_003666	1526	1420	2544	295	1986	1391	1417	1663	1448	2263
NM_003673	1527	1421	581	1574	3159	1392	1418	1664	1449	1310
NM_003679	1528	1422	7722	1575	3160	1393	1419	1665	1450	7058
NM_003680	1529	1423	2545	1576	6345	1394	1420	396	1451	1309
NM_003692	1530	1424	7025	1577	3161	1395	1421	341	1452	3
NM_003714	172	71	2546	283	3162	1396	1422	1666	1453	7166
NM_003737	188	1425	1376	1578	3163	1397	1423	1667	1454	2264
NM_003740	1531	1426	2547	1579	2415	1398	1424	1668	1455	675
NM_003745	1532	1427	1462	1580	1709	1399	1425	1669	1456	2265
NM_003782	1533	1428	2548	1581	3164	1400	1426	1670	1457	7112
NM_003783	1534	1429	2549	1582	3165	1401	1427	1671	1458	7763
NM_003802	1535	1430	2550	1583	1156	1402	1428	1672	1459	6927
NM_003811	1536	1431	1264	273	2600	7	1429	1673	1460	26
NM_003823	1537	1432	2551	1584	203	1403	1430	1674	1461	7291
NM_003840	1538	1433	266	1585	3166	12	1431	1675	1462	2266
NM_003844	1539	1434	2552	1586	2170	1404	1432	1676	1463	744
NM_003862	1540	1435	1307	1587	3167	1405	1433	283	1464	172
NM_003864	1541	1436	7724	1588	3168	1406	1434	1677	1465	1276
NM_003884	1542	1437	2553	1589	1312	1407	1435	1678	1466	1217
NM_003897	97	1438	111	1590	3169	28	1436	213	1467	6742
NM_003936	1543	1439	2554	1591	3170	1408	1437	1679	1468	139
NM_003955	34	1440	1386	1592	3171	1409	1438	1680	66	6863
NM_003956	36	1441	2555	1593	44	1410	1439	1681	1469	7451
NM_004037	1544	1442	2556	1594	1722	1411	1440	1682	1470	2267
NM_004073	1545	1443	823	1595	3172	1412	1441	1683	1471	2268
NM_004093	1546	1444	2557	1596	7662	1413	1442	1684	1472	2269
NM_004096	1547	1445	7387	1597	3173	1414	1443	1685	1473	2270
NM_004106	1548	1446	1432	1598	2526	1415	1444	1686	13	2271
NM_004107	1549	1447	2558	7751	2581	1416	1445	1687	1474	2272
NM_004112	1550	1448	771	1599	3174	1417	1446	1688	1475	2273
NM_004120	132	1449	2559	1600	2496	1418	1447	1689	74	6975
NM_004126	1551	1450	7180	1601	7689	1419	1448	1690	1476	2274
NM_004137	1552	1451	2560	261	1731	1420	1449	335	85	7486
NM_004158	1553	1452	238	1602	3175	1421	1450	1691	1477	2275
NM_004159	1554	1453	2561	1603	5611	1422	1451	1692	1478	823
NM_004173	1555	1454	2562	1604	3176	1423	1452	1693	1479	285
NM_004179	1556	1455	550	1605	6712	1424	1453	1694	1480	1173
NM_004181	1557	1456	7517	1606	5763	1425	1454	1695	1481	2276
NM_004185	1558	1457	2563	1607	6490	1426	1455	1696	1482	2277
NM_004202	1559	1458	2564	1608	7656	1427	1456	1697	1483	2278
NM_004209	1560	1459	2565	1609	2135	1428	1457	1698	1484	2279
NM_004230	1561	1460	7433	1610	3177	1429	1458	1699	1485	2280
NM_004232	1562	1461	2566	1611	1249	1430	1459	339	1486	715
NM_004249	1563	1462	2567	1612	5665	1431	1460	1700	1487	389
NM_004251	1564	1463	7082	1613	7156	1432	1461	1701	1488	2281
NM_004267	176	1464	2568	1614	3178	1433	1462	1702	1489	2282
NM_004273	1565	1465	2569	1615	209	1434	1463	1703	1490	2283
NM_004289	1566	1466	2570	143	3179	1435	1464	1704	1491	2284
NM_004311	1567	1467	2571	1616	6379	1436	1465	1705	1492	2285
NM_004322	1568	1468	2572	1617	7179	1437	1466	1706	1493	2286
NM_004331	1569	1469	2573	1618	7497	1438	1467	1707	1494	2287
NM_004335	92	1470	7310	284	2508	1439	1468	1708	27	225
NM_004350	1570	1471	2574	1619	193	1440	1469	1709	1495	1202
NM_004352	1571	1472	29	1620	3180	1441	1470	1710	1496	181
NM_004378	1572	1473	2575	1621	3181	1442	1471	1711	1497	845
NM_004386	1573	1474	2576	1622	3182	1443	1472	1712	1498	681
NM_004405	1574	1475	1465	1623	3183	1444	1473	1713	1499	837
NM_004417	174	1476	2577	263	3184	1445	1474	1714	1500	7715
NM_004419	189	1477	2578	177	3185	1446	1475	1715	1501	2288
NM_004426	1575	1478	7157	1624	6140	1447	1476	7655	1502	2289
NM_004430	1576	1479	730	1625	531	1448	1477	1716	1503	2290
NM_004447	1577	1480	2579	1626	2223	1449	1478	1717	1504	2291
NM_004454	1578	1481	1033	1627	3186	1450	1479	1718	1505	2292
NM_004472	1579	1482	2580	36	3187	1451	1480	1719	1506	2293
NM_004473	1580	1483	1042	1628	21	1452	1481	1720	1507	553
NM_004474	1581	1484	2581	1629	3188	1453	1482	1721	1508	289
NM_004497	1582	1485	2582	1630	1590	1454	1483	1722	1509	218
NM_004502	1583	1486	2583	1631	6491	1455	1484	1723	1510	76
NM_004523	7792	1487	2584	1632	3189	1456	1485	1724	1511	2294
NM_004530	1584	1488	2585	1633	1036	1457	1486	1725	1512	7513
NM_004535	1585	1489	2586	1634	3190	1458	1487	1726	1513	379
NM_004555	1586	1490	2587	1635	7014	1459	1488	1727	1514	2295
NM_004556	84	1491	2588	238	3191	1460	1489	1728	1515	2296
NM_004564	1587	1492	2589	1636	6801	1461	1490	1729	1516	2297
NM_004575	1588	1493	601	1637	3192	1462	1491	1730	1517	2298
NM_004581	1589	1494	6967	1638	3193	1463	1492	1731	1518	977
NM_004585	33	1495	1079	144	3194	1464	1493	1732	1519	2299
NM_004588	1590	1496	2590	1639	7212	1465	1494	1733	1520	2300
NM_004609	1591	1497	2591	1640	3195	1466	1495	1734	1521	25
NM_004615	1592	1498	2592	1641	5498	1467	1496	1735	1522	90
NM_004617	7799	1499	2593	1642	3196	1468	1497	1736	1523	2301
NM_004646	205	1500	2594	1643	3197	1469	1498	1737	1524	178
NM_004666	1593	1501	2595	1644	2443	1470	1499	279	1525	2302
NM_004688	1594	1502	2596	206	3198	1471	1500	1738	1526	2303
NM_004693	1595	1503	2597	1645	6886	1472	1501	1739	1527	2304
NM_004701	1596	1504	2598	1646	2384	1473	1502	1740	1528	2305
NM_004740	1597	1505	2599	1647	6492	1474	1503	1741	1529	6947
NM_004742	1598	1506	2600	1648	501	1475	1504	1742	1530	2306
NM_004753	1599	1507	2601	1649	3199	1476	1505	1743	1531	7265
NM_004757	1600	1508	2602	1650	1422	1477	1506	1744	1532	2307
NM_004771	1601	1509	2603	1651	3200	1478	1507	71	1533	2308
NM_004789	1602	1510	7179	237	828	1479	1508	1745	1534	102
NM_004807	1603	1511	7771	1652	3201	1480	1509	1746	1535	2309
NM_004808	1604	1512	2604	1653	6241	1481	1510	1747	1536	2310
NM_004852	1605	1513	2605	1654	3202	1482	1511	1748	1537	11
NM_004857	1606	1514	7354	1655	2327	1483	1512	1749	1538	1165
NM_004867	1607	1515	2606	1656	6321	1484	1513	1750	1539	2311
NM_004877	1608	1516	2607	1657	394	1485	1514	1751	1540	2312
NM_004887	1609	1517	2608	1658	78	1486	1515	1752	58	7073
NM_004888	1610	1518	7659	1659	3203	1487	1516	1753	1541	2313
NM_004907	1611	1519	1039	1660	3204	1488	1517	1754	1542	2314
NM_004929	1612	1520	2609	1661	5711	1489	1518	1755	1543	2315
NM_004932	1613	1521	2610	1662	3205	1490	1519	1756	1544	7758
NM_004933	85	1522	2611	1663	6847	1491	1520	1757	1545	2316
NM_004935	1614	1523	2612	1664	5597	1492	1521	1758	1546	2317
NM_004977	1615	1524	2613	1665	3206	1493	1522	1759	1547	134
NM_004994	1616	1525	2614	152	3207	1494	1523	1760	1548	2318
NM_004995	1617	1526	7497	1666	3208	1495	1524	1761	1549	7015
NM_005014	1618	1527	2615	1667	1196	1496	1525	7800	1550	7736
NM_005029	1619	1528	1534	1668	3209	1497	1526	1762	1551	425
NM_005030	1620	1529	2616	1669	2346	1498	1527	1763	1552	2319
NM_005063	1621	1530	7752	1670	3210	1499	1528	1764	1553	2320
NM_005073	1622	1531	2617	1671	3211	1500	1529	1765	1554	175
NM_005082	147	1532	2618	287	2539	1501	1530	1766	1555	2321
NM_005092	1623	1533	2619	279	3212	1502	1531	78	1556	7702
NM_005098	1624	1534	7091	1672	3213	1503	1532	1767	31	6873
NM_005101	6	1535	2620	3	7	1504	1533	1768	1	1123
NM_005104	1625	1536	2621	1673	2410	1505	1534	1769	1557	2322
NM_005116	1626	1537	2622	1674	6683	1506	1535	1770	1558	2323
NM_005118	1627	1538	2623	128	3214	1507	1536	1771	1559	2324
NM_005147	1628	1539	2624	1675	596	1508	1537	1772	1560	2325
NM_005159	1629	1540	2625	1676	5625	1509	1538	1773	1561	496
NM_005169	1630	1541	9	1677	3215	1510	1539	1774	1562	213
NM_005170	1631	1542	2626	1678	3216	1511	1540	1775	1563	260
NM_005181	1632	1543	2627	1679	3217	1512	1541	1776	1564	784
NM_005189	1633	1544	2628	1680	3218	1513	1542	1777	1565	745
NM_005195	1634	1545	2629	1681	3219	1514	1543	221	1566	7731
NM_005197	1635	1546	1080	1682	6112	1515	1544	1778	1567	2326
NM_005199	1636	1547	2630	1683	7454	1516	1545	1779	1568	2327
NM_005218	1637	1548	2631	63	5505	1517	1546	1780	107	2328
NM_005220	1638	1549	756	1684	3220	1518	1547	1781	1569	214
NM_005221	1639	1550	2632	1685	7461	1519	1548	1782	1570	2329
NM_005222	1640	1551	7237	1686	7286	1520	1549	1783	1571	1398
NM_005225	7785	1552	2633	1687	3221	1521	1550	1784	1572	580
NM_005226	1641	7792	7377	1688	65	30	1551	1785	1573	2330
NM_005227	1642	1553	2634	1689	6992	1522	1552	1786	1574	2331
NM_005239	1643	1554	6990	1690	661	1523	1553	1787	1575	1220
NM_005242	1644	1555	7614	1691	3222	1524	1554	349	1576	1003
NM_005249	1645	1556	2635	1692	3223	1525	1555	1788	1577	7
NM_005250	1646	1557	2636	1693	1513	1526	1556	1789	1578	2332
NM_005251	1647	1558	1200	1694	3224	1527	32	328	1579	2333
NM_005252	220	1559	2	1695	3225	2	1557	313	1580	7773
NM_005258	1648	1560	2637	1696	3226	1528	1558	1790	1581	816
NM_005273	1649	1561	7319	1697	3227	1529	1559	1791	1582	2334
NM_005275	1650	1562	7060	1698	1423	1530	1560	1792	1583	2335
NM_005281	1651	1563	61	1699	3228	1531	1561	1793	1584	1081
NM_005290	1652	1564	2638	1700	869	1532	1562	32	72	2336
NM_005321	1653	1565	2639	1701	6590	1533	1563	1794	1585	1145
NM_005322	1654	1566	2640	1702	482	1534	1564	1795	1586	2337
NM_005325	1655	1567	2641	1703	1277	1535	1565	1796	7793	908
NM_005328	1656	1568	7723	1704	5610	1536	1566	1797	1587	2338
NM_005331	1657	1569	2642	1705	3229	1537	1567	1798	1588	386
NM_005345	1658	7806	2643	1706	3230	1538	1568	259	1589	1075
NM_005347	21	1570	2644	1707	3231	1539	1569	1799	1590	1389
NM_005376	1659	1571	2645	1708	2164	1540	1570	1800	1591	439
NM_005384	1660	1572	226	1709	5562	1541	1571	1801	1592	2339
NM_005387	1661	1573	2646	1710	6196	1542	1572	1802	1593	2340
NM_005398	1662	1574	2647	1711	3232	1543	1573	1803	1594	7413
NM_005413	1663	1575	2648	1712	3233	1544	1574	1804	1595	488
NM_005421	1664	1576	2649	1713	3234	1545	1575	1805	1596	578
NM_005430	1665	1577	742	1714	3235	1546	1576	1806	1597	530
NM_005431	1666	1578	2650	1715	3236	1547	1577	1807	1598	875
NM_005437	1667	1579	2651	1716	1278	1548	1578	1808	1599	2341
NM_005461	182	1580	1421	1717	2517	1549	1579	1809	48	1076
NM_005477	1668	1581	275	1718	2195	1550	1580	1810	1600	166
NM_005496	1669	1582	2652	1719	6113	1551	1581	1811	1601	2342
NM_005505	1670	1583	2653	7732	1620	1552	1582	1812	1602	2343
NM_005511	1671	1584	2654	1720	519	1553	1583	1813	1603	2344
NM_005514	89	1585	2655	1721	3237	1554	1584	1814	1604	1269
NM_005515	1672	1586	2656	1722	3238	1555	1585	1815	1605	335
NM_005523	1673	1587	2657	1723	3239	1556	1586	1816	1606	7544
NM_005527	1674	7801	7277	1724	5494	1557	1587	1817	1607	1315
NM_005537	1675	1588	1176	1725	3240	1558	1588	1818	1608	1254
NM_005544	1676	1589	2658	1726	3241	1559	1589	1819	1609	7338
NM_005545	1677	1590	2659	1727	3242	1560	1590	1820	1610	7128
NM_005553	1678	1591	2660	1728	3243	1561	1591	1821	1611	7523
NM_005557	157	1592	628	1729	3244	1562	1592	338	1612	6758
NM_005562	74	1593	2661	1730	3245	1563	1593	1822	1613	2345
NM_005565	1679	1594	2662	1731	2357	1564	1594	1823	1614	2346
NM_005567	1680	1595	7241	145	2612	1565	1595	1824	131	6738
NM_005568	1681	1596	2663	1732	6511	1566	1596	1825	1615	468
NM_005584	1682	1597	7118	1733	3246	1567	1597	1826	1616	7757
NM_005598	1683	1598	1255	1734	3247	1568	1598	1827	1617	478
NM_005602	1684	1599	2664	1735	2305	1569	1599	1828	1618	7645
NM_005604	1685	1600	6964	1736	3248	1570	1600	1829	1619	560
NM_005615	1686	1601	2665	1737	7189	1571	1601	1830	1620	2347
NM_005618	1687	1602	6	1738	3249	1572	1602	1831	1621	1187
NM_005620	1688	1603	7530	1739	3250	1573	1603	1832	1622	6795
NM_005623	1689	1604	2666	5	4	1574	1604	152	6	7442
NM_005631	1690	1605	2667	1740	7126	1575	1605	1833	1623	2348
NM_005634	1691	1606	10	1741	3251	1576	1606	1834	1624	242
NM_005642	1692	1607	7713	1742	3252	1577	1607	1835	1625	2349
NM_005654	1693	1608	2668	1743	350	1578	1608	1836	1626	7396
NM_005698	1694	1609	2669	1744	7279	1579	1609	1837	1627	2350
NM_005699	1695	1610	956	1745	730	1580	1610	1838	1628	2351
NM_005710	1696	1611	2670	1746	5864	1581	1611	1839	1629	2352
NM_005730	1697	1612	7102	1747	1250	1582	1612	1840	1630	2353
NM_005740	1698	1613	7335	1748	3253	1583	1613	1841	1631	2354
NM_005754	1699	1614	2671	1749	1810	1584	1614	1842	1632	2355
NM_005764	1700	1615	786	1750	3254	1585	1615	132	115	2356
NM_005773	1701	1616	2672	1751	171	1586	1616	1843	1633	1197
NM_005775	1702	1617	2673	1752	2130	1587	1617	1844	1634	2357
NM_005783	1703	1618	7308	1753	3255	1588	1618	1845	1635	2358
NM_005802	1704	1619	2674	1754	6817	1589	1619	1846	1636	2359
NM_005805	1705	1620	7438	1755	3256	1590	1620	1847	1637	2360
NM_005811	1706	1621	2675	1756	383	1591	1621	1848	1638	2361
NM_005819	1707	1622	2676	1757	7113	1592	1622	1849	1639	2362
NM_005822	1708	1623	2677	1758	3257	1593	1623	1850	1640	7700
NM_005849	1709	1624	1002	1759	3258	1594	1624	7617	133	2363
NM_005854	1710	1625	2678	1760	241	1595	1625	1851	1641	1207
NM_005857	1711	1626	2679	1761	5720	1596	1626	1852	1642	2364
NM_005860	1712	1627	320	1762	3259	1597	1627	1853	1643	2365
NM_005891	1713	1628	7472	1763	2383	1598	1628	1854	1644	1387
NM_005893	1714	1629	2680	1764	7410	1599	1629	1855	1645	2366
NM_005896	1715	1630	7518	1765	3260	1600	1630	1856	1646	2367
NM_005902	1716	1631	2681	1766	479	1601	1631	324	1647	2368
NM_005913	1717	1632	2682	69	3261	1602	71	1857	1648	2369
NM_005915	7786	1633	2683	1767	3262	1603	1632	1858	1649	2370
NM_005946	1718	1634	2684	1768	3263	1604	1633	1859	1650	708
NM_005951	1719	1635	2685	161	3264	1605	1634	1860	121	1112
NM_005953	1720	1636	6980	37	3265	1606	1635	1861	34	7432
NM_005954	1721	1637	2686	1769	5430	1607	1636	7523	7798	299
NM_005961	1722	1638	1227	7749	3266	1608	1637	1862	1651	2371
NM_005962	1723	1639	2687	1770	168	1609	1638	1863	1652	6807
NM_005967	1724	1640	2688	1771	5995	1610	1639	1864	1653	2372
NM_005980	1725	14	747	1772	3267	1611	1640	1865	1654	1152
NM_005985	1726	1641	103	122	2578	1612	1641	1866	1655	2373
NM_005986	1727	1642	2689	1773	3268	1613	1642	1867	1656	276
NM_006010	81	1643	2690	1774	3269	1614	1643	1868	1657	1108
NM_006014	1728	1644	2691	1775	5595	1615	1644	1869	1658	2374
NM_006018	38	1645	2692	164	3270	1616	1645	1870	1659	2375
NM_006022	1729	1646	7254	1776	3271	1617	46	1871	1660	2376
NM_006023	1730	1647	2693	1777	5836	1618	1646	1872	1661	2377
NM_006029	1731	1648	7444	1778	3272	1619	1647	1873	1662	1388
NM_006039	1732	1649	2694	1779	3273	1620	1648	1874	1663	7502
NM_006040	1733	1650	2695	1780	7506	1621	1649	1875	1664	2378
NM_006043	1734	1651	2696	1781	1514	1622	1650	1876	1665	261
NM_006063	1735	1652	7123	1782	6086	1623	1651	1877	1666	2379
NM_006071	1736	1653	7058	1783	609	1624	1652	1878	1667	2380
NM_006073	1737	1654	2697	1784	3274	1625	1653	176	1668	2381
NM_006078	1738	1655	305	1785	3275	1626	1654	98	1669	2382
NM_006079	1739	1656	1294	1786	3276	1627	1655	1879	1670	7692
NM_006084	156	1657	2698	1787	3277	1628	1656	1880	1671	2383
NM_006097	1740	1658	2699	1788	5780	1629	1657	1881	1672	7581
NM_006103	1741	1659	2700	1789	3278	1630	1658	1882	1673	264
NM_006108	1742	1660	2701	1790	2241	1631	1659	7614	1674	302
NM_006110	1743	1661	2702	1791	227	1632	1660	351	1675	2384
NM_006121	1744	1662	1410	1792	3279	1633	1661	1883	1676	36
NM_006144	1745	1663	2703	1793	3280	1634	1662	1884	32	2385
NM_006147	1746	1664	2704	1794	3281	1635	1663	1885	1677	556
NM_006158	1747	1665	2705	1795	3282	1636	1664	7741	1678	6902
NM_006160	1748	1666	142	1796	3283	1637	1665	1886	1679	2386
NM_006167	1749	1667	2706	1797	3284	1638	1666	1887	1680	780
NM_006168	1750	1668	2707	1798	3285	1639	1667	1888	1681	315
NM_006169	1751	1669	1505	1799	3286	1640	1668	1889	1682	7729
NM_006184	1752	1670	2708	1800	6560	1641	1669	1890	1683	2387
NM_006189	1753	1671	2709	1801	503	1642	1670	1891	1684	2388
NM_006194	1754	1672	2710	1802	3287	1643	1671	1892	1685	415
NM_006207	1755	1673	2711	6	240	1644	1672	1893	1686	7750
NM_006236	1756	1674	2712	1803	3288	1645	1673	271	1687	256
NM_006237	1757	1675	6988	1804	3289	1646	1674	1894	1688	97
NM_006253	1758	1676	2713	1805	6264	1647	1675	1895	1689	2389
NM_006271	1759	1677	7162	1806	287	1648	1676	1896	1690	2390
NM_006273	1760	1678	2714	30	3290	1649	1677	1897	1691	7569
NM_006274	1761	1679	2715	1807	3291	1650	1678	1898	22	2391
NM_006312	1762	1680	878	1808	3292	1651	1679	1899	1692	2392
NM_006317	1763	1681	2716	1809	3293	15	1680	1900	1693	2393
NM_006328	1764	1682	1221	1810	3294	1652	1681	1901	1694	2394
NM_006332	1765	1683	2717	1811	3295	1653	1682	1902	41	514
NM_006382	1766	1684	2718	1812	5465	1654	1683	173	1695	2395
NM_006398	51	1685	2719	1813	2460	1655	1684	1903	119	2396
NM_006404	1767	1686	2720	1814	6460	1656	1685	1904	1696	2397
NM_006411	1768	1687	7379	1815	3296	1657	1686	1905	1697	2398
NM_006418	1769	1688	2721	1816	6168	1658	1687	1906	1698	7294
NM_006421	1770	1689	2722	1817	1376	1659	1688	1907	1699	2399
NM_006423	1771	1690	7694	1818	3297	1660	1689	1908	1700	2400
NM_006435	1772	1691	2723	1819	2160	1661	1690	1909	86	7539
NM_006439	1773	1692	2724	1820	1997	1662	1691	7695	1701	2401
NM_006461	7787	1693	2725	1821	3298	1663	1692	1910	1702	2402
NM_006477	1774	1694	2726	1822	7062	1664	1693	1911	1703	447
NM_006482	1775	1695	780	1823	3299	1665	1694	1912	1704	2403
NM_006485	1776	1696	7600	1824	3300	1666	1695	1913	1705	7688
NM_006486	1777	1697	2727	1825	3301	1667	1696	1914	1706	7618
NM_006487	1778	1698	2728	1826	5821	1668	1697	1915	1707	7613
NM_006491	1779	1699	2729	1827	3302	1669	1698	1916	1708	388
NM_006498	1780	1700	1297	70	2442	1670	1699	1917	80	2404
NM_006512	1781	1701	2730	1828	6684	1671	1700	314	1709	2405
NM_006516	1782	1702	2731	1829	3303	1672	1701	1918	1710	7287
NM_006522	1783	1703	2732	1830	3304	1673	1702	1919	1711	193
NM_006536	1784	1704	2733	1831	7782	1674	1703	1920	1712	7326
NM_006562	1785	1705	7151	1832	3305	1675	1704	1921	1713	827
NM_006577	1786	1706	674	1833	1864	1676	1705	1922	1714	2406
NM_006610	1787	1707	304	1834	3306	1677	1706	7650	1715	2407
NM_006617	7783	1708	2734	1835	5865	1678	1707	1923	1716	6788
NM_006634	1788	1709	2735	158	3307	1679	1708	1924	126	2408
NM_006640	1789	1710	7758	1836	3308	1680	1709	1925	1717	2409
NM_006670	1790	1711	2736	1837	1463	1681	1710	1926	1718	7521
NM_006678	1791	1712	2737	1838	7669	1682	1711	1927	1719	2410
NM_006682	1792	1713	2738	1839	2396	1683	1712	1928	1720	2411
NM_006686	1793	1714	300	1840	3309	1684	1713	1929	1721	2412
NM_006688	1794	1715	2739	1841	6561	1685	1714	1930	1722	30
NM_006691	1795	1716	2740	7779	3310	1686	1715	1931	1723	7341
NM_006694	1796	1717	7279	1842	3311	1687	1716	1932	1724	2413
NM_006705	1797	1718	398	1843	3312	1688	1717	1933	1725	2414
NM_006741	1798	1719	2741	1844	5771	1689	1718	1934	1726	202
NM_006760	1799	1720	2742	1845	6898	1690	1719	1935	1727	7111
NM_006779	1800	1721	842	254	3313	1691	1720	307	1728	6998
NM_006789	1801	1722	2743	1846	5939	1692	1721	1936	1729	2415
NM_006818	1802	1723	7717	1847	3314	1693	1722	1937	1730	804
NM_006820	1803	1724	2744	119	2462	1694	1723	1938	1731	1330
NM_006829	1804	1725	2745	1848	3315	1695	1724	1939	1732	7646
NM_006843	1805	1726	1348	1849	34	1696	1725	1940	122	2416
NM_006848	1806	1727	2746	1850	3316	1697	1726	1941	1733	6994
NM_006849	1807	1728	1321	1851	3317	1698	1727	1942	1734	544
NM_006855	1808	1729	7628	1852	3318	1699	1728	1943	1735	2417
NM_006887	1809	1730	2747	1853	2614	1700	1729	379	1736	7180
NM_006914	149	1731	2748	1854	3319	1701	1730	1944	1737	360
NM_006930	1810	1732	2749	1855	1180	1702	1731	1945	1738	2418
NM_006931	1811	1733	7730	1856	2570	1703	1732	1946	1739	2419
NM_006933	1812	1734	7804	1857	3320	1704	1733	1947	1740	2420
NM_006941	1813	1735	1632	1858	1546	1705	1734	1948	1741	2421
NM_006988	1814	1736	2750	1859	2210	1706	1735	1949	1742	7789
NM_006996	1815	1737	2751	1860	3321	1707	1736	1950	1743	716
NM_007021	1816	1738	7313	1861	5496	1708	1737	1951	1744	7261
NM_007024	1817	1739	7754	1862	3322	1709	1738	1952	1745	2422
NM_007040	1818	1740	2752	1863	7668	1710	1739	1953	1746	2423
NM_007069	1819	1741	7111	245	3323	1711	1740	1954	1747	613
NM_007076	101	1742	2753	1864	3324	1712	1741	1955	1748	2424
NM_007100	1820	1743	2754	1865	5458	1713	1742	1956	1749	673
NM_007113	1821	1744	423	1866	40	1714	1743	1957	1750	151
NM_007115	159	1745	2755	54	2228	1715	1744	1958	56	2425
NM_007127	7779	1746	1460	98	3325	1716	1745	1959	1751	2426
NM_007129	1822	1747	2756	1867	3326	1717	1746	1960	1752	244
NM_007138	1823	1748	2757	1868	7180	1718	1747	1961	1753	1002
NM_007153	1824	1749	2758	1869	3327	1719	1748	1962	1754	999
NM_007175	1825	1750	7408	1870	3328	1720	1749	1963	1755	2427
NM_007178	1826	1751	7571	1871	3329	1721	1750	1964	1756	2428
NM_007186	1827	1752	2759	1872	6954	1722	1751	1965	1757	2429
NM_007197	1828	1753	2760	1873	3330	1723	1752	1966	1758	217
NM_007200	1829	1754	2761	1874	498	1724	1753	1967	1759	2430
NM_007220	1830	1755	2762	1875	3331	1725	1754	1968	1760	7493
NM_007225	1831	1756	2763	7776	2467	1726	1755	1969	1761	2431
NM_007231	1832	1757	2764	1876	2449	1727	1756	1970	1762	2432
NM_007274	1833	1758	2765	1877	355	1728	1757	1971	1763	2433
NM_007360	1834	1759	2766	1878	1600	1729	1758	1972	1764	2434
NM_007371	1835	1760	7597	1879	3332	1730	1759	1973	1765	2435
NM_012072	1836	1761	2767	1880	821	1731	1760	1974	1766	2436
NM_012092	1837	1762	2768	1881	7546	1732	1761	1975	109	2437
NM_012098	1838	1763	7778	1882	3333	1733	1762	1976	1767	7397
NM_012106	1839	1764	7593	1883	3334	1734	1763	1977	1768	2438
NM_012108	1840	1765	2769	135	2359	1735	1764	1978	1769	2439
NM_012118	75	1766	2770	1884	3335	1736	1765	1979	1770	2440
NM_012134	1841	1767	2771	1885	3336	1737	1766	1980	1771	7795
NM_012168	1842	1768	2772	1886	5408	1738	1767	1981	1772	347
NM_012170	1843	1769	1405	1887	96	1739	1768	1982	1773	2441
NM_012177	1844	1770	2773	1888	829	1740	1769	1983	1774	2442
NM_012183	1845	1771	2774	1889	3337	1741	1770	1984	1775	405
NM_012188	1846	1772	787	1890	2471	1742	1771	1985	1776	2443
NM_012193	1847	1773	7242	32	3338	1743	1772	1986	1777	2444
NM_012194	1848	1774	7283	1891	256	1744	1773	1987	1778	2445
NM_012214	1849	1775	7185	1892	3339	1745	1774	1988	1779	73
NM_012217	1850	1776	206	1893	3340	1746	1775	1989	1780	2446
NM_012242	1851	1777	2775	1894	3341	1747	1776	1990	1781	7720
NM_012244	1852	1778	7784	7748	3342	1748	1777	1991	1782	1419
NM_012262	1853	1779	7704	1895	3343	1749	1778	1992	1783	2447
NM_012278	1854	1780	2776	1896	3344	1750	1779	1993	1784	726
NM_012281	1855	1781	2777	1897	7766	1751	1780	1994	1785	2448
NM_012328	29	1782	2778	1898	3345	1752	1781	1995	1786	743
NM_012334	1856	1783	1177	1899	3346	1753	1782	1996	1787	2449
NM_012343	1857	1784	7278	1900	7254	1754	1783	1997	1788	2450
NM_012367	1858	1785	2779	1901	3347	1755	1784	1998	1789	380
NM_012384	1859	1786	1213	1902	1094	1756	1785	1999	1790	2451
NM_012396	1860	1787	2780	1903	795	41	1786	2000	1791	2452
NM_012413	1861	1788	2781	1904	3348	3	1787	2001	1792	2453
NM_012419	1862	1789	2782	1905	3349	1757	1788	2002	1793	1052
NM_012420	1863	1790	2783	141	3350	1758	1789	2003	45	2454
NM_012449	1864	1791	7412	1906	5450	1759	1790	2004	1794	2455
NM_012454	1865	1792	2784	1907	2267	1760	1791	2005	1795	2456
NM_012463	1866	1793	2785	1908	6879	1761	1792	2006	1796	2457
NM_013245	1867	1794	7337	1909	3351	1762	1793	2007	1797	2458
NM_013246	1868	1795	748	1910	3352	1763	1794	252	1798	2459
NM_013258	1869	1796	284	1911	3353	1764	1795	2008	1799	2460
NM_013271	1870	1797	2786	1912	5536	1765	1796	2009	1800	985
NM_013278	1871	1798	672	1913	3354	1766	1797	219	1801	2461
NM_013300	1872	1799	7088	1914	7524	1767	1798	2010	1802	2462
NM_013309	1873	1800	7239	1915	6745	1768	1799	2011	1803	2463
NM_013339	1874	1801	7524	1916	3355	1769	1800	2012	1804	1116
NM_013340	1875	1802	2787	1917	7757	1770	1801	2013	1805	2464
NM_013347	1876	1803	7633	1918	3356	1771	1802	2014	1806	2465
NM_013351	1877	1804	1326	1919	2277	1772	1803	2015	81	156
NM_013361	1878	1805	7083	1920	1732	1773	1804	2016	1807	2466
NM_013363	1879	1806	2788	1921	3357	1774	1805	2017	1808	462
NM_013376	1880	1807	194	1922	3358	1775	1806	2018	1809	2467
NM_013397	1881	1808	2789	1923	3359	1776	1807	2019	1810	975
NM_013430	1882	1809	2790	1924	2006	1777	1808	2020	1811	2468
NM_013435	1883	1810	1643	1925	3360	1778	1809	2021	1812	361
NM_013438	1884	1811	2791	1926	6628	1779	1810	2022	1813	2469
NM_013943	1885	1812	7592	1927	3361	1780	1811	2023	96	2470
NM_013962	1886	1813	2792	1928	3362	1781	1812	2024	1814	64
NM_013995	1887	1814	7738	1929	3363	1782	1813	2025	1815	2471
NM_014000	1888	1815	2793	1930	2534	1783	1814	2026	1816	7237
NM_014010	1889	1816	1081	1931	948	1784	1815	2027	1817	2472
NM_014015	1890	1817	7756	1932	3364	1785	1816	2028	1818	2473
NM_014033	1891	1818	7076	1933	3365	1786	1817	2029	1819	7300
NM_014034	1892	1819	7467	1934	3366	1787	1818	2030	1820	2474
NM_014058	1893	1820	2794	1935	7491	1788	1819	2031	1821	2475
NM_014077	1894	1821	2795	1936	97	1789	1820	2032	1822	2476
NM_014079	1895	1822	7137	1937	3367	1790	1821	7634	1823	117
NM_014141	1896	1823	7781	1938	3368	1791	1822	2033	1824	888
NM_014167	1897	1824	7488	1939	3369	1792	1823	2034	1825	2477
NM_014168	1898	1825	2796	1940	7659	1793	1824	2035	1826	1356
NM_014207	1899	1826	2797	1941	6380	1794	1825	2036	1827	2478
NM_014208	1900	1827	2798	1942	7716	1795	1826	2037	7792	2479
NM_014215	1901	1828	772	1943	662	1796	1827	2038	1828	833
NM_014229	1902	1829	2799	1944	3370	1797	1828	2039	1829	456
NM_014232	1903	1830	2800	1945	5894	1798	1829	2040	1830	2480
NM_014244	1904	1831	2801	1946	1515	1799	1830	2041	1831	7204
NM_014249	1905	1832	1313	1947	6019	1800	1831	2042	1832	7382
NM_014252	1906	1833	7345	1948	5419	1801	1832	2043	1833	2481
NM_014286	1907	1834	2802	1949	5756	1802	1833	2044	1834	2482
NM_014289	1908	1835	7443	1950	3371	1803	1834	2045	1835	215
NM_014314	9	1836	2803	29	2452	1804	1835	2046	7	2483
NM_014326	1909	1837	2804	1951	5517	1805	1836	2047	1836	7594
NM_014330	2	1838	1020	197	3372	1806	1837	2048	1837	2484
NM_014358	1910	1839	2805	1952	2293	1807	1838	2049	1838	2485
NM_014360	1911	1840	7187	1953	3373	1808	1839	2050	1839	382
NM_014364	1912	1841	2806	1954	3374	1809	1840	7756	1840	2486
NM_014365	1913	1842	7666	1955	3375	1810	1841	2051	1841	1122
NM_014374	1914	1843	7287	1956	386	1811	1842	2052	1842	2487
NM_014376	1915	1844	2807	1957	7221	1812	1843	2053	1843	2488
NM_014379	192	1845	2808	1958	3376	1813	1844	2054	1844	303
NM_014391	1916	1846	7251	1959	3377	1814	1845	2055	1845	253
NM_014398	82	1847	7260	265	3378	1815	1846	2056	89	249
NM_014399	1917	1848	7792	1960	3379	31	1847	2057	1846	605
NM_014405	1918	1849	7508	1961	2171	1816	1848	2058	1847	2489
NM_014417	143	1850	2809	1962	3380	1817	1849	2059	1848	7640
NM_014426	1919	1851	1117	1963	3381	1818	1850	2060	1849	2490
NM_014437	1920	1852	2810	1964	3382	1819	1851	2061	1850	548
NM_014441	1921	1853	2811	1965	2183	1820	1852	2062	1851	2491
NM_014460	1922	1854	2812	1966	3383	1821	1853	2063	1852	7596
NM_014463	1923	1855	7286	1967	3384	1822	1854	2064	1853	2492
NM_014467	1924	1856	2813	1968	3385	1823	1855	2065	1854	7068
NM_014468	1925	1857	2814	1969	861	1824	1856	2066	1855	1110
NM_014470	1926	1858	2815	1970	3386	1825	1857	2067	1856	71
NM_014501	1927	1859	2816	1971	3387	1826	1858	2068	1857	998
NM_014505	1928	1860	2817	7728	3388	1827	1859	2069	1858	7264
NM_014547	1929	1861	2818	1972	1341	1828	1860	2070	1859	2493
NM_014550	1930	1862	2819	1973	3389	1829	1861	2071	1860	781
NM_014584	1931	1863	2820	1974	1931	1830	1862	2072	1861	2494
NM_014585	1932	1864	2821	7796	5424	1831	1863	7537	1862	2495
NM_014587	1933	1865	286	1975	3390	1832	1864	2073	1863	204
NM_014600	1934	1866	7457	1976	2605	1833	1865	2074	1864	7227
NM_014618	1935	1867	2822	1977	3391	1834	1866	2075	1865	7404
NM_014620	1936	1868	2823	1978	3392	1835	1867	2076	1866	7445
NM_014630	1937	1869	2824	1979	6020	1836	1868	2077	1867	2496
NM_014683	1938	1870	512	1980	5680	1837	1869	2078	1868	2497
NM_014714	1939	1871	2825	1981	889	1838	1870	2079	1869	2498
NM_014735	1940	1872	2826	1982	6169	1839	1871	2080	1870	2499
NM_014740	1941	1873	516	1983	3393	1840	1872	2081	1871	2500
NM_014742	1942	1874	7477	1984	6487	1841	1873	2082	1872	1057
NM_014747	1943	1875	2827	1985	2472	1842	1874	2083	1873	792
NM_014817	1944	1876	131	48	6265	1843	1875	2084	1874	2501
NM_014830	1945	1877	7218	1986	3394	1844	1876	2085	1875	525
NM_014855	1946	1878	1110	1987	3395	1845	1877	2086	1876	1350
NM_014899	1947	1879	6987	1988	3396	1846	1878	2087	1877	7598
NM_014924	1948	1880	1167	1989	3397	1847	1879	2088	1878	2502
NM_014936	1949	1881	7742	1990	3398	1848	1880	2089	1879	995
NM_014939	1950	1882	2828	1991	6562	1849	1881	2090	1880	2503
NM_014941	1951	1883	1579	1992	1811	1850	1882	2091	1881	2504
NM_014997	1952	1884	2829	1993	5646	1851	1883	2092	1882	2505
NM_015055	1953	1885	2830	1994	2439	1852	1884	2093	1883	2506
NM_015070	1954	1886	544	1995	2184	1853	1885	2094	1884	2507
NM_015141	1955	1887	2831	1996	3399	1854	1886	2095	1885	609
NM_015144	1956	1888	2832	1997	2341	1855	1887	2096	1886	2508
NM_015156	1957	1889	2833	1998	6266	1856	1888	2097	1887	2509
NM_015174	1958	1890	2834	1999	7593	1857	1889	2098	1888	2510
NM_015177	1959	1891	7648	2000	3400	1858	1890	2099	1889	2511
NM_015193	160	1892	335	2001	3401	17	38	2100	1890	1100
NM_015227	1960	1893	2835	2002	862	1859	1891	2101	1891	6699
NM_015264	1961	1894	2836	2003	3402	1860	1892	2102	1892	7047
NM_015284	1962	1895	2837	2004	2342	1861	1893	2103	1893	2512
NM_015315	1963	1896	2838	2005	55	1862	1894	2104	1894	2513
NM_015349	1964	1897	2839	2006	2047	1863	1895	2105	1895	2514
NM_015351	1965	1898	2840	2007	3403	1864	1896	2106	1896	873
NM_015381	1966	1899	2841	2008	3404	1865	1897	2107	1897	718
NM_015384	1967	1900	2842	2009	7261	1866	1898	2108	1898	2515
NM_015419	1968	1901	1096	2010	5466	1867	1899	2109	1899	7803
NM_015431	1969	1902	2843	2011	5460	1868	1900	2110	1900	177
NM_015444	180	1903	2844	2012	3405	1869	1901	2111	1901	2516
NM_015469	1970	1904	7198	2013	5796	1870	1902	2112	1902	2517
NM_015472	1971	1905	567	2014	3406	1871	1903	180	1903	2518
NM_015509	1972	1906	2845	2015	7294	1872	1904	2113	1904	1364
NM_015513	1973	1907	2846	2016	5649	1873	1905	2114	1905	2519
NM_015547	1974	1908	2847	2017	2048	1874	1906	2115	7795	2520
NM_015557	1975	1909	1556	2018	2311	1875	1907	2116	1906	17
NM_015564	1976	1910	2848	2019	1516	1876	1908	7794	1907	7016
NM_015600	1977	1911	2849	2020	7262	1877	1909	2117	1908	1237
NM_015621	1978	1912	7746	2021	3407	1878	1910	2118	1909	492
NM_015660	1979	1913	2850	2022	2484	1879	1911	2119	69	2521
NM_015686	1980	1914	7266	2023	3408	1880	1912	2120	1910	107
NM_015702	1981	1915	7281	2024	3409	1881	1913	2121	1911	2522
NM_015710	1982	1916	2851	2025	3410	1882	1914	2122	1912	7433
NM_015714	1983	4	7404	2026	3411	1883	13	2123	1913	2523
NM_015720	1984	1917	2852	2027	3412	1884	1915	2124	1914	373
NM_015868	1985	1918	2853	2028	1095	1885	1916	2125	1915	2524
NM_015879	1986	1919	151	2029	3413	1886	1917	2126	1916	2525
NM_015898	1987	1920	515	2030	3414	1887	1918	2127	1917	2526
NM_015907	1988	1921	2854	150	3415	1888	1919	2128	70	2527
NM_015973	1989	1922	2855	2031	2138	1889	1920	2129	1918	930
NM_015993	1990	1923	2856	2032	3416	1890	1921	2130	1919	45
NM_016039	1991	1924	7446	2033	3417	1891	1922	2131	1920	2528
NM_016072	1992	1925	2857	2034	1424	1892	1923	2132	1921	2529
NM_016095	7788	1926	2858	2035	3418	1893	1924	2133	1922	2530
NM_016134	1993	1927	7363	2036	3419	1894	1925	2134	1923	2531
NM_016167	1994	1928	2859	2037	5853	1895	1926	2135	1924	2532
NM_016170	1995	1929	2860	2038	3420	1896	1927	2136	1925	224
NM_016190	1996	1930	2861	2039	10	1897	1928	2137	1926	2533
NM_016202	1997	1931	69	2040	3421	1898	1929	2138	1927	2534
NM_016203	1998	1932	2862	2041	7076	1899	1930	2139	1928	721
NM_016238	1999	1933	2863	2042	6322	1900	1931	2140	1929	2535
NM_016270	214	1934	1231	2043	5405	1901	1932	2141	1930	2536
NM_016306	193	1935	7577	2044	3422	1902	1933	2142	1931	2537
NM_016307	2000	1936	354	2045	1701	1903	1934	2143	1932	2538
NM_016323	65	1937	2864	17	3423	1904	1935	2144	92	153
NM_016338	2001	1938	7068	2046	6197	1905	1936	2145	1933	2539
NM_016346	2002	1939	814	2047	3424	1906	1937	2146	1934	2540
NM_016360	2003	1940	7400	2048	3425	1907	1938	2147	1935	2541
NM_016370	2004	1941	7796	2049	3426	1908	1939	2148	1936	2542
NM_016399	2005	1942	7513	2050	3427	1909	1940	2149	1937	2543
NM_016403	2006	1943	7008	2051	7756	1910	1941	2150	1938	2544
NM_016445	2007	1944	277	2052	3428	1911	1942	2151	1939	905
NM_016449	2008	1945	1097	2053	6292	1912	1943	2152	1940	2545
NM_016458	2009	1946	2865	2054	1812	1913	1944	2153	1941	2546
NM_016459	2010	1947	2866	2055	6046	1914	1945	2154	1942	2547
NM_016484	2011	1948	2867	2056	2049	1915	1946	2155	1943	2548
NM_016519	2012	1949	7797	2057	5677	1916	1947	2156	1944	2549
NM_016520	2013	1950	2868	2058	6047	1917	1948	2157	1945	2550
NM_016521	2014	1951	2869	2059	3429	1918	1949	87	1946	2551
NM_016562	2015	1952	2870	240	656	22	1950	2158	23	2552
NM_016577	2016	1953	7140	2060	3430	1919	1951	2159	1947	474
NM_016580	2017	1954	1043	2061	3431	1920	1952	2160	1948	2553
NM_016591	2018	1955	2871	200	3432	1921	1953	2161	1949	2554
NM_016823	2019	1956	2872	2062	6425	1922	1954	2162	1950	2555
NM_016938	2020	1957	2873	2063	573	1923	1955	2163	1951	7459
NM_017415	2021	1958	1244	2064	6794	1924	1956	2164	1952	7321
NM_017417	2022	1959	2874	2065	652	1925	1957	2165	1953	2556
NM_017434	2023	1960	2875	2066	6091	1926	1958	7561	1954	2557
NM_017442	2024	1961	1082	2067	61	1927	1959	2166	1955	2558
NM_017493	2025	1962	2876	2068	325	1928	1960	2167	1956	2559
NM_017515	2026	1963	2877	2069	3433	1929	1961	2168	1957	125
NM_017516	2027	1964	7484	2070	1049	1930	1962	2169	1958	369
NM_017521	2028	1965	2878	2071	3434	1931	1963	2170	1959	20
NM_017551	2029	1966	2879	2072	3435	1932	1964	2171	1960	955
NM_017614	2030	1967	2880	2073	6198	1933	1965	2172	1961	2560
NM_017633	168	1968	2881	2074	2553	1934	1966	2173	87	2561
NM_017654	2031	1969	2882	103	2453	1935	1967	2174	1962	2562
NM_017655	2032	1970	2883	2075	5485	1936	1968	2175	1963	776
NM_017677	2033	1971	2884	2076	3436	1937	1969	2176	1964	142
NM_017734	2034	1972	7214	2077	3437	1938	1970	2177	1965	7063
NM_017767	2035	1973	2885	2078	5827	1939	1971	2178	1966	219
NM_017791	2036	1974	7451	2079	3438	1940	1972	2179	47	115
NM_017793	2037	1975	2886	2080	3439	1941	1973	2180	1967	239
NM_017827	2038	1976	2887	2081	7143	1942	1974	2181	1968	2563
NM_017831	2039	1977	2888	7738	3440	1943	1975	2182	1969	50
NM_017860	2040	1978	2889	2082	5660	1944	1976	2183	1970	2564
NM_017884	2041	1979	2890	2083	6831	1945	1977	2184	1971	2565
NM_017956	2042	1980	7615	2084	3441	1946	1978	2185	1972	2566
NM_017966	2043	1981	2891	2085	6926	1947	1979	2186	1973	2567
NM_018008	2044	1982	1397	2086	6881	1948	1980	2187	1974	915
NM_018012	2045	1983	2892	2087	3442	1949	1981	2188	1975	7567
NM_018015	2046	1984	2893	2088	3443	1950	1982	2189	1976	619
NM_018029	2047	1985	7644	2089	3444	1951	1983	2190	1977	2568
NM_018032	2048	1986	2894	2090	5606	1952	1984	2191	1978	2569
NM_018057	2049	1987	7662	2091	2139	1953	1985	7516	1979	316
NM_018058	2050	1988	7365	2092	3445	1954	1986	2192	1980	247
NM_018103	2051	1989	1098	2093	6114	1955	1987	2193	1981	2570
NM_018112	2052	1990	7466	2094	6141	1956	1988	2194	1982	2571
NM_018153	2053	1991	2895	2095	5472	1957	1989	2195	1983	7766
NM_018154	7789	1992	7127	2096	3446	1958	1990	2196	1984	799
NM_018176	2054	1993	2896	2097	3447	1959	1991	2197	1985	31
NM_018192	2055	1994	2897	2098	3448	1960	1992	2198	1986	895
NM_018207	2056	1995	1304	2099	186	1961	1993	2199	1987	2572
NM_018210	2057	1996	2898	2100	6048	1962	1994	2200	1988	2573
NM_018226	2058	1997	2899	2101	252	1963	1995	2201	1989	2574
NM_018242	2059	1998	2900	2102	3449	1964	1996	7656	1990	203
NM_018257	2060	1999	2901	2103	7422	1965	1997	2202	1991	2575
NM_018279	7772	2000	7695	2104	3450	1966	1998	2203	1992	2576
NM_018295	2061	2001	7702	166	2328	1967	1999	2204	1993	7384
NM_018327	2062	2002	2902	7723	6623	1968	2000	7524	1994	2577
NM_018339	2063	2003	7471	2105	3451	1969	2001	2205	1995	1098
NM_018373	2064	2004	7750	2106	3452	1970	2002	2206	1996	2578
NM_018380	2065	2005	2903	2107	3453	1971	2003	2207	1997	1093
NM_018402	2066	2006	2904	2108	6426	1972	2004	2208	1998	2579
NM_018406	2067	2007	406	2109	2532	1973	2005	247	1999	237
NM_018407	2068	2008	7542	2110	3454	1974	2006	2209	2000	2580
NM_018419	2069	2009	2905	2111	3455	1975	2007	2210	2001	169
NM_018424	2070	2010	7100	2112	3456	1976	2008	2211	2002	868
NM_018445	181	2011	2906	2113	3457	1977	2009	2212	2003	2581
NM_018447	2071	2012	7515	2114	3458	1978	2010	2213	2004	2582
NM_018457	2072	2013	2907	2115	1477	1979	2011	2214	2005	2583
NM_018478	2073	2014	857	2116	5784	1980	2012	2215	2006	6823
NM_018530	2074	2015	2908	2117	1443	1981	2013	2216	2007	2584
NM_018558	2075	2016	6978	2118	3459	1982	2014	2217	2008	24
NM_018561	2076	2017	1129	2119	3460	1983	2015	2218	2009	2585
NM_018566	2077	2018	2909	2120	1733	1984	2016	2219	2010	2586
NM_018584	2078	2019	2910	2121	3461	1985	2017	2220	2011	7107
NM_018646	2079	2020	2911	2122	6105	1986	2018	2221	2012	2587
NM_018649	2080	2021	7687	2123	3462	1987	2019	2222	2013	1326
NM_018655	2081	2022	2912	2124	7120	1988	2020	2223	2014	2588
NM_018665	2082	2023	2913	2125	5672	1989	2021	7618	2015	2589
NM_018670	2083	2024	2914	2126	6746	1990	2022	2224	2016	1021
NM_018711	2084	2025	2915	2127	5504	1991	2023	2225	2017	667
NM_018833	2085	2026	2916	2128	2288	1992	2024	2226	2018	1231
NM_018841	2086	2027	2917	2129	7470	1993	2025	2227	2019	2590
NM_018847	2087	2028	7783	2130	3463	1994	2026	2228	2020	2591
NM_018890	2088	2029	630	2131	1547	1995	2027	2229	2021	2592
NM_018899	2089	2030	7366	2132	1478	1996	2028	2230	2022	771
NM_018930	2090	2031	2918	2133	3464	1997	2029	2231	2023	7630
NM_018931	2091	2032	7364	2134	3465	1998	2030	2232	2024	7462
NM_018932	2092	2033	7469	2135	3466	1999	2031	2233	2025	7439
NM_018933	2093	2034	7437	2136	3467	2000	2032	2234	2026	2593
NM_018942	2094	2035	2919	2137	3468	2001	2033	2235	2027	37
NM_018945	2095	2036	2920	7803	3469	2002	2034	2236	2028	7284
NM_018965	2096	2037	2921	2138	64	2003	2035	2237	2029	2594
NM_018969	2097	2038	2922	2139	975	2004	2036	2238	2030	2595
NM_018971	2098	2039	7044	2140	2406	2005	2037	2239	2031	98
NM_019013	2099	2040	1179	2141	3470	2006	2038	2240	2032	2596
NM_019015	2100	2041	7725	2142	3471	2007	2039	2241	2033	2597
NM_019018	2101	2042	7535	2143	2440	2008	2040	2242	2034	2598
NM_019046	2102	2043	2923	2144	7772	2009	2041	2243	2035	2599
NM_019058	2103	28	2924	2145	3472	2010	2042	2244	2036	2600
NM_019059	2104	2044	7409	2146	3473	2011	2043	2245	2037	2601
NM_019074	2105	2045	1254	2147	217	40	2044	2246	2038	2602
NM_019089	2106	2046	2925	2148	3474	19	2045	2247	2039	95
NM_019105	2107	50	2926	2149	3475	2012	2046	2248	2040	7659
NM_019106	2108	2047	6995	2150	3476	2013	2047	2249	2041	18
NM_019108	2109	2048	2927	2151	7144	2014	2048	2250	2042	2603
NM_019111	2110	2049	7328	2152	3477	2015	2049	222	104	2604
NM_019119	2111	2050	7122	2153	7648	2016	2050	2251	2043	6696
NM_019120	2112	2051	7505	2154	7043	2017	2051	2252	2044	2605
NM_019554	2113	2052	2928	2155	3478	2018	2052	2253	2045	7406
NM_019601	2114	2053	2929	2156	3479	2019	2053	2254	2046	7158
NM_019845	2115	2054	2930	2157	3480	2020	2054	2255	2047	752
NM_019851	2116	2055	2931	2158	7319	2021	2055	2256	2048	2606
NM_019884	2117	2056	2932	2159	5585	2022	2056	2257	2049	2607
NM_020056	2118	2057	2933	2160	3481	2023	2057	363	2050	591
NM_020063	2119	2058	2934	2161	3482	2024	2058	2258	2051	378
NM_020130	2120	17	2935	2162	3483	2025	2059	2259	2052	7739
NM_020142	2121	2059	1471	2163	976	2026	2060	2260	2053	7478
NM_020186	2122	2060	7552	2164	3484	2027	2061	2261	2054	2608
NM_020204	2123	2061	2936	2165	3485	2028	2062	2262	2055	7687
NM_020209	2124	2062	1342	2166	3486	2029	2063	2263	2056	257
NM_020225	2125	2063	2937	2167	5493	2030	2064	2264	2057	367
NM_020232	2126	2064	2938	2168	7683	2031	2065	2265	2058	2609
NM_020307	2127	2065	234	2169	3487	2032	2066	2266	2059	2610
NM_020309	2128	2066	2939	2170	3488	2033	2067	2267	2060	112
NM_020311	2129	2067	2940	2171	3489	2034	2068	2268	2061	7675
NM_020315	2130	2068	2941	2172	2565	2035	2069	2269	2062	1073
NM_020335	2131	2069	7655	2173	3490	2036	2070	2270	2063	2611
NM_020340	2132	2070	2942	2174	3491	2037	2071	2271	2064	267
NM_020376	2133	2071	138	2175	6955	2038	2072	2272	2065	2612
NM_020394	2134	2072	7078	2176	6049	2039	2073	2273	2066	1149
NM_020404	2135	2073	2943	2177	3492	2040	2074	2274	102	7705
NM_020405	2136	2074	24	7746	2219	2041	2075	2275	2067	2613
NM_020406	2137	2075	2944	2178	11	2042	2076	2276	2068	2614
NM_020431	2138	2076	2945	7740	3493	2043	2077	2277	2069	120
NM_020433	2139	2077	2946	2179	2488	2044	2078	2278	2070	7473
NM_020466	2140	2078	788	2180	6805	2045	2079	2279	2071	2615
NM_020469	2141	2079	2947	2181	3494	2046	2080	2280	2072	576
NM_020474	2142	2080	7362	2182	3495	2047	2081	2281	2073	2616
NM_020529	18	2081	2948	218	3496	2048	2082	157	2074	2617
NM_020533	2143	2082	2949	2183	3497	2049	2083	2282	2075	1096
NM_020639	2144	2083	408	2184	3498	2050	2084	2283	2076	148
NM_020646	2145	2084	2950	2185	2150	2051	2085	2284	2077	2618
NM_020647	2146	2085	2951	2186	6493	2052	2086	2285	2078	449
NM_020648	2147	2086	7563	2187	3499	2053	2087	2286	2079	6700
NM_020655	2148	2087	2952	2188	5555	2054	2088	2287	2080	559
NM_020686	2149	2088	2953	2189	6727	2055	2089	2288	2081	2619
NM_020689	2150	2089	106	2190	6090	2056	2090	2289	2082	2620
NM_020697	2151	2090	1010	2191	3500	2057	2091	7607	2083	7799
NM_020709	2152	2091	7458	2192	2533	2058	2092	2290	2084	2621
NM_020753	2153	2092	7520	2193	5428	2059	2093	2291	2085	2622
NM_020754	2154	2093	2954	2194	7163	2060	2094	240	2086	2623
NM_020764	2155	2094	2955	2195	7638	2061	2095	2292	2087	1314
NM_020778	2156	2095	2956	2196	3501	2062	2096	2293	2088	12
NM_020783	2157	2096	2957	2197	3502	2063	2097	15	2089	2624
NM_020798	2158	2097	650	2198	2080	2064	2098	2294	2090	2625
NM_020814	2159	2098	2958	2199	5712	2065	50	2295	2091	7343
NM_020815	2160	2099	2959	2200	6050	2066	2099	2296	2092	2626
NM_020853	2161	2100	2960	2201	3503	2067	2100	2297	2093	565
NM_020855	2162	2101	7158	2202	3504	2068	2101	2298	2094	1064
NM_020869	2163	2102	2961	2203	6367	2069	2102	2299	2095	2627
NM_020889	2164	2103	1590	2204	1771	2070	2103	2300	2096	2628
NM_020905	2165	2104	2962	2205	25	2071	2104	2301	2097	2629
NM_020925	2166	2105	1142	2206	5470	2072	2105	2302	2098	2630
NM_020928	2167	2106	377	2207	5439	2073	2106	2303	2099	2631
NM_020949	2168	2107	2963	2208	3505	2074	2107	2304	2100	7793
NM_020950	2169	2108	971	2209	2212	2075	2108	2305	2101	2632
NM_020954	2170	2109	7482	107	3506	2076	2109	2306	110	6995
NM_020975	2171	2110	2964	59	5729	2077	2110	2307	2102	358
NM_020982	2172	2111	301	7791	5417	2078	2111	2308	2103	1236
NM_021005	2173	2112	7073	2210	3507	2079	2112	2309	2104	7422
NM_021019	2174	2113	2965	2211	3508	2080	2113	2310	2105	7023
NM_021025	2175	2114	1384	2212	3509	2081	2114	2311	2106	70
NM_021027	2176	2115	2966	2213	7190	2082	2115	2312	2107	2633
NM_021032	2177	2116	2967	2214	3510	2083	2116	2313	2108	571
NM_021058	2178	2117	2968	78	3511	2084	2117	2314	2109	454
NM_021064	2179	2118	2969	2215	127	2085	2118	2315	2110	2634
NM_021076	2180	2119	2970	2216	3512	2086	2119	2316	2111	426
NM_021083	2181	2120	7762	2217	3513	2087	2120	2317	2112	306
NM_021089	2182	2121	2971	2218	914	2088	2121	2318	2113	2635
NM_021101	58	2122	7262	2219	3514	2089	2122	2319	2114	2636
NM_021116	2183	2123	7489	2220	3515	2090	2123	2320	2115	128
NM_021127	15	2124	2972	27	3516	2091	2124	2321	2116	452
NM_021158	2184	2125	7338	2221	2242	2092	2125	2322	2117	1163
NM_021175	2185	2126	2973	2222	292	2093	2126	2323	28	2637
NM_021184	2186	2127	7788	2223	3517	2094	2127	2324	2118	2638
NM_021195	2187	2128	164	2224	3518	2095	2128	2325	2119	1255
NM_021214	2188	2129	7368	2225	3519	2096	2129	2326	2120	2639
NM_021220	2189	2130	866	2226	3520	2097	2130	2327	2121	2640
NM_021237	2190	2131	2974	2227	3521	2098	2131	2328	2122	1067
NM_021245	2191	2132	2975	2228	7100	2099	2132	2329	2123	7771
NM_021257	2192	2133	2976	2229	3522	2100	2133	2330	2124	433
NM_021570	2193	2134	2977	2230	3523	2101	2134	2331	2125	118
NM_021599	2194	2135	2978	2231	3524	2102	2135	2332	2126	7127
NM_021620	2195	2136	931	2232	3525	2103	2136	2333	2127	604
NM_021637	2196	2137	7586	2233	3526	2104	2137	2334	2128	2641
NM_021649	2197	2138	7012	2234	1479	2105	2138	2335	2129	6688
NM_021795	2198	2139	7624	2235	3527	2106	2139	2336	2130	2642
NM_021819	2199	2140	2979	2236	173	2107	2140	2337	2131	6857
NM_021826	2200	2141	7526	2237	3528	2108	2141	2338	2132	2643
NM_021908	2201	2142	2980	2238	2148	2109	2142	2339	2133	2644
NM_021962	2202	2143	2981	2239	6563	2110	2143	2340	2134	2645
NM_021963	2203	2144	2982	2240	3529	2111	2144	2341	2135	162
NM_021978	2204	2145	14	2241	3530	38	2145	2342	2136	53
NM_021979	2205	2146	714	2242	3531	2112	2146	2343	2137	2646
NM_021992	2206	2147	7397	2243	3532	2113	2147	7579	2138	632
NM_021999	2207	2148	7636	2244	3533	2114	2148	2344	2139	2647
NM_022006	2208	2149	1447	2245	3534	2115	2149	2345	2140	931
NM_022044	72	2150	2983	2246	3535	2116	2150	2346	2141	1104
NM_022054	2209	2151	2984	2247	2368	2117	2151	2347	2142	184
NM_022055	2210	2152	2985	2248	3536	2118	2152	2348	2143	328
NM_022059	2211	2153	7426	2249	3537	2119	2153	2349	2144	2648
NM_022073	2212	2154	2986	2250	2230	2120	2154	2350	2145	288
NM_022096	2213	2155	2987	2251	6199	2121	2155	2351	2146	2649
NM_022097	2214	2156	2988	2252	3538	2122	2156	2352	2147	442
NM_022147	196	2157	2989	33	3539	2123	2157	2353	71	6940
NM_022157	2215	2158	2990	2253	2319	2124	2158	2354	2148	1114
NM_022159	2216	2159	2991	2254	3540	2125	2159	82	2149	2650
NM_022160	2217	2160	2992	2255	3541	2126	2160	2355	2150	280
NM_022168	3	2161	7221	39	2330	2127	2161	2356	24	2651
NM_022344	2218	2162	7051	2256	7405	2128	2162	2357	2151	2652
NM_022351	2219	2163	7565	2257	3542	2129	2163	2358	2152	2653
NM_022363	2220	2164	496	2258	3543	2130	2164	2359	2153	518
NM_022375	2221	2165	2993	2259	1588	2131	2165	2360	2154	2654
NM_022459	2222	2166	2994	2260	7135	2132	2166	2361	2155	2655
NM_022480	2223	2167	2995	2261	3544	2133	2167	2362	2156	1095
NM_022496	2224	2168	2996	2262	616	2134	2168	2363	2157	2656
NM_022549	2225	2169	7417	277	1652	2135	2169	2364	2158	2657
NM_022566	2226	2170	7587	2263	3545	2136	2170	2365	2159	2658
NM_022726	2227	2171	2997	2264	6240	2137	2171	2366	2160	451
NM_022748	2228	2172	2998	2265	1772	2138	2172	2367	2161	7235
NM_022766	2229	2173	2999	2266	2231	2139	2173	2368	2162	2659
NM_022780	2230	2174	7647	2267	3546	2140	2174	2369	2163	2660
NM_022802	2231	2175	3000	2268	564	2141	2175	2370	2164	2661
NM_022817	2232	2176	3001	2269	2401	2142	2176	2371	2165	2662
NM_022843	2233	2177	7268	2270	3547	2143	2177	2372	2166	199
NM_022908	2234	2178	3002	2271	7710	2144	2178	2373	2167	2663
NM_023002	2235	2179	3003	2272	7403	2145	2179	2374	2168	2664
NM_023004	2236	2180	3004	2273	2380	2146	2180	2375	2169	691
NM_023008	2237	2181	631	2274	5395	2147	2181	2376	2170	2665
NM_023921	2238	2182	3005	2275	7136	2148	2182	2377	2171	2666
NM_023922	2239	2183	3006	2276	1072	2149	2183	2378	2172	2667
NM_023940	2240	2184	1476	2277	2473	2150	2184	2379	2173	466
NM_024009	2241	2185	3007	2278	3548	2151	2185	2380	2174	527
NM_024015	2242	2186	3008	2279	5866	2152	2186	2381	2175	615
NM_024017	2243	2187	7125	2280	3549	2153	2187	2382	2176	399
NM_024019	2244	2188	3009	2281	3550	2154	2188	2383	2177	534
NM_024036	2245	2189	6949	2282	2007	2155	2189	2384	2178	2668
NM_024037	2246	2190	3010	2283	1813	2156	2190	2385	2179	1140
NM_024060	2247	2191	7207	2284	5512	2157	2191	2386	2180	7141
NM_024065	2248	2192	3011	2285	2297	2158	2192	2387	2181	344
NM_024074	2249	2193	3012	2286	3551	2159	2193	2388	2182	110
NM_024092	2250	2194	7403	2287	3552	2160	2194	2389	2183	2669
NM_024094	2251	2195	7190	2288	7349	2161	2195	2390	2184	899
NM_024097	2252	2196	3013	2289	6728	2162	2196	2391	2185	2670
NM_024116	2253	2197	3014	2290	7527	2163	2197	2392	2186	2671
NM_024164	2254	2198	375	2291	3553	2164	2198	2393	2187	2672
NM_024292	2255	2199	3015	2292	143	2165	2199	209	2188	2673
NM_024501	2256	2200	3016	2293	3554	2166	2200	2394	2189	74
NM_024509	2257	2201	7806	2294	3555	2167	2201	2395	2190	2674
NM_024518	2258	2202	3017	2295	3556	2168	2202	2396	2191	828
NM_024577	2259	2203	7275	2296	3557	2169	2203	2397	2192	6993
NM_024581	2260	2204	3018	2297	1377	2170	2204	2398	2193	194
NM_024591	2261	2205	7349	2298	3558	2171	2205	2399	2194	2675
NM_024600	2262	2206	3019	2299	3559	2172	2206	2400	2195	7179
NM_024613	2263	2207	7553	2300	3560	2173	2207	2401	2196	2676
NM_024625	37	2208	3020	56	243	2174	2208	2402	2197	2677
NM_024637	2264	2209	6974	2301	3561	2175	2209	2403	2198	7394
NM_024640	2265	2210	3021	2302	3562	2176	2210	2404	2199	996
NM_024642	2266	2211	3022	2303	2276	2177	2211	2405	2200	2678
NM_024649	2267	2212	3023	2304	3563	2178	2212	2406	2201	7165
NM_024652	2268	2213	3024	2305	3564	2179	2213	2407	2202	7119
NM_024671	2269	2214	3025	2306	3565	2180	2214	2408	2203	131
NM_024705	2270	2215	1162	2307	5541	2181	2215	2409	2204	2679
NM_024706	2271	2216	3026	2308	5708	2182	2216	2410	2205	2680
NM_024708	2272	2217	3027	2309	7295	2183	2217	2411	2206	2681
NM_024741	2273	2218	3028	2310	631	2184	2218	2412	2207	1171
NM_024742	2274	2219	540	2311	430	2185	2219	217	2208	2682
NM_024761	2275	2220	3029	2312	3566	2186	2220	2413	2209	734
NM_024769	2276	2221	3030	2313	3567	2187	2221	2414	2210	7274
NM_024787	2277	2222	7212	2314	1653	2188	2222	2415	2211	1102
NM_024807	2278	2223	3031	2315	1621	2189	2223	2416	2212	2683
NM_024829	2279	2224	1011	2316	3568	2190	2224	2417	2213	1036
NM_024906	2280	2225	7654	2317	3569	2191	2225	2418	2214	2684
NM_024928	2281	2226	7551	2318	3570	2192	2226	2419	2215	2685
NM_024949	2282	2227	3032	2319	2050	2193	2227	2420	2216	2686
NM_024953	2283	2228	3033	2320	499	2194	2228	2421	2217	2687
NM_025047	2284	2229	3034	2321	3571	2195	34	2422	2218	809
NM_025106	2285	2230	3035	210	3572	2196	2229	2423	2219	2688
NM_025115	2286	2231	3036	2322	2051	2197	2230	2424	2220	1390
NM_025153	2287	2232	3037	2323	90	2198	2231	2425	2221	2689
NM_025179	2288	2233	3038	2324	6170	2199	2232	2426	2222	1404
NM_025201	2289	2234	3039	2325	337	2200	2233	2427	2223	2690
NM_025222	2290	2235	7579	2326	3573	2201	2234	2428	2224	2691
NM_025224	2291	2236	3040	2327	930	2202	2235	2429	2225	2692
NM_025261	2292	2237	3041	2328	1957	2203	2236	2430	2226	2693
NM_025262	2293	2238	3042	2329	7006	2204	2237	2431	2227	2694
NM_025263	2294	2239	3043	2330	1991	2205	2238	2432	2228	2695
NM_030576	2295	2240	1604	2331	5744	2206	2239	2433	2229	2696
NM_030622	2296	2241	3044	2332	3574	2207	2240	2434	2230	422
NM_030636	2297	2242	3045	7771	2355	2208	2241	2435	2231	2697
NM_030754	2298	2243	3046	2333	3575	2209	2242	255	33	2698
NM_030762	226	2244	3047	2334	3576	2210	2243	2436	2232	871
NM_030763	2299	2245	7261	2335	3577	2211	2244	2437	2233	528
NM_030775	2300	2246	3048	7798	3578	2212	2245	2438	2234	2699
NM_030790	2301	2247	3049	2336	1891	2213	2246	2439	2235	2700
NM_030816	2302	2248	3050	2337	3579	2214	2247	102	2236	2701
NM_030891	2303	2249	7720	2338	3580	2215	2248	2440	2237	2702
NM_030907	2304	2250	7785	2339	3581	2216	2249	2441	2238	2703
NM_030915	2305	2251	3051	2340	2552	2217	2250	2442	2239	7582
NM_030952	152	2252	351	2341	2436	2218	2251	2443	2240	2704
NM_030953	2306	2253	3052	2342	7394	2219	2252	2444	2241	2705
NM_030979	2307	2254	3053	2343	3582	2220	2253	2445	2242	7108
NM_031313	2308	2255	3054	2344	2306	2221	2254	2446	2243	727
NM_031407	2309	2256	893	2345	2586	2222	2255	2447	2244	1403
NM_031419	148	2257	279	2346	2270	2223	2256	194	2245	2706
NM_031439	2310	2258	1633	2347	3583	2224	2257	2448	2246	1040
NM_031442	2311	2259	3055	246	3584	2225	2258	2449	2247	7228
NM_031459	2312	55	3056	2348	5895	2226	2259	2450	2248	2707
NM_031461	2313	2260	7199	2349	1313	2227	2260	2451	2249	887
NM_031464	2314	2261	523	2350	3585	2228	2261	2452	2250	2708
NM_031479	2315	1	3057	2351	3586	2229	2262	7781	2251	2709
NM_031484	2316	2262	7204	2352	5487	2230	2263	2453	2252	7263
NM_031866	2317	2263	7153	2353	3587	2231	2264	2454	2253	114
NM_031886	2318	2264	1533	2354	3588	2232	2265	2455	2254	22
NM_031895	2319	2265	1580	2355	5636	2233	2266	2456	2255	866
NM_031948	2320	2266	3058	2356	238	2234	2267	2457	2256	2710
NM_031950	2321	2267	3059	2357	915	2235	2268	2458	2257	7187
NM_031957	2322	2268	3060	2358	3589	2236	2269	2459	2258	7728
NM_031958	2323	2269	3061	2359	3590	2237	2270	60	2259	7762
NM_031960	2324	2270	3062	2360	3591	2238	2271	113	2260	6882
NM_031965	2325	2271	3063	2361	23	2239	2272	2460	2261	2711
NM_032019	2326	2272	3064	2362	1425	2240	7802	2461	2262	2712
NM_032036	2327	2273	3065	2363	7632	2241	2273	2462	2263	2713
NM_032040	2328	2274	7760	2364	6106	2242	2274	2463	2264	2714
NM_032043	2329	2275	3066	2365	977	2243	2275	2464	2265	2715
NM_032091	2330	2276	3067	2366	6747	2244	2276	2465	2266	1038
NM_032102	2331	2277	3068	2367	5582	2245	2277	2466	2267	2716
NM_032107	2332	2278	3069	2368	3592	2246	2278	2467	2268	825
NM_032120	2333	2279	3070	2369	7213	2247	2279	2468	2269	2717
NM_032138	2334	2280	7716	2370	3593	2248	2280	2469	2270	2718
NM_032160	2335	2281	3071	7750	3594	2249	2281	2470	2271	7695
NM_032192	2336	2282	70	2371	3595	2250	2282	2471	2272	2719
NM_032208	2337	2283	3072	2372	3596	2251	2283	2472	2273	7330
NM_032229	2338	2284	3073	2373	3597	2252	2284	2473	2274	7784
NM_032239	2339	2285	7028	2374	7759	2253	2285	2474	2275	1218
NM_032266	2340	2286	7602	2375	3598	2254	2286	7518	2276	6727
NM_032287	2341	2287	7767	2376	3599	2255	2287	2475	2277	2720
NM_032306	2342	2288	743	2377	6267	2256	2288	2476	2278	2721
NM_032330	2343	2289	3074	2378	5652	2257	2289	2477	2279	2722
NM_032331	2344	2290	3075	2379	3600	2258	2290	2478	2280	991
NM_032375	2345	2291	7235	2380	5692	2259	2291	365	2281	2723
NM_032413	2346	2292	3076	138	3601	2260	2292	342	2282	682
NM_032414	2347	2293	3077	2381	3602	2261	2293	2479	2283	7756
NM_032427	2348	2294	7113	2382	3603	2262	2294	2480	2284	7064
NM_032435	2349	2295	3078	2383	2455	2263	2295	2481	2285	67
NM_032449	2350	2296	3079	2384	7540	2264	2296	2482	2286	2724
NM_032458	2351	2297	7063	2385	6713	2265	2297	2483	2287	2725
NM_032505	2352	2298	7010	2386	2507	2266	2298	2484	2288	61
NM_032521	2353	2299	3080	2387	3604	2267	2299	2485	2289	108
NM_032526	2354	2300	3081	2388	3605	2268	2300	2486	2290	470
NM_032527	2355	2301	3082	2389	1734	2269	2301	2487	2291	2726
NM_032551	2356	2302	228	2390	3606	2270	2302	2488	2292	1278
NM_032554	2357	2303	3083	2391	6636	2271	2303	2489	2293	2727
NM_032594	2358	2304	715	2392	3607	2272	2304	7682	2294	2728
NM_032622	2359	2305	3084	2393	2081	2273	2305	2490	2295	2729
NM_032646	2360	2306	682	2394	3608	2274	2306	2491	2296	1339
NM_032648	2361	2307	1524	2395	438	2275	2307	2492	2297	6909
NM_032683	2362	2308	3085	2396	3609	2276	2308	2493	2298	815
NM_032714	2363	2309	3086	2397	6564	2277	2309	2494	2299	2730
NM_032717	2364	2310	3087	2398	5546	2278	2310	2495	2300	374
NM_032727	2365	2311	405	2399	7534	2279	2311	2496	2301	241
NM_032765	2366	2312	3088	2400	254	2280	2312	2497	2302	2731
NM_032782	2367	2313	3089	2401	2353	2281	2313	2498	79	2732
NM_032800	2368	2314	3090	2402	3610	2282	2314	2499	2303	7399
NM_032801	2369	2315	3091	2403	890	2283	2315	2500	2304	2733
NM_032833	2370	2316	7493	2404	3611	2284	2316	2501	2305	2734
NM_032876	2371	2317	3092	2405	7360	2285	2317	2502	2306	6860
NM_032882	2372	2318	3093	2406	1245	2286	2318	2503	2307	2735
NM_032932	2373	2319	3094	2407	6171	2287	2319	2504	2308	1031
NM_032936	2374	2320	7301	2408	3612	2288	2320	2505	2309	2736
NM_032947	2375	2321	7651	2409	3613	2289	2321	2506	2310	2737
NM_032959	2376	2322	3095	2410	7063	2290	2322	2507	2311	2738
NM_032995	2377	2323	3096	2411	1517	2291	2323	244	2312	2739
NM_033027	2378	2324	3097	2412	2438	2292	2324	2508	2313	2740
NM_033049	2379	2325	3098	2413	1880	2293	2325	2509	9	2741
NM_033050	2380	2326	3099	2414	1240	2294	2326	2510	29	2742
NM_033068	2381	2327	187	2415	3614	2295	2327	7677	2314	2743
NM_033082	2382	2328	3100	2416	6908	2296	2328	2511	2315	2744
NM_033085	2383	2329	3101	2417	7731	2297	2329	2512	2316	2745
NM_033102	2384	2330	7126	2418	3615	2298	2330	2513	2317	710
NM_033103	2385	2331	3102	7737	3616	2299	2331	2514	2318	851
NM_033104	2386	2332	1506	2419	5758	2300	2332	2515	2319	2746
NM_033107	2387	2333	3103	2420	5602	2301	2333	2516	2320	2747
NM_033129	2388	2334	479	2421	3617	2302	2334	2517	2321	2748
NM_033131	2389	2335	7324	2422	6257	2303	2335	2518	2322	2749
NM_033133	2390	2336	3104	2423	125	2304	2336	2519	2323	2750
NM_033158	2391	2337	3105	2424	6533	2305	2337	2520	2324	2751
NM_033176	2392	2338	3106	2425	3618	2306	2338	2521	2325	341
NM_033195	2393	2339	749	2426	3619	2307	2339	2522	2326	2752
NM_033196	2394	2340	3107	2427	3620	2308	2340	2523	2327	568
NM_033199	227	2341	3108	2428	3621	2309	2341	2524	2328	7118
NM_033208	2395	2342	7511	2429	3622	2310	2342	2525	2329	2753
NM_033238	2396	2343	3109	233	2569	2311	2343	350	44	6887
NM_033240	2397	2344	3110	214	655	2312	2344	2526	2330	2754
NM_033260	2398	2345	3111	7741	3623	2313	41	2527	2331	2755
NM_033306	2399	2346	3112	2430	511	2314	2345	2528	2332	2756
NM_033313	2400	2347	3113	2431	5996	2315	2346	2529	2333	2757
NM_033315	2401	2348	7566	2432	3624	2316	2347	2530	2334	2758
NM_033316	2402	2349	3114	2433	2419	2317	2348	2531	2335	476
NM_033341	2403	2350	239	2434	3625	2318	2349	2532	2336	6728
NM_033342	2404	2351	3115	2435	3626	2319	2350	2533	2337	263
NM_033386	2405	2352	3116	2436	5754	2320	2351	2534	2338	2759
NM_033387	2406	2353	7234	2437	3627	2321	2352	2535	2339	965
NM_033400	2407	2354	3117	2438	412	2322	2353	2536	2340	2760
NM_033445	2408	2355	357	2439	3628	2323	2354	2537	2341	1331
NM_033482	2409	2356	3118	2440	3629	2324	2355	2538	2342	403
NM_033655	2410	2357	3119	2441	3630	2325	2356	2539	2343	471
NM_044472	2411	2358	7474	2442	3631	2326	2357	2540	2344	2761
NM_052819	2412	2359	3120	2443	5896	2327	2358	2541	2345	2762
NM_052841	2413	2360	147	2444	3632	2328	2359	2542	2346	2763
NM_052846	2414	2361	7416	2445	3633	2329	2360	2543	2347	63
NM_052854	2415	2362	3121	2446	3634	2330	2361	2544	2348	7506
NM_052855	2416	2363	3122	2447	7222	2331	2362	2545	2349	2764
NM_052857	2417	2364	7699	2448	3635	2332	2363	2546	2350	2765
NM_052858	2418	2365	7146	2449	3636	2333	2364	2547	2351	183
NM_052859	2419	67	1262	2450	7774	2334	2365	2548	2352	2766
NM_052863	2420	2366	306	2451	7806	2335	2366	2549	2353	329
NM_052870	2421	2367	1119	2452	1148	2336	2367	2550	2354	2767
NM_052889	2422	2368	3123	2453	1480	2337	2368	2551	2355	2768
NM_052899	2423	2369	7627	2454	7720	2338	2369	2552	2356	2769
NM_052906	2424	2370	7042	2455	1444	2339	2370	2553	2357	7091
NM_052909	2425	2371	3124	2456	1958	2340	2371	2554	2358	2770
NM_052920	2426	2372	3125	2457	3637	2341	2372	353	2359	364
NM_052923	2427	2373	3126	2458	3638	2342	2373	2555	2360	187
NM_052941	22	2374	3127	4	2437	2343	2374	2556	18	2771
NM_052942	2428	2375	3128	87	3639	2344	2375	2557	2361	2772
NM_052943	2429	2376	1370	2459	3640	2345	2376	2558	2362	507
NM_052951	2430	2377	7177	2460	2008	2346	2377	2559	2363	2773
NM_052957	2431	2378	355	2461	3641	2347	2378	2560	2364	2774
NM_052969	2432	2379	7798	2462	5409	2348	2379	2561	2365	2775
NM_052971	2433	2380	3129	2463	1773	2349	2380	7543	2366	2776
NM_053024	2434	2381	3130	2464	6372	2350	2381	2562	2367	2777
NM_053044	2435	2382	3131	2465	3642	2351	2382	2563	2368	994
NM_053045	2436	2383	7569	2466	3643	2352	2383	2564	2369	2778
NM_053056	2437	2384	3132	235	2527	2353	2384	2565	2370	7388
NM_053275	2438	2385	3133	2467	110	2354	2385	2566	2371	6954
NM_053284	2439	2386	361	2468	3644	2355	2386	2567	2372	2779
NM_054014	2440	2387	3134	2469	6374	2356	2387	2568	2373	2780
NM_054028	2441	2388	568	2470	3645	2357	2388	2569	2374	2781
NM_054034	2442	2389	3135	2471	3646	2358	2389	2570	2375	7161
NM_057176	2443	2390	3136	2472	883	2359	2390	2571	2376	2782
NM_058173	2444	2391	3137	2473	5820	2360	2391	2572	2377	2783
NM_058179	2445	2392	3138	2474	1401	2361	2392	2573	2378	2784
NM_058230	2446	2393	42	2475	3647	2362	2393	2574	2379	2785
NM_058238	2447	2394	802	2476	3648	2363	2394	402	2380	810
NM_080390	2448	2395	3139	2477	3649	2364	2395	2575	2381	39
NM_080489	2449	2396	3140	2478	1426	2365	2396	2576	2382	2786
NM_080549	2450	2397	3141	2479	1096	2366	2397	388	2383	2787
NM_080599	2451	2398	3142	2480	1573	2367	2398	2577	2384	2788
NM_080603	2452	2399	3143	2481	6172	2368	2399	2578	2385	2789
NM_080626	2453	2400	7303	2482	5506	2369	2400	2579	2386	1029
NM_080650	2454	2401	7642	2483	3650	2370	2401	2580	2387	2790
NM_080657	50	2402	3144	1	2378	2371	2402	2581	3	234
NM_080671	2455	2403	3145	2484	2490	2372	2403	2582	2388	7245
NM_080701	2456	2404	348	2485	1774	2373	2404	2583	2389	2791
NM_080738	2457	2405	3146	2486	3651	2374	2405	2584	2390	420
NM_080750	2458	2406	7389	2487	3652	2375	2406	2585	2391	2792
NM_080821	2459	2407	7420	2488	3653	2376	2407	2586	2392	7080
NM_080862	2460	2408	7271	2489	3654	2377	2408	2587	2393	271
NM_080863	2461	2409	3147	2490	5733	2378	2409	2588	2394	7181
NM_080870	2462	2410	3148	2491	3655	2379	2410	2589	2395	408
NM_130388	2463	2411	3149	2492	7181	2380	2411	2590	2396	878
NM_130848	2464	2412	3150	2493	48	2381	2412	2591	2397	2793
NM_130901	2465	2413	3151	2494	3656	2382	2413	2592	2398	793
NM_133376	2466	2414	3152	2495	1402	2383	2414	2593	2399	7167
NM_133445	2467	2415	3153	259	213	2384	2415	2594	2400	251
NM_133447	2468	2416	3154	2496	3657	2385	2416	22	2401	6922
NM_133471	2469	2417	3155	2497	1992	2386	2417	2595	2402	2794
NM_133503	2470	2418	3156	2498	3658	2387	2418	2596	2403	7768
NM_133637	2471	2419	3157	2499	1300	2388	2419	2597	2404	2795
NM_133639	7782	2420	1164	2500	3659	2389	2420	2598	2405	185
NM_133646	2472	2421	7139	2501	3660	2390	2421	2599	2406	6999
NM_138286	2473	2422	7549	2502	3661	2391	2422	2600	2407	1043
NM_138287	42	2423	3158	225	3662	2392	2423	2601	75	2796
NM_138325	2474	2424	3159	2503	1548	2393	2424	2602	2408	2797
NM_138360	2475	69	3160	2504	5452	2394	2425	2603	2409	293
NM_138378	2476	2425	3161	2505	5757	2395	2426	2604	2410	2798
NM_138396	2477	2426	7684	2506	3663	2396	2427	2605	2411	2799
NM_138413	2478	2427	3162	2507	1181	2397	2428	7508	2412	2800
NM_138433	70	2428	764	71	3664	2398	2429	2606	83	6926
NM_138435	2479	2429	3163	2508	3665	2399	2430	2607	2413	401
NM_138440	2480	2430	1226	229	3666	2400	2431	2608	2414	6939
NM_138444	2481	2431	7606	2509	3667	2401	2432	2609	2415	1328
NM_138456	230	2432	3164	82	178	2402	2433	2610	30	6921
NM_138493	2482	2433	3165	2510	3668	2403	2434	2611	2416	1084
NM_138570	2483	2434	3166	2511	5637	2404	2435	2612	2417	2801
NM_138575	2484	2435	3167	2512	3669	2405	2436	2613	2418	926
NM_138612	2485	2436	7386	2513	3670	2406	2437	2614	2419	2802
NM_138635	2486	2437	7419	2514	3671	2407	2438	2615	2420	2803
NM_138690	2487	2438	1343	2515	3672	2408	2439	2616	2421	54
NM_138691	2488	2439	3168	2516	5762	2409	2440	2617	2422	2804
NM_138706	2489	2440	296	2517	2	2410	2441	2618	2423	2805
NM_138717	2490	2441	3169	2518	237	2411	2442	2619	2424	2806
NM_138720	2491	2442	1539	188	2426	2412	2443	2620	2425	7026
NM_138736	2492	2443	3170	2519	2190	2413	2444	2621	2426	59
NM_138800	2493	2444	1635	2520	3673	2414	2445	2622	2427	223
NM_138809	2494	2445	3171	7747	5535	33	2446	2623	2428	6991
NM_138961	2495	2446	3172	2521	2430	2415	2447	2624	2429	551
NM_138983	2496	2447	3173	2522	6200	2416	2448	2625	2430	2807
NM_139058	2497	2448	1074	2523	3674	2417	2449	2626	2431	192
NM_139168	2498	2449	3174	2524	1814	2418	2450	2627	2432	2808
NM_139246	2499	2450	7048	2525	6051	2419	2451	2628	2433	2809
NM_139278	7774	2451	7049	2526	3675	2420	2452	2629	2434	58
NM_139284	2500	2452	815	2527	2185	2421	2453	2630	2435	2810
NM_144489	2501	2453	3175	2528	1214	2422	2454	2631	2436	6826
NM_144497	2502	2454	3176	2529	262	2423	2455	2632	2437	2811
NM_144564	2503	2455	7589	2530	3676	2424	2456	2633	2438	1421
NM_144569	2504	2456	3177	2531	3677	2425	67	2634	2439	7537
NM_144599	2505	2457	3178	2532	1111	2426	2457	2635	2440	2812
NM_144613	2506	2458	1484	2533	3678	2427	2458	2636	2441	150
NM_144617	2507	2459	1356	2534	3679	2428	2459	2637	2442	7724
NM_144635	2508	2460	3179	2535	939	2429	2460	2638	2443	6743
NM_144683	2509	2461	3180	2536	3680	2430	2461	2639	2444	902
NM_144711	2510	2462	7053	2537	6591	2431	2462	2640	2445	350
NM_144775	2511	2463	7381	2538	3681	2432	2463	2641	2446	2813
NM_145005	2512	2464	3181	2539	3682	2433	2464	2642	2447	523
NM_145039	2513	2465	7388	2540	3683	2434	2465	2643	2448	2814
NM_145040	2514	2466	3182	2541	3684	2435	2466	2644	2449	7109
NM_145046	2515	2467	3183	2542	7223	2436	2467	2645	2450	2815
NM_145053	2516	2468	3184	2543	6729	2437	2468	2646	2451	2816
NM_145054	2517	2469	3185	2544	5979	2438	2469	2647	2452	2817
NM_145167	2518	2470	7280	2545	3685	2439	2470	2648	2453	2818
NM_145176	2519	2471	7004	2546	3686	2440	2471	2649	2454	7667
NM_145214	2520	2472	3186	2547	6494	2441	2472	2650	2455	2819
NM_145244	2521	2473	7159	2548	3687	2442	2473	2651	2456	1060
NM_145253	2522	2474	3187	2549	796	2443	2474	2652	2457	2820
NM_145260	2523	2475	3188	2550	6592	2444	2475	2653	2458	2821
NM_145288	2524	2476	73	2551	3688	2445	2476	2654	2459	1132
NM_145298	2525	2477	6972	285	3689	2446	2477	2655	2460	7552
NM_145301	163	2478	3189	2552	3690	2447	2478	2656	2461	2822
NM_145304	2526	2479	3190	2553	3691	2448	2479	11	2462	2823
NM_145343	2527	2480	3191	2554	316	2449	2480	2657	2463	2824
NM_145655	2528	2481	3192	2555	512	2450	2481	2658	2464	674
NM_145658	2529	2482	3193	2556	7164	2451	2482	2659	2465	2825
NM_145699	2530	2483	3194	64	3692	2452	2483	2660	2466	2826
NM_145715	2531	2484	7618	2557	3693	2453	2484	2661	2467	2827
NM_145719	2532	2485	3195	2558	2444	2454	2485	2662	2468	270
NM_145728	2533	2486	7018	2559	3694	2455	2486	2663	2469	961
NM_145804	2534	2487	3196	142	3695	11	2487	333	2470	2828
NM_145865	7802	2488	3197	2560	3696	2456	2488	2664	2471	2829
NM_145911	2535	2489	3198	2561	7032	2457	2489	2665	2472	2830
NM_147148	2536	2490	7609	2562	3697	2458	2490	2666	2473	1094
NM_147191	2537	2491	3199	2563	6656	2459	2491	2667	2474	2831
NM_148170	2538	2492	3200	2564	7744	2460	2492	2668	2475	2832
NM_148842	7781	2493	3201	2565	6657	2461	2493	2669	2476	2833
NM_148903	2539	2494	3202	2566	3698	2462	7806	7806	2477	2834
NM_148959	2540	2495	3203	2567	6427	2463	2494	2670	2478	2835
NM_148962	2541	2496	932	2568	3699	2464	2495	2671	2479	633
NM_148976	2542	2497	7461	2569	3700	2465	2496	2672	2480	1191
NM_152219	2543	2498	7206	2570	425	2466	2497	2673	2481	7241
NM_152260	2544	2499	3204	2571	371	2467	2498	2674	2482	2836
NM_152263	2545	2500	891	2572	3701	2468	2499	2675	2483	2837
NM_152275	2546	2501	3205	2573	5552	2469	2500	2676	2484	2838
NM_152284	2547	2502	7095	2574	3702	2470	2501	2677	2485	100
NM_152288	2548	2503	3206	2575	3703	2471	2502	2678	2486	7001
NM_152321	2549	2504	3207	2576	7214	2472	2503	2679	2487	2839
NM_152342	2550	2505	3208	2577	1197	2473	2504	2680	2488	1383
NM_152343	2551	2506	3209	2578	7725	2474	2505	268	2489	2840
NM_152347	2552	2507	3210	2579	3704	2475	2506	7671	2490	2841
NM_152349	2553	2508	3211	2580	748	2476	2507	2681	2491	2842
NM_152355	2554	2509	3212	2581	3705	2477	2508	7706	2492	2843
NM_152375	2555	2510	3213	2582	5549	2478	2509	7662	2493	2844
NM_152414	2556	2511	3214	2583	3706	2479	2510	2682	2494	42
NM_152421	2557	2512	123	2584	3707	2480	2511	2683	2495	2845
NM_152429	2558	2513	3215	2585	6708	2481	2512	2684	2496	1080
NM_152432	2559	2514	3216	2586	3708	2482	2513	2685	2497	562
NM_152436	2560	2515	3217	2587	3709	2483	2514	2686	2498	7125
NM_152441	2561	2516	3218	2588	6714	2484	2515	2687	2499	2846
NM_152474	2562	2517	3219	2589	3710	2485	2516	2688	2500	1037
NM_152485	2563	2518	7635	2590	3711	2486	2517	2689	2501	2847
NM_152487	2564	2519	3220	2591	2555	2487	2518	2690	2502	418
NM_152522	2565	2520	3221	2592	6201	2488	2519	2691	2503	2848
NM_152539	2566	2521	3222	2593	5716	2489	2520	2692	2504	2849
NM_152565	2567	2522	3223	2594	3712	2490	20	2693	2505	768
NM_152569	2568	2523	3224	2595	3713	2491	2521	2694	2506	495
NM_152592	139	2524	6948	2596	1716	2492	2522	2695	2507	2850
NM_152605	2569	2525	3225	2597	5655	2493	2523	2696	2508	2851
NM_152637	2570	2526	3226	2598	6658	2494	2524	2697	2509	7106
NM_152679	2571	2527	3227	2599	6715	2495	2525	2698	2510	48
NM_152723	2572	2528	7715	2600	3714	2496	2526	2699	2511	2852
NM_152727	2573	2529	3228	2601	5746	2497	2527	2700	2512	2853
NM_152742	2574	2530	3229	2602	3715	2498	2528	2701	2513	1042
NM_152792	2575	2531	7396	2603	3716	2499	2529	2702	2514	2854
NM_152889	2576	2532	3230	7762	7610	2500	2530	2703	2515	685
NM_152899	2577	2533	3231	86	3717	2501	2531	2704	2516	2855
NM_152900	2578	2534	602	2604	3718	2502	2532	2705	2517	2856
NM_152902	2579	2535	7326	2605	3719	2503	2533	2706	2518	2857
NM_152990	2580	2536	3232	2606	7114	2504	2534	227	2519	2858
NM_153000	2581	2537	7141	2607	3720	2505	2535	2707	2520	7550
NM_153015	2582	2538	6993	2608	3721	2506	2536	2708	2521	145
NM_153027	2583	2539	3233	2609	81	2507	2537	2709	2522	2859
NM_153038	2584	2540	7000	2610	2376	2508	2538	305	2523	2860
NM_153219	2585	2541	3234	2611	6593	2509	2539	2710	2524	2861
NM_153230	2586	2542	3235	2612	2619	2510	2540	2711	49	6756
NM_153236	2587	2543	3236	2613	612	2511	2541	2712	78	2862
NM_153249	2588	7795	7034	2614	6594	2512	2542	2713	2525	2863
NM_153255	2589	2544	3237	2615	6927	2513	2543	2714	2526	2864
NM_153266	2590	2545	904	2616	3722	2514	2544	2715	2527	9
NM_153270	2591	2546	482	2617	3723	2515	2545	2716	2528	569
NM_153280	2592	2547	3238	2618	6565	2516	2546	2717	2529	2865
NM_153337	2593	2548	3239	2619	187	2517	2547	35	2530	2866
NM_153343	2594	2549	3240	2620	7364	2518	2548	2718	2531	583
NM_153347	2595	2550	7341	2621	3724	2519	2549	2719	2532	631
NM_153350	2596	2551	3241	2622	3725	2520	2550	2720	2533	894
NM_153365	2597	2552	3242	2623	7618	2521	2551	2721	2534	2867
NM_153366	2598	2553	3243	2624	3726	2522	2552	2722	2535	7794
NM_153367	2599	2554	7274	2625	3727	2523	2553	2723	2536	7329
NM_153368	2600	2555	3244	2626	3728	2524	2554	2724	2537	171
NM_153448	2601	2556	3245	2627	3729	2525	2555	2725	2538	728
NM_153456	2602	2557	3246	2628	276	2526	2556	2726	2539	29
NM_153606	215	2558	278	114	3730	2527	2557	2727	2540	2868
NM_153695	7790	2559	3247	2629	3731	2528	2558	2728	2541	1046
NM_153699	2603	2560	3248	2630	5523	2529	2559	2729	7799	2869
NM_153711	225	2561	7358	23	2431	2530	2560	2730	2542	2870
NM_153757	2604	2562	327	2631	3732	2531	2561	2731	2543	2871
NM_153836	2605	2563	3249	2632	1775	2532	2562	2732	2544	2872
NM_153839	2606	2564	3250	2633	6235	2533	2563	2733	2545	2873
NM_170663	2607	2565	3251	2634	6949	2534	2564	2734	2546	2874
NM_170665	2608	2566	3252	2635	3733	2535	2565	2735	2547	7258
NM_171997	2609	2567	7479	2636	6428	2536	2566	2736	2548	457
NM_171998	77	2568	1540	2637	3734	2537	2567	7623	2549	1033
NM_171999	2610	2569	3253	2638	3735	2538	2568	2737	2550	351
NM_172016	2611	2570	841	2639	5393	2539	2569	2738	2551	2875
NM_172037	2612	2571	3254	2640	3736	2540	2570	2739	2552	7402
NM_172138	16	2572	3255	2641	28	2541	2571	2740	2553	2876
NM_172140	11	2573	3256	21	138	2542	16	2741	2554	2877
NM_172175	2613	2574	3257	2642	1518	2543	2572	2742	2555	2878
NM_172207	2614	2575	1292	2643	3737	2544	2573	2743	2556	989
NM_172212	2615	2576	1140	2644	606	2545	2574	2744	2557	7138
NM_172236	2616	2577	3258	2645	1519	2546	2575	2745	2558	2879
NM_172315	2617	2578	3259	2646	6293	2547	2576	2746	2559	7434
NM_172316	2618	2579	3260	2647	3738	2548	2577	2747	2560	7143
NM_172367	2619	2580	972	2648	3739	2549	2578	2748	2561	2880
NM_173088	2620	2581	3261	2649	6928	2550	2579	2749	2562	6911
NM_173199	2621	2582	3262	251	3740	2551	2580	191	2563	2881
NM_173211	2622	2583	3263	2650	1776	2552	2581	2750	2564	6992
NM_173353	2623	2584	3264	2651	3741	2553	2582	2751	2565	152
NM_173508	2624	2585	3265	2652	3742	2554	2583	2752	2566	636
NM_173511	2625	2586	3266	7753	3743	2555	2584	2753	2567	2882
NM_173549	2626	2587	3267	2653	3744	2556	2585	2754	2568	979
NM_173561	2627	2588	3268	2654	3745	2557	2586	2755	2569	943
NM_173567	2628	2589	7075	2655	7350	2558	2587	2756	2570	92
NM_173587	2629	2590	1299	2656	3746	2559	2588	2757	2571	491
NM_173589	2630	2591	3269	2657	6929	2560	2589	7600	2572	2883
NM_173593	2631	2592	3270	2658	3747	2561	2590	2758	2573	84
NM_173632	2632	2593	7765	2659	2283	2562	2591	2759	2574	2884
NM_173653	2633	2594	3271	2660	7518	2563	2592	2760	2575	2885
NM_173658	2634	2595	7638	2661	2601	2564	2593	7562	2576	2886
NM_173804	2635	2596	3272	2662	2173	2565	2594	2761	2577	2887
NM_173824	2636	2597	3273	2663	3748	2566	2595	2762	2578	856
NM_173833	7773	2598	7066	2664	766	2567	2596	2763	7788	561
NM_173842	2637	2599	3274	274	1481	2568	2597	2764	2579	2888
NM_173849	2638	2600	3275	2665	3749	2569	2598	2765	2580	337
NM_174892	2639	2601	3276	2666	2282	2570	2599	2766	2581	2889
NM_174936	2640	2602	3277	2667	3750	2571	2600	2767	2582	522
NM_175052	2641	2603	3278	2668	7416	2572	2601	232	2583	2890
NM_175055	2642	2604	3279	2669	6089	2573	2602	2768	2584	2891
NM_175060	2643	2605	3280	7787	3751	2574	2603	2769	2585	2892
NM_175062	2644	2606	6975	2670	3752	2575	2604	2770	2586	268
NM_175063	2645	2607	1083	2671	3753	2576	2605	361	2587	756
NM_175085	2646	2608	7480	2672	2398	2577	2606	2771	2588	2893
NM_175617	2647	2609	3281	172	3754	2578	2607	2772	2589	2894
NM_175873	2648	2610	3282	2673	3755	2579	2608	2773	2590	104
NM_175884	2649	2611	7036	2674	3756	2580	2609	2774	2591	7096
NM_175913	2650	2612	3283	2675	3757	2581	2610	2775	2592	7182
NM_175922	2651	2613	975	2676	5605	2582	2611	2776	2593	235
NM_176823	2652	2614	3284	2677	6052	2583	2612	233	2594	2895
NM_176869	2653	2615	3285	2678	7280	2584	2613	7569	2595	1391
NM_176870	2654	2616	3286	203	7154	2585	2614	2777	2596	1270
NM_176871	2655	2617	1411	2679	940	2586	2615	395	2597	2896
NM_176880	2656	2618	3287	2680	3758	2587	2616	2778	2598	1005
NM_176888	2657	2619	7399	2681	6173	2588	2617	2779	2599	2897
NM_176889	2658	2620	3288	2682	1982	2589	2618	2780	2600	2898
NM_177423	2659	2621	3289	2683	6174	2590	2619	2781	2601	2899
NM_177454	2660	2622	7462	2684	3759	2591	2620	2782	2602	2900
NM_177455	47	2623	3290	2685	6795	2592	2621	2783	2603	254
NM_177538	2661	2624	7202	2686	3760	2593	2622	2784	2604	7074
NM_177543	2662	2625	3291	2687	1215	2594	2623	2785	2605	2901
NM_177551	24	2626	3292	155	3761	2595	2624	2786	2606	2902
NM_177924	2663	2627	7296	2688	1128	2596	2625	2787	2607	2903
NM_178006	2664	2628	3293	2689	5822	2597	2626	2788	2608	7049
NM_178019	2665	2629	3294	2690	5806	2598	2627	2789	2609	2904
NM_178135	2666	2630	3295	2691	5441	2599	2628	2790	7803	2905
NM_178161	2667	2631	603	2692	3762	2600	2629	2791	2610	189
NM_178171	2668	2632	3296	7800	3763	2601	2630	2792	2611	2906
NM_178191	2669	2633	575	2693	3764	2602	2631	2793	2612	2907
NM_178310	2670	2634	3297	2694	5489	2603	2632	2794	2613	797
NM_178468	2671	2635	208	2695	2602	2604	2633	2795	2614	2908
NM_178493	2672	2636	1626	2696	3765	2605	2634	2796	2615	32
NM_178516	2673	2637	7144	129	1549	2606	2635	2797	2616	2909
NM_178545	2674	2638	3298	2697	7453	2607	2636	2798	2617	287
NM_178557	2675	2639	3299	7744	7619	2608	2637	2799	2618	43
NM_178562	2676	2640	7200	2698	3766	2609	2638	2800	2619	334
NM_178568	2677	2641	3300	2699	3767	26	2639	2801	2620	109
NM_178570	2678	2642	6982	2700	3768	2610	2640	2802	2621	550
NM_178857	2679	2643	3301	2701	3769	2611	2641	2803	2622	532
NM_181353	2680	2644	411	2702	3770	2612	2642	2804	2623	7289
NM_181426	2681	2645	3302	2703	3771	2613	2643	7610	2624	437
NM_181449	2682	2646	3303	2704	24	2614	2644	2805	8	2910
NM_181486	2683	2647	3304	2705	3772	2615	2645	2806	2625	7676
NM_181503	2684	2648	6970	2706	6993	2616	2646	2807	2626	805
NM_181727	2685	2649	3305	2707	7127	2617	2647	2808	2627	2911
NM_181784	2686	2650	1247	2708	6637	2618	2648	2809	2628	1117
NM_181809	2687	2651	1481	2709	5475	2619	2649	2810	2629	94
NM_181825	2688	2652	401	2710	3773	2620	2650	2811	2630	2912
NM_181844	2689	2653	3306	2711	3774	2621	2651	2812	2631	423
NM_182491	2690	2654	3307	2712	7682	2622	2652	2813	2632	1321
NM_182519	2691	2655	3308	2713	6994	2623	2653	2814	7806	2913
NM_182528	2692	2656	469	2714	6595	2624	2654	2815	2633	729
NM_182541	2693	2657	3309	2715	578	2625	2655	2816	2634	1184
NM_182623	2694	2658	7136	2716	2598	2626	2656	2817	2635	332
NM_182626	2695	2659	1275	2717	3775	2627	2657	2818	2636	515
NM_182665	2696	2660	7441	2718	3776	2628	2658	265	2637	2914
NM_182757	2697	2661	3310	2719	6092	2629	2659	2819	2638	2915
NM_182828	2698	2662	7342	2720	3777	2630	2660	2820	2639	2916
NM_182894	2699	2663	435	2721	3778	2631	2661	7514	2640	2917
NM_182919	2700	2664	3311	2722	3779	2632	2662	172	2641	2918
NM_182958	2701	2665	1616	2723	7407	2633	2663	2821	2642	2919
NM_182965	2702	2666	3312	231	263	2634	2664	2822	2643	1245
NM_182981	2703	2667	1222	2724	3780	2635	2665	2823	2644	2920
NM_182985	2704	2668	3313	2725	6730	2636	2666	2824	2645	2921
NM_183004	2705	2669	3314	2726	7172	2637	2667	2825	2646	2922
NM_183240	2706	2670	3315	2727	6534	2638	2668	2826	2647	2923
NM_183374	2707	2671	3316	2728	3781	2639	2669	2827	2648	694
NM_183416	2708	2672	7304	2729	3782	2640	2670	2828	2649	2924
NM_194250	2709	2673	7029	2730	1654	2641	2671	2829	2650	2925
NM_194252	2710	2674	3317	2731	6429	2642	2672	2830	2651	2926
NM_194294	2711	2675	3318	2732	1251	2643	2673	2831	60	2927
NM_197958	2712	2676	3319	2733	7792	2644	2674	2832	2652	2928
NM_197965	2713	2677	3320	2734	3783	2645	2675	7589	2653	7387
NM_198057	2714	2678	3321	2735	6930	2646	2676	2833	2654	879
NM_198086	2715	2679	3322	2736	1482	2647	2677	2834	2655	2929
NM_198147	2716	2680	7789	2737	3784	2648	2678	2835	2656	2930
NM_198179	2717	2681	7360	2738	1229	2649	2679	2836	2657	862
NM_198183	2718	2682	3323	2739	715	2650	2680	2837	2658	2931
NM_198219	2719	2683	1104	2740	3785	2651	2681	2838	2659	2932
NM_198277	2720	2684	3324	2741	7770	2652	2682	2839	2660	2933
NM_198392	2721	2685	3325	2742	3786	2653	2683	2840	2661	7767
NM_198449	2722	2686	3326	2743	2611	2654	2684	2841	2662	1004
NM_198456	2723	2687	3327	2744	478	2655	2685	2842	2663	2934
NM_198461	2724	2688	3328	2745	3787	2656	2686	2843	2664	133
NM_198475	2725	2689	3329	2746	5867	2657	2687	2844	2665	2935
NM_198504	2726	2690	7357	2747	3788	2658	2688	2845	2666	221
NM_198508	2727	2691	580	2748	5818	2659	2689	7539	2667	298
NM_198510	2728	2692	3330	2749	1441	2660	2690	2846	2668	2936
NM_198527	2729	2693	3331	2750	5940	2661	2691	2847	2669	2937
NM_198532	2730	2694	243	2751	82	2662	2692	2848	2670	2938
NM_198552	2731	2695	3332	2752	3789	2663	2693	2849	2671	850
NM_198564	2732	2696	3333	2753	6142	2664	2694	2850	2672	2939
NM_198565	2733	2697	79	2754	3790	2665	2695	2851	59	157
NM_198573	2734	2698	7259	7727	3791	2666	2696	2852	2673	69
NM_198582	2735	2699	3334	2755	5941	2667	2697	2853	2674	89
NM_198584	2736	2700	3335	2756	3792	2668	2698	2854	2675	719
NM_198593	140	2701	3336	2757	3793	2669	2699	332	2676	6784
NM_198700	2737	2702	3337	2758	338	2670	2700	2855	2677	2940
NM_198715	2738	2703	7264	2759	3794	2671	2701	2856	2678	477
NM_198719	2739	2704	3338	2760	6294	2672	2702	2857	2679	2941
NM_198839	2740	2705	3339	2761	1843	2673	2703	2858	2680	2942
NM_198849	2741	2706	3340	2762	5519	2674	2704	7717	2681	730
NM_198924	2742	2707	3341	2763	6659	2675	2705	2859	2682	6850
NM_198947	2743	2708	7626	2764	363	2676	2706	2860	2683	1034
NM_198951	2744	2709	3342	2765	3795	2677	2707	236	2684	2943
NM_198989	2745	2710	3343	2766	7768	2678	2708	2861	2685	2944
NM_199002	2746	2711	3344	2767	5897	2679	2709	2862	2686	2945
NM_199037	2747	2712	3345	2768	1252	2680	2710	2863	2687	1125
NM_199124	2748	2713	3346	2769	6887	2681	2711	2864	2688	2946
NM_199131	2749	2714	6969	2770	3796	2682	2712	2865	2689	305
NM_199168	2750	2715	3347	2771	3797	2683	2713	2866	2690	7703
NM_199181	2751	2716	1052	2772	3798	2684	2714	2867	2691	2947
NM_199186	2752	2717	3348	2773	846	2685	2715	2868	2692	1063
NM_199328	2753	2718	3349	2774	7755	2686	2716	2869	7785	2948
NM_199334	2754	2719	7383	2775	3799	2687	2717	2870	2693	2949
NM_199340	2755	2720	3350	2776	5798	2688	2718	2871	2694	2950
NM_199461	2756	2721	3351	2777	3800	2689	2719	2872	2695	342
NM_199511	7778	2722	7747	7754	3801	2690	2720	2873	2696	7711
NM_201520	2757	2723	7211	2778	5898	2691	2721	2874	2697	1348
NM_201559	2758	2724	617	2779	3802	2692	2722	2875	2698	7538
NM_201566	2759	2725	7625	2780	3803	2693	2723	2876	2699	2951
NM_201589	2760	2726	1150	7777	1735	2694	2724	2877	2700	68
NM_203288	2761	2727	1271	2781	3804	2695	2725	2878	2701	2952
NM_203305	2762	2728	879	2782	3805	2696	2726	2879	2702	2953
NM_203306	2763	2729	7630	2783	3806	2697	2727	7545	2703	2954
NM_203400	2764	2730	3352	2784	7399	2698	2728	2880	2704	1289
NM_203403	2765	2731	3353	2785	3807	2699	2729	2881	2705	7243
NM_203407	2766	2732	48	2786	5626	2700	2730	7659	2706	2955
NM_203412	2767	2733	3354	2787	3808	2701	2731	2882	2707	7791
NM_203417	2768	2734	262	2788	5563	2702	2732	2883	2708	2956
NM_203422	2769	2735	3355	2789	1000	2703	2733	2884	2709	7769
NM_203434	2770	2736	95	2790	3809	2704	2734	2885	2710	7223
NM_203447	2771	2737	3356	2791	1279	2705	2735	2886	2711	877
NM_203451	2772	2738	7038	7799	3810	2706	2736	2887	2712	269
NM_203458	2773	2739	3357	2792	5608	2707	2737	2888	2713	2957
NM_203497	2774	2740	3358	2793	891	2708	2738	2889	2714	2958
NM_203500	2775	2741	3359	2794	6401	2709	2739	2890	2715	2959
NM_205853	2776	2742	564	2795	75	2710	2740	2891	2716	2960
NM_206827	2777	2743	1276	2796	3811	2711	2741	2892	2717	2961
NM_206831	2778	2744	1507	2797	1403	2712	2742	2893	2718	2962
NM_206866	2779	2745	3360	2798	116	2713	2743	2894	2719	2963
NM_206914	2780	2746	3361	2799	226	2714	2744	2895	2720	2964
NM_206933	2781	2747	912	2800	3812	2715	2745	2896	2721	2965
NM_206953	2782	2748	7539	2801	3813	2716	2746	2897	2722	2966
NM_206967	2783	2749	7583	2802	3814	2717	2747	2898	2723	2967
NM_207115	2784	2750	1259	2803	3815	2718	2748	2899	2724	2968
NM_207309	2785	2751	3362	2804	2239	2719	2749	2900	2725	2969
NM_207322	128	2752	1482	2805	3816	2720	2750	2901	2726	348
NM_207360	2786	2753	3363	2806	5669	2721	2751	2902	2727	1233
NM_207361	2787	2754	7143	2807	3817	2722	2752	2903	2728	230
NM_207391	2788	2755	3364	2808	3818	2723	2753	2904	2729	398
NM_207398	2789	2756	3365	186	6848	2724	2754	2905	128	2970
NM_207401	2790	2757	976	2809	3819	2725	2755	2906	2730	2971
NM_207404	2791	2758	3366	2810	1844	2726	2756	2907	2731	2972
NM_207413	2792	2759	3367	2811	3820	2727	2757	2908	2732	307
NM_207422	2793	2760	3368	2812	5577	2728	2758	2909	2733	2973
NM_207426	2794	2761	3369	2813	1723	2729	2759	2910	2734	435
NM_207446	2795	2762	3370	2814	5668	2730	2760	2911	2735	2974
NM_207518	2796	2763	211	2815	3821	2731	2761	2912	2736	2975
NM_207577	2797	2764	7411	2816	3822	2732	2762	2913	2737	2976
NM_207582	2798	2765	3371	2817	3823	2733	2763	7691	2738	2977
NM_212551	2799	2766	7391	2818	2521	2734	2764	2914	2739	2978
NM_212556	2800	2767	173	2819	3824	2735	2765	2915	2740	2979
NM_213589	2801	2768	803	2820	3825	2736	2766	2916	2741	2980
NM_213602	2802	2769	356	2821	1198	2737	2767	2917	2742	6790
NM_213608	2803	2770	1426	2822	3826	2738	2768	7783	2743	2981
NM_213611	2804	2771	3372	2823	297	2739	2769	2918	2744	2982
NM_213613	2805	2772	830	2824	3827	2740	2770	2919	2745	2983
NM_213636	2806	2773	1600	2825	2329	2741	2771	2920	2746	6899
NM_213655	2807	2774	651	2826	3828	2742	2772	2921	2747	2984
NM_213656	2808	2775	3373	2827	2608	2743	2773	2922	55	2985
NR_000006	2809	2776	1053	2828	1001	2744	2774	2923	2748	2986
NR_000008	2810	2777	3374	2829	7740	2745	2775	7505	2749	2987
NR_000009	2811	2778	3375	2830	1680	2746	2776	2924	2750	6898
NR_000010	2812	2779	3376	2831	1815	2747	2777	2925	2751	2988
NR_000012	2813	2780	146	2832	5868	2748	2778	2926	2752	2989
NR_000026	2814	2781	332	2833	3829	2749	2779	2927	2753	2990
NR_000027	2815	2782	1054	2834	3830	2750	2780	2928	2754	2991
NR_001281	2816	2783	3377	2835	5788	2751	2781	7625	2755	2992
NR_001282	2817	2784	3378	2836	617	2752	2782	2929	2756	6737
NR_001284	179	2785	3379	2837	3831	2753	2783	2930	120	7741
NR_001285	2818	2786	3380	2838	6295	2754	2784	2931	2757	1382
NR_001297	2819	2787	3381	2839	6268	2755	2785	2932	2758	2993
NR_001298	2820	2788	3382	2840	2433	2756	2786	2933	99	2994
NR_001452	2821	2789	1368	2841	6143	2757	2787	2934	2759	2995
NR_001456	2822	2790	1628	2842	7337	2758	2788	2935	2760	6705
NR_001457	2823	2791	3383	2843	740	2759	2789	2936	2761	2996
NR_001458	2824	2792	632	2844	7440	10	2790	2937	2762	2997
NR_001555	2825	2793	3384	2845	3832	2760	2791	93	2763	2998
NR_001562	2826	2794	3385	2846	5478	2761	2792	2938	2764	7019
NR_001571	2827	43	3386	2847	3833	2762	2793	7690	2765	889
NR_001575	2828	2795	1036	2848	3834	2763	2794	2939	2766	1118
NR_001587	2829	2796	3387	2849	537	2764	2795	2940	2767	2999
NR_001590	2830	2797	3388	2850	527	2765	2796	2941	2768	3000
NR_001591	2831	2798	3389	2851	7798	2766	2797	2942	2769	409
NR_002174	2832	2799	3390	2852	3835	2767	2798	2943	2770	7018
NR_002185	2833	2800	3391	2853	687	2768	2799	2944	2771	3001
NR_002189	2834	2801	3392	2854	6969	2769	2800	2945	2772	3002
NR_002195	2835	2802	3393	2855	3836	2770	2801	197	2773	3003
NR_002201	2836	2803	1293	2856	6229	2771	2802	2946	2774	3004
NR_002211	2837	2804	7320	2857	5429	2772	2803	2947	2775	7076
NR_002223	2838	2805	3394	106	3837	2773	2804	2948	2776	1327
NR_002308	2839	2806	6962	2858	5997	2774	2805	2949	2777	3005
NR_002312	2840	2807	3395	2859	7729	2775	2806	2950	2778	3006
NR_002325	2841	2808	1557	2860	5761	2776	2807	2951	2779	3007
NR_002326	2842	2809	997	2861	3838	2777	2808	2952	2780	3008
NR_002436	2843	2810	1536	2862	7338	2778	2809	2953	2781	3009
NR_002439	2844	2811	3396	2863	1777	2779	2810	2954	2782	3010
NR_002441	2845	2812	3397	2864	1892	2780	2811	2955	2783	3011
NR_002444	2846	2813	3398	2865	7145	2781	2812	2956	2784	3012
NR_002448	2847	2814	3399	2866	58	2782	2813	2957	2785	3013
NR_002450	2848	2815	1328	2867	7738	2783	2814	2958	2786	3014
NR_002561	2849	2816	3400	2868	978	2784	2815	2959	2787	3015
NR_002569	2850	2817	909	2869	6486	2785	2816	2960	2788	3016
NR_002571	2851	2818	3401	2870	188	2786	2817	2961	2789	1225
NR_002580	2852	2819	3402	2871	1845	2787	2818	2962	2790	3017
NR_002581	2853	2820	3403	2872	2420	2788	2819	7789	2791	3018
NR_002587	2854	2821	43	2873	2504	2789	2820	2963	2792	3019
NR_002592	2855	2822	3404	2874	2225	2790	2821	2964	2793	3020
NR_002594	2856	2823	47	2875	2575	2791	2822	2965	2794	3021
NR_002710	2857	2824	3405	2876	716	2792	2823	2966	2795	3022
NR_002711	2858	2825	3406	2877	7641	2793	2824	2967	2796	3023
NR_002719	2859	2826	3407	2878	779	2794	2825	2968	2797	3024
NR_002722	2860	2827	3408	2879	3839	2795	2826	2969	2798	937
NR_002724	2861	2828	3409	2880	3840	2796	2827	2970	2799	7046
NR_002728	2862	2829	37	2881	2417	2797	2828	2971	2800	3025
NR_002735	2863	2830	3410	2882	6461	2798	2829	2972	2801	3026
NR_002737	2864	2831	1327	2883	6462	2799	2830	2973	2802	3027
NR_002739	2865	2832	3411	2884	317	2800	2831	2974	2803	3028
NR_002742	2866	2833	241	2885	7588	2801	2832	2975	2804	3029
NR_002748	2867	2834	3412	2886	6430	2802	2833	2976	2805	3030
NR_002749	2868	2835	3413	2887	6371	2803	2834	2977	2806	3031
NR_002750	2869	2836	3414	2888	5704	2804	2835	2978	2807	3032
NR_002756	2870	2837	3415	2889	1157	2805	2836	2979	2808	3033
NR_002768	2871	2838	886	2890	3841	2806	2837	2980	2809	3034
NR_002798	2872	2839	3416	201	3842	2807	2838	2981	2810	3035
NR_002812	2873	2840	3417	2891	3843	2808	2839	2982	2811	336
NR_002815	2874	2841	3418	2892	2513	2809	2840	2983	2812	1051
NR_002817	2875	2842	670	2893	3844	2810	2841	2984	2813	3036
NR_002834	2876	2843	3419	2894	329	2811	2842	2985	2814	3037
NR_002910	2877	52	3420	2895	5998	2812	2843	2986	2815	3038
NR_002918	2878	2844	364	2896	3845	2813	2844	2987	2816	3039
NR_002920	2879	2845	3421	2897	7697	2814	2845	2988	2817	3040
NR_002925	2880	2846	3422	2898	7385	2815	2846	2989	2818	3041
NR_002929	2881	2847	3423	2899	5553	2816	2847	2990	2819	740
NR_002931	2882	2848	3424	7756	3846	2817	2848	2991	2820	3042
NR_002937	2883	2849	3425	2900	6323	2818	2849	2992	2821	3043
NR_002940	2884	2850	6958	2901	964	2819	2850	2993	2822	3044
NR_002950	2885	2851	1591	2902	6716	2820	2851	7538	2823	3045
NR_002961	2886	2852	3426	2903	979	2821	2852	2994	2824	3046
NR_002963	2887	2853	3427	2904	7547	2822	2853	2995	2825	3047
NR_002967	2888	2854	3428	2905	6053	2823	2854	2996	2826	3048
NR_002971	2889	62	3429	2906	980	2824	2855	2997	2827	812
NR_002978	2890	48	3430	2907	3847	2825	2856	7696	7786	3049
NR_002981	2891	2855	437	2908	2191	2826	2857	2998	2828	3050
NR_002982	2892	65	3431	2909	3848	2827	2858	7684	2829	913
NR_002989	2893	2856	547	2910	1230	2828	2859	2999	2830	3051
NR_002996	2894	2857	3432	2911	731	2829	2860	3000	2831	3052
NR_003001	2895	2858	520	2912	3849	2830	2861	3001	2832	3053
NR_003004	2896	2859	3433	2913	7173	2831	2862	3002	2833	1417
NR_003008	2897	2860	3434	2914	1301	2832	2863	3003	2834	3054
NR_003009	2898	2861	3435	2915	5842	2833	2864	3004	2835	953
NR_003010	2899	2862	3436	2916	1883	2834	2865	3005	2836	3055
NR_003020	2900	2863	64	2917	3850	2835	2866	7664	2837	3056
NR_003023	2901	2864	1428	2918	7146	2836	2867	3006	2838	3057
NR_003024	2902	2865	3437	2919	7090	2837	2868	3007	2839	3058
NR_003029	2903	2866	480	2920	3851	2838	2869	3008	2840	3059
NR_003032	2904	2867	3438	2921	7345	2839	2870	3009	2841	3060
NR_003034	2905	2868	7663	2922	3852	2840	2871	3010	2842	3061
NR_003035	2906	2869	3439	2923	7763	2841	2872	3011	2843	3062
NR_003037	2907	2870	3440	2924	6144	2842	2873	3012	2844	3063
NR_003045	2908	2871	1469	2925	5607	2843	2874	3013	2845	3064
NR_003046	2909	2872	1184	2926	6638	2844	2875	3014	2846	3065
NR_003050	2910	2873	661	2927	3853	2845	2876	3015	2847	3066
NR_003054	2911	2874	1425	2928	1141	2846	2877	3016	2848	3067
NR_003057	2912	2875	1108	2929	5823	2847	2878	3017	2849	3068
NR_003059	2913	2876	3441	2930	1520	2848	2879	3018	2850	3069
NR_003061	2914	2877	3442	297	5899	2849	2880	3019	19	3070
NR_003064	2915	2878	200	2931	3854	2850	2881	3020	2851	898
NR_003068	2916	2879	169	2932	3855	2851	2882	3021	2852	1268
NR_003077	2917	2880	260	2933	284	2852	2883	3022	2853	3071
NR_003088	2918	2881	3443	2934	3856	2853	2884	3023	2854	149
NR_003133	2919	2882	6959	16	3857	2854	2885	3024	42	3072
NR_003139	2920	11	3444	2935	3858	2855	2886	3025	2855	3073
NR_003141	2921	2883	3445	2936	6832	2856	2887	3026	2856	3074
NR_003148	2922	2884	7594	2937	3859	2857	2888	3027	2857	3075
NR_003186	2923	2885	3446	81	1736	2858	2889	3028	2858	3076
NR_003187	2924	2886	3447	49	2404	37	2890	3029	2859	3077
NR_003228	2925	2887	1547	2938	6431	2859	2891	3030	2860	3078
NR_003242	2926	2888	1064	2939	3860	2860	2892	3031	2861	3079
NR_003255	2927	2889	3448	2940	3861	2861	2893	7803	2862	3080
NR_003260	2928	2890	698	2941	3862	2862	2894	3032	2863	3081
NR_003268	2929	2891	3449	2942	2220	2863	2895	3033	2864	1179
NR_003271	2930	2892	3450	2943	3863	2864	2896	7801	2865	3082
NR_003276	2931	2893	3451	249	7058	2865	2897	3034	2866	1126
NR_003317	2932	2894	3452	2944	2082	2866	2898	3035	2867	3083
NR_003338	2933	2895	3453	2945	1427	2867	2899	3036	2868	3084
NR_003361	2934	2896	3454	2946	6242	2868	2900	3037	2869	3085
NR_003366	2935	2897	1109	2947	3864	2869	2901	7644	2870	3086
NR_003367	2936	2898	3455	2948	5647	2870	2902	3038	2871	3087
NR_003370	2937	2899	968	2949	2290	2871	2903	3039	2872	3088
NR_003502	2938	2900	3456	2950	1622	2872	2904	3040	2873	3089
NR_003504	2939	2901	3457	2951	1959	2873	2905	3041	2874	3090
NR_003521	2940	2902	3458	2952	7191	2874	2906	3042	2875	3091
NR_003525	2941	2903	3459	2953	3865	2875	2907	3043	2876	794
NR_003545	2942	2904	7637	2954	3866	2876	2908	7534	2877	3092
NR_003551	2943	2905	3460	2955	5698	2877	2909	3044	2878	3093
NR_003554	2944	2906	3461	2956	6660	2878	2910	3045	2879	3094
NR_003561	2945	2907	3462	2957	6243	2879	2911	3046	2880	1375
NR_003563	2946	2908	3463	2958	7797	2880	2912	3047	2881	3095
NR_003578	2947	2909	7599	292	3867	2881	2913	3048	2882	3096
NR_003581	2948	2910	3464	2959	1483	2882	2914	3049	2883	3097
NR_003614	2949	2911	3465	2960	2206	2883	2915	3050	2884	3098
NR_003659	2950	2912	3466	2961	6875	2884	2916	3051	2885	3099
NR_003661	2951	2913	1004	2962	2613	2885	2917	3052	2886	3100
NR_003667	2952	2914	3467	2963	6094	2886	2918	3053	2887	3101
NR_003670	2953	2915	3468	2964	7679	2887	2919	3054	2888	3102
NR_003676	2954	2916	3469	2965	483	2888	2920	3055	2889	3103
NR_003682	2955	2917	3470	2966	3868	2889	2921	3056	2890	1028
NR_003683	2956	2918	3471	190	2136	2890	2922	3057	2891	1190
NR_003691	2957	2919	1412	2967	7583	2891	2923	3058	2892	3104
NR_003695	2958	2920	3472	2968	1335	2892	2924	3059	2893	3105
NR_003706	2959	31	3473	2969	7236	2893	2925	3060	2894	3106
NR_003713	2960	2921	7486	2970	5397	2894	2926	3061	2895	3107
NR_003714	2961	2922	1530	2971	5617	2895	2927	3062	2896	7782
NR_003924	2962	2923	3474	2972	5564	2896	2928	7802	2897	3108
NR_003929	2963	2924	3475	2973	6970	2897	2929	3063	2898	3109
NR_003938	2964	2925	907	2974	5539	2898	2930	3064	2899	3110
NR_003940	2965	2926	3476	2975	1846	2899	2931	3065	2900	3111
NR_003943	2966	2927	3477	2976	6463	2900	2932	3066	2901	3112
NR_003949	2967	2928	3478	2977	3869	2901	2933	3067	2902	7398
NR_003950	7805	49	3479	2978	3870	2902	2934	3068	2903	3113
NR_003955	2968	2929	3480	2979	3871	2903	2935	3069	2904	822
NR_004378	2969	2930	950	2980	26	2904	2936	3070	2905	3114
NR_004380	2970	2931	1440	2981	7182	2905	2937	3071	2906	3115
NR_004393	2971	13	3481	2982	3872	2906	2938	7593	2907	3116
NR_004395	2972	2932	913	2983	3873	2907	2939	3072	2908	3117
NR_004397	2973	2933	3482	2984	1302	2908	2940	3073	2909	3118
NR_004400	2974	2934	456	2985	3874	2909	2941	7605	2910	3119
NR_004403	2975	2935	3483	2986	632	2910	2942	3074	2911	3120
NR_004421	2976	2936	3484	2987	3875	2911	8	3075	2912	3121
NR_004427	2977	2937	3485	2988	3876	2912	2943	1	2913	3122
NR_004428	169	2938	3486	2989	5869	2913	2944	352	2914	3123
NR_004855	2978	2939	3487	2990	7627	2914	2945	3076	2915	3124
NR_004859	2979	2940	3488	2991	114	2915	2946	3077	2916	3125
NR_006880	2980	2941	422	2992	3877	2916	2947	3078	2917	3126
NR_006881	2981	2942	3489	2993	5565	2917	2948	7680	2918	3127
NR_015358	2982	2943	3490	2994	5530	2918	2949	3079	2919	7275
NR_015375	2983	2944	3491	2995	645	2919	2950	7787	2920	3128
NR_015377	2984	2945	3492	2996	2208	2920	2951	3080	2921	3129
NR_015379	2985	2946	3493	2997	3878	2921	2952	3081	2922	627
NR_015384	144	2947	3494	2998	3879	2922	70	386	2923	3130
NR_015389	2986	2948	7805	2999	3880	2923	2953	3082	2924	3131
NR_015392	2987	2949	7035	3000	5453	2924	2954	3083	2925	7093
NR_015407	2988	2950	3495	3001	7713	2925	2955	3084	2926	3132
NR_015417	2989	2951	3496	3002	3881	2926	2956	3085	2927	7678
NR_015419	2990	2952	665	3003	3882	2927	2957	3086	2928	3133
NR_015424	2991	2953	3497	3004	5454	2928	2958	3087	2929	659
NR_015430	2992	2954	3498	3005	7245	2929	2959	3088	2930	3134
NR_015433	2993	2955	7402	3006	3883	2930	2960	3089	2931	3135
NR_015440	2994	2956	1131	3007	3884	2931	2961	3090	2932	3136
NR_015450	2995	2957	3499	3008	3885	2932	2962	3091	2933	686
NR_015454	2996	2958	7799	3009	3886	2933	2963	3092	2934	3137
NR_021489	2997	2959	3500	3010	3887	2934	2964	3093	2935	733
NR_022008	2998	2960	3501	3011	2451	2935	2965	7639	2936	196
NR_022011	2999	2961	3502	3012	3888	2936	2966	3094	2937	817
NR_022014	3000	2962	3503	3013	6095	2937	2967	198	2938	3138
NR_023344	3001	29	1467	3014	3889	2938	2968	3095	2939	3139
NR_023358	3002	2963	1204	3015	3890	2939	2969	3096	2940	3140
NR_023382	3003	2964	7506	3016	5804	2940	2970	3097	2941	3141
NR_023392	3004	2965	7540	3017	3891	2941	2971	3098	2942	3142
NR_023921	3005	2966	1373	3018	7010	2942	2972	3099	2943	3143
NR_023922	3006	2967	6945	3019	3892	2943	2973	3100	2944	7465
NR_024008	3007	2968	40	3020	870	2944	2974	3101	2945	3144
NR_024019	3008	2969	3504	3021	6464	2945	2975	3102	2946	3145
NR_024031	3009	2970	7392	3022	5486	2946	2976	3103	2947	3146
NR_024032	3010	2971	3505	3023	3893	2947	2977	68	2948	3147
NR_024041	3011	2972	7230	3024	3894	2948	2978	3104	2949	922
NR_024042	3012	2973	3506	3025	3895	2949	2979	3105	2950	60
NR_024045	3013	2974	3507	3026	3896	2950	2980	3106	2951	687
NR_024046	3014	2975	190	3027	2492	2951	2981	3107	2952	1392
NR_024061	3015	2976	7129	3028	7672	2952	2982	3108	2953	3148
NR_024065	3016	2977	3508	3029	6381	2953	2983	3109	2954	7722
NR_024086	3017	2978	3509	3030	365	2954	2984	7536	2955	3149
NR_024121	3018	2979	3510	3031	1893	2955	2985	3110	2956	3150
NR_024162	3019	2980	3511	3032	7417	2956	2986	3111	2957	3151
NR_024178	3020	2981	3512	3033	6202	2957	2987	3112	2958	3152
NR_024181	3021	2982	1317	3034	7243	2958	2988	3113	2959	3153
NR_024233	3022	2983	3513	3035	528	2959	2989	3114	2960	1194
NR_024240	3023	2984	1560	3036	5614	2960	2990	3115	2961	3154
NR_024248	3024	2985	7522	3037	3897	2961	2991	3116	2962	6988
NR_024252	3025	2986	3514	3038	5805	2962	2992	3117	2963	7178
NR_024254	3026	2987	3515	3039	2450	2963	2993	3118	2964	7551
NR_024258	3027	2988	3516	3040	3898	2964	2994	3119	2965	186
NR_024261	3028	2989	3517	3041	3899	2965	2995	3120	2966	742
NR_024277	3029	2990	7373	3042	1404	2966	2996	3121	2967	3155
NR_024279	3030	2991	7407	3043	3900	2967	2997	3122	2968	3156
NR_024281	3031	2992	3518	3044	3901	2968	2998	3123	2969	777
NR_024321	3032	2993	493	3045	2599	2969	2999	3124	2970	3157
NR_024330	3033	2994	3519	3046	524	2970	3000	3125	2971	3158
NR_024333	3034	2995	7605	3047	3902	2971	3001	3126	2972	3159
NR_024344	3035	2996	7114	3048	2251	2972	3002	3127	2973	188
NR_024347	3036	2997	1246	3049	1378	2973	3003	3128	2974	7246
NR_024357	3037	2998	3520	3050	6402	2974	3004	3129	2975	3160
NR_024360	3038	2999	3521	3051	830	2975	3005	3130	2976	3161
NR_024374	3039	3000	3522	3052	2326	2976	3006	3131	2977	1160
NR_024394	3040	3001	3523	3053	875	2977	3007	3132	2978	1164
NR_024397	3041	3002	7347	3054	3903	2978	3008	3133	2979	3162
NR_024399	3042	3003	3524	3055	6535	2979	3009	3134	2980	6833
NR_024403	3043	3004	3525	3056	1737	2980	3010	3135	2981	3163
NR_024425	3044	3005	1134	3057	5396	2981	3011	3136	2982	3164
NR_024433	3045	3006	314	3058	2243	2982	3012	3137	2983	3165
NR_024447	3046	3007	1022	3059	3904	2983	3013	3138	2984	7231
NR_024452	3047	3008	3526	3060	2186	2984	3014	3139	2985	7298
NR_024455	3048	3009	3527	3061	1778	2985	3015	3140	2986	3166
NR_024464	3049	3010	3528	3062	7361	2986	3016	3141	2987	3167
NR_024484	3050	3011	7735	3063	5422	2987	3017	3142	2988	3168
NR_024489	3051	3012	3529	3064	5532	2988	3018	3143	2989	7591
NR_024492	3052	3013	3530	3065	2547	2989	3019	3144	2990	7277
NR_024498	3053	3014	7015	3066	5942	2990	3020	3145	2991	3169
NR_024522	3054	3015	3531	3067	2052	2991	3021	3146	2992	3170
NR_024523	3055	3016	3532	3068	7784	2992	3022	3147	2993	3171
NR_024540	3056	3017	3533	3069	847	2993	3023	3148	2994	3172
NR_024547	3057	3018	3534	3070	5613	2994	3024	3149	2995	3173
NR_024565	3058	3019	3535	3071	2180	2995	3025	3150	2996	3174
NR_024580	3059	3020	3536	3072	3905	2996	3026	3151	2997	1053
NR_024593	3060	3021	1493	3073	6203	2997	3027	3152	2998	7253
NR_024607	3061	40	3537	3074	3906	2998	3028	3153	2999	3175
NR_026052	3062	3022	7692	3075	3907	2999	3029	3154	3000	3176
NR_026543	3063	3023	3538	3076	320	3000	3030	3155	3001	6861
NR_026544	3064	3024	3539	3077	2009	3001	3031	3156	3002	3177
NR_026556	63	3025	3540	3078	3908	3002	3032	3157	3003	3178
NR_026567	3065	3026	3541	3079	6982	3003	3033	3158	3004	3179
NR_026597	3066	3027	3542	19	3909	3004	3034	3159	3005	3180
NR_026655	3067	3028	3543	3080	3910	3005	3035	3160	3006	7060
NR_026664	3068	3029	3544	3081	1484	3006	3036	3161	3007	880
NR_026675	3069	3030	72	3082	6175	3007	3037	3162	3008	3181
NR_026676	3070	3031	582	3083	6115	3008	3038	3163	3009	3182
NR_026679	3071	3032	3545	3084	6346	3009	3039	3164	3010	3183
NR_026682	217	3033	3546	3085	7376	3010	3040	3165	3011	3184
NR_026705	3072	3034	509	3086	3911	3011	3041	3166	3012	1365
NR_026728	3073	3035	3547	3087	7296	3012	3042	3167	3013	3185
NR_026732	3074	3036	789	3088	7411	3013	3043	3168	3014	3186
NR_026751	3075	3037	7119	3089	2338	3014	3044	3169	3015	3187
NR_026755	3076	3038	3548	3090	1623	3015	3045	3170	3016	3188
NR_026756	3077	3039	3549	3091	152	3016	3046	3171	3017	7317
NR_026759	3078	3040	3550	3092	6685	3017	3047	3172	3018	3189
NR_026765	3079	3041	3551	3093	6869	3018	3048	3173	3019	3190
NR_026768	3080	3042	954	3094	3912	3019	3049	3174	3020	7027
NR_026776	3081	3043	3552	3095	3913	3020	3050	3175	3021	7044
NR_026777	3082	3044	7421	3096	3914	3021	3051	3176	3022	3191
NR_026780	3083	3045	3553	3097	6382	3022	3052	3177	3023	3192
NR_026784	3084	3046	1480	3098	2122	3023	3053	3178	3024	3193
NR_026785	3085	3047	7537	3099	3915	3024	3054	3179	3025	445
NR_026788	3086	3048	7382	3100	5540	3025	3055	3180	3026	3194
NR_026795	3087	3049	3554	3101	6296	3026	3056	3181	3027	3195
NR_026800	3088	3050	3555	3102	5870	16	3057	3182	3028	3196
NR_026803	3089	3051	3556	3103	6244	3027	3058	3183	3029	3197
NR_026812	3090	3052	3557	294	3916	3028	3059	3184	3030	7464
NR_026824	3091	3053	3558	3104	3917	3029	3060	3185	3031	7654
NR_026825	3092	3054	3559	3105	3918	3030	3061	3186	3032	7634
NR_026827	3093	3055	3560	3106	6995	3031	3062	3187	3033	3198
NR_026829	3094	3056	1021	3107	3919	3032	3063	3188	3034	3199
NR_026836	3095	3057	3561	3108	3920	3033	3064	7716	3035	3200
NR_026837	3096	3058	3562	3109	5781	3034	3065	3189	3036	7220
NR_026845	3097	3059	3563	3110	6088	3035	3066	3190	3037	3201
NR_026846	3098	3060	3564	3111	5817	3036	3067	3191	3038	3202
NR_026850	3099	3061	3565	3112	5479	3037	3068	3192	3039	7553
NR_026857	3100	3062	7774	7725	3921	3038	3069	3193	3040	6937
NR_026864	3101	3063	7132	3113	5527	3039	3070	224	3041	3203
NR_026865	3102	3064	7604	3114	3922	3040	3071	3194	3042	3204
NR_026867	102	3065	3566	3115	205	3041	3072	270	3043	3205
NR_026876	3103	3066	3567	3116	5467	3042	3073	3195	3044	7519
NR_026877	3104	3067	3568	3117	6432	3043	3074	3196	3045	1273
NR_026885	3105	3068	3569	3118	5558	3044	3075	3197	3046	3206
NR_026890	3106	3069	3570	3119	7395	3045	3076	3198	3047	3207
NR_026913	3107	3070	3571	3120	7775	3046	3077	3199	3048	3208
NR_026914	3108	3071	203	3121	7358	3047	3078	3200	3049	3209
NR_026915	3109	3072	3572	7792	5398	3048	3079	3201	3050	3210
NR_026918	3110	3073	3573	3122	6495	3049	3080	3202	3051	3211
NR_026919	3111	3074	3574	3123	6961	3050	3081	3203	3052	3212
NR_026925	3112	3075	3575	3124	7128	3051	3082	3204	3053	738
NR_026943	3113	3076	7700	3125	3923	3052	3083	3205	3054	3213
NR_026954	3114	3077	7229	3126	3924	3053	3084	3206	3055	7649
NR_026956	3115	33	3576	3127	3925	3054	3085	3207	3056	3214
NR_026958	3116	3078	3577	3128	7041	3055	3086	3208	3057	3215
NR_026961	3117	3079	921	3129	3926	3056	3087	7621	3058	7353
NR_026965	3118	3080	3578	3130	7769	3057	3088	3209	3059	3216
NR_026966	3119	26	3579	3131	3927	3058	3089	3210	3060	3217
NR_026972	3120	3081	3580	3132	5740	3059	3090	3211	3061	3218
NR_026982	3121	3082	3581	3133	2010	3060	3091	3212	3062	3219
NR_027004	3122	3083	3582	3134	5799	3061	3092	3213	3063	3220
NR_027005	3123	3084	3583	3135	5645	3062	3093	3214	3064	3221
NR_027021	3124	3085	3584	3136	7263	3063	3094	3215	3065	3222
NR_027025	3125	3086	1520	3137	1037	3064	3095	3216	3066	3223
NR_027027	3126	3087	7256	3138	3928	3065	3096	3217	3067	874
NR_027040	3127	3088	7634	3139	5461	3066	3097	3218	3068	3224
NR_027051	3128	3089	7475	3140	3929	3067	3098	3219	3069	3225
NR_027058	3129	3090	3585	3141	5589	3068	3099	3220	3070	3226
NR_027062	3130	3091	3586	3142	6720	3069	3100	7494	3071	1351
NR_027078	3131	3092	3587	3143	3930	3070	3101	3221	3072	761
NR_027085	3132	3093	3588	3144	2285	3071	3102	3222	3073	3227
NR_027129	3133	3094	3589	3145	6876	3072	3103	3223	3074	3228
NR_027156	3134	3095	7284	3146	6639	3073	3104	3224	3075	1045
NR_027176	3135	3096	3590	3147	3931	3074	3105	3225	3076	7526
NR_027181	3136	3097	30	3148	5508	3075	3106	3226	7791	3229
NR_027232	3137	3098	3591	3149	1342	3076	3107	3227	3077	3230
NR_027239	3138	3099	3592	3150	6882	3077	3108	3228	3078	3231
NR_027244	3139	3100	3593	3151	6403	3078	3109	3229	3079	1367
NR_027247	3140	3101	3594	3152	3932	3079	3110	3230	3080	7477
NR_027258	3141	3102	1032	3153	2394	3080	3111	3231	3081	3232
NR_027263	3142	3103	7346	3154	6948	3081	3112	3232	3082	3233
NR_027267	3143	3104	3595	3155	2011	3082	3113	3233	3083	3234
NR_027275	3144	3105	3596	3156	6245	3083	3114	3234	3084	1223
NR_027282	3145	3106	3597	3157	3933	3084	3115	3235	3085	655
NR_027283	3146	3107	3598	3158	6145	3085	3116	3236	3086	3235
NR_027294	3147	3108	3599	3159	3934	3086	3117	3237	3087	664
NR_027321	3148	3109	3600	3160	7752	3087	3118	3238	3088	3236
NR_027341	3149	3110	3601	3161	3935	3088	3119	3239	3089	7197
NR_027350	3150	3111	3602	3162	3936	3089	3120	3240	3090	443
NR_027358	3151	3112	3603	3163	3937	3090	3121	3241	3091	7412
NR_027374	3152	3113	3604	3164	7589	3091	3122	3242	3092	3237
NR_027378	3153	3114	3605	3165	5810	3092	3123	154	3093	3238
NR_027383	3154	3115	1334	3166	505	3093	3124	3243	3094	3239
NR_027405	3155	23	3606	3167	3938	3094	3125	3244	3095	3240
NR_027406	3156	3116	3607	3168	2584	3095	3126	3245	3096	7698
NR_027410	3157	3117	3608	3169	3939	3096	3127	3246	3097	585
NR_027412	3158	3118	3609	3170	848	3097	3128	3247	3098	3241
NR_027423	3159	3119	7561	3171	5561	3098	3129	3248	3099	3242
NR_027425	3160	3120	3610	3172	7408	3099	3130	3249	3100	3243
NR_027435	3161	3121	3611	3173	2459	3100	3131	3250	3101	1061
NR_027442	3162	3122	7736	3174	3940	3101	3132	3251	3102	3244
NR_027447	3163	3123	3612	3175	3941	3102	3133	3252	3103	7480
NR_027471	3164	3124	7238	3176	7735	3103	3134	3253	3104	3245
NR_027484	3165	3125	3613	3177	3942	3104	3135	3254	57	3246
NR_027504	3166	3126	3614	3178	7554	3105	3136	3255	3105	3247
NR_027508	3167	3127	3615	3179	5413	3106	3137	3256	3106	7512
NR_027621	3168	3128	51	3180	3943	3107	3138	3257	3107	3248
NR_027622	3169	3129	3616	3181	7510	3108	3139	7687	3108	7036
NR_027632	3170	3130	7492	3182	3944	3109	3140	3258	3109	3249
NR_027634	3171	3131	3617	3183	6790	3110	3141	3259	3110	3250
NR_027701	187	30	7323	3184	3945	3111	3142	3260	3111	3251
NR_027706	3172	3132	3618	3185	3946	3112	3143	3261	3112	167
NR_027715	3173	3133	3619	3186	6931	3113	3144	3262	3113	3252
NR_027754	3174	3134	3620	3187	3947	3114	3145	7748	3114	3253
NR_027765	3175	3135	3621	3188	5695	3115	3146	3263	3115	3254
NR_027786	3176	3136	3622	3189	1280	3116	3147	3264	3116	3255
NR_027889	3177	3137	1012	3190	7351	3117	3148	3265	3117	3256
NR_027898	3178	3138	3623	3191	3948	3118	3149	165	3118	3257
NR_027916	3179	3139	3624	3192	1932	3119	3150	3266	3119	3258
NR_028134	3180	3140	3625	3193	549	3120	3151	7711	3120	3259
NR_028139	3181	3141	3626	3194	2244	3121	3152	3267	3121	519
NR_028288	3182	3142	3627	3195	3949	3122	3153	65	3122	3260
NR_028301	3183	3143	7580	3196	5499	3123	3154	3268	3123	3261
NR_028308	3184	3144	3628	7789	5667	3124	3155	3269	3124	3262
NR_028335	3185	3145	1189	3197	3950	3125	3156	3270	3125	3263
NR_028339	3186	3146	1298	3198	6488	3126	3157	3271	3126	3264
NR_028351	3187	3147	1573	3199	298	3127	3158	3272	3127	3265
NR_028386	3188	3148	3629	3200	3951	3128	3159	3273	3128	546
NR_028443	3189	3149	7149	3201	3952	3129	3160	3274	3129	438
NR_028509	3190	3150	3630	3202	3953	3130	3161	7753	3130	3266
NR_028510	3191	3151	3631	3203	7287	3131	3162	3275	3131	1134
NR_028514	3192	3152	7768	3204	5434	3132	3163	3276	3132	3267
NR_028597	3193	3153	3632	3205	2107	3133	3164	3277	3133	3268
NR_029378	3194	3154	3633	3206	7615	3134	3165	3278	3134	3269
NR_029379	3195	3155	3634	3207	1960	3135	3166	3279	3135	3270
NR_029388	3196	3156	1478	3208	1150	3136	3167	3280	3136	3271
NR_029396	3197	3157	3635	3209	618	3137	3168	3281	3137	3272
NR_029408	3198	3158	3636	3210	1343	3138	3169	3282	3138	3273
NR_029409	3199	3159	838	3211	7147	3139	3170	3283	3139	3274
NR_029422	3200	3160	3637	3212	1216	3140	3171	3284	3140	3275
NR_029423	3201	3161	179	3213	3954	3141	3172	3285	3141	3276
NR_029435	3202	3162	3638	3214	162	3142	3173	3286	3142	3277
NR_029481	3203	3163	3639	3215	1002	3143	3174	3287	3143	3278
NR_029495	3204	3164	3640	3216	2252	3144	3175	3288	3144	7375
NR_029497	3205	3165	3641	3217	3955	3145	3176	364	3145	7349
NR_029501	3206	3166	3642	3218	1521	3146	3177	3289	3146	7484
NR_029516	3207	3167	3643	3219	717	3147	3178	3290	3147	3279
NR_029517	3208	3168	3644	3220	718	3148	3179	3291	3148	3280
NR_029626	3209	3169	3645	3221	3956	3149	3180	7754	3149	3281
NR_029635	3210	3170	3646	3222	3957	3150	3181	3292	3150	7510
NR_029639	3211	3171	3647	3223	60	3151	3182	3293	3151	3282
NR_029690	3212	3172	3648	3224	1281	3152	3183	3294	3152	3283
NR_029847	3213	3173	3649	3225	1097	3153	3184	3295	3153	3284
NR_029895	3214	3174	3650	3226	741	3154	3185	3296	3154	3285
NR_029948	3215	3175	846	3227	1405	3155	3186	3297	3155	3286
NR_030228	3216	3176	3651	3228	2369	3156	3187	3298	3156	7444
NR_030230	3217	3177	3652	3229	1129	3157	3188	3299	3157	3287
NR_030280	3218	3178	3653	3230	1847	3158	3189	3300	3158	3288
NR_030286	3219	3179	3654	3231	198	3159	3190	3301	3159	3289
NR_030296	3220	3180	3655	3232	299	3160	3191	3302	3160	3290
NR_030321	3221	3181	3656	3233	6054	3161	3192	3303	3161	3291
NR_030360	3222	3182	3657	3234	1217	3162	3193	3304	3162	3292
NR_030365	3223	3183	3658	3235	3958	3163	3194	3305	3163	7139
NR_030367	3224	3184	3659	3236	981	3164	3195	3306	3164	3293
NR_030396	3225	3185	3660	3237	5900	3165	3196	3307	3165	6797
NR_030398	3226	3186	3661	3238	6324	3166	3197	3308	3166	3294
NR_030527	3227	3187	565	3239	3959	3167	3198	3309	3167	3295
NR_030717	3228	3188	3662	3240	1199	3168	3199	3310	3168	3296
NR_030732	3229	3189	7265	3241	3960	3169	3200	261	3169	7706
NR_030761	3230	3190	3663	3242	155	3170	3201	3311	3170	3297
NR_031620	3231	3191	3664	3243	1933	3171	3202	3312	3171	3298
NR_031631	3232	3192	3665	3244	3961	3172	3203	42	3172	3299
NR_031655	3233	3193	3666	3245	1702	3173	3204	3313	3173	3300
NR_031695	3234	3194	7481	3246	3962	3174	3205	3314	3174	7597
NR_033186	3235	3195	3667	3247	6818	3175	3206	3315	3175	7219
NR_033245	3236	3196	3668	3248	556	3176	3207	3316	3176	1192
NR_033258	116	3197	3669	3249	3963	3177	3208	3317	73	3301
NR_033267	3237	3198	3670	3250	588	3178	3209	3318	3177	3302
NR_033323	3238	3199	3671	3251	2269	3179	3210	3319	3178	3303
NR_033334	3239	3200	3672	3252	6909	3180	3211	3320	3179	3304
NR_033339	3240	3201	7314	3253	3964	3181	3212	3321	3180	3305
NR_033341	3241	3202	3673	3254	876	3182	3213	7658	3181	3306
NR_033343	3242	3203	3674	3255	7791	3183	3214	3322	3182	3307
NR_033368	3243	3204	3675	3256	6640	3184	3215	3323	3183	3308
NR_033380	3244	3205	1188	3257	7530	3185	3216	3324	3184	3309
NR_033381	3245	3206	3676	3258	5791	3186	3217	3325	3185	3310
NR_033400	3246	3207	81	3259	3965	3187	3218	3326	3186	3311
NR_033408	3247	3208	11	3260	3966	3188	3219	3327	3187	3312
NR_033412	3248	3209	1144	3261	2479	3189	3220	3328	3188	3313
NR_033415	3249	3210	1344	7757	281	3190	3221	3329	3189	3314
NR_033416	3250	3211	3677	3262	6552	3191	3222	3330	3190	3315
NR_033420	3251	3212	1061	3263	1218	3192	3223	3331	3191	3316
NR_033557	3252	3213	3678	3264	7559	3193	3224	7688	3192	3317
NR_033652	3253	3214	3679	3265	3967	3194	3225	3332	14	3318
NR_033711	3254	3215	3680	3266	89	3195	3226	3333	3193	3319
NR_033733	3255	3216	3681	3267	1779	3196	3227	3334	3194	3320
NR_033758	3256	3217	3682	3268	5999	3197	3228	3335	3195	3321
NR_033805	3257	3218	7669	3269	3968	3198	3229	3336	3196	3322
NR_033827	3258	3219	3683	3270	6661	3199	3230	3337	3197	3323
NR_033834	3259	3220	7568	3271	3969	3200	3231	3338	3198	338
NR_033846	3260	3221	3684	3272	3970	3201	3232	50	3199	3324
NR_033849	3261	3222	7525	3273	3971	3202	3233	3339	3200	3325
NR_033851	3262	3223	668	3274	3972	3203	3234	3340	3201	3326
NR_033861	3263	3224	731	3275	3973	3204	3235	3341	3202	3327
NR_033864	3264	3225	790	3276	3974	3205	3236	3342	3203	3328
NR_033871	3265	3226	7374	3277	1894	3206	3237	3343	3204	3329
NR_033874	3266	3227	1495	3278	5559	3207	3238	3344	3205	3330
NR_033878	3267	3228	3685	3279	3975	3208	3239	103	3206	3331
NR_033882	3268	3229	3686	3280	3976	3209	3240	7771	3207	3332
NR_033884	3269	3230	7344	3281	3977	3210	3241	3345	3208	6845
NR_033885	3270	3231	3687	3282	6204	3211	3242	3346	3209	6928
NR_033886	3271	3232	3688	3283	7492	3212	3243	3347	3210	3333
NR_033897	3272	3233	3689	3284	633	3213	3244	3348	3211	3334
NR_033901	3273	3234	3690	3285	37	3214	3245	3349	3212	3335
NR_033912	3274	3235	3691	3286	357	3215	3246	3350	3213	6778
NR_033917	3275	3236	3692	3287	3978	3216	3247	3351	3214	692
NR_033923	3276	3237	156	3288	3979	3217	3248	3352	3215	3336
NR_033927	3277	3238	3693	3289	6932	3218	3249	3353	3216	3337
NR_033942	3278	3239	3694	3290	1874	3219	3250	3354	3217	1167
NR_033959	3279	3240	3695	3291	6021	3220	3251	3355	3218	3338
NR_033963	3280	3241	381	3292	6996	3221	3252	3356	3219	3339
NR_033965	3281	3242	7519	3293	5394	3222	3253	3357	3220	3340
NR_033972	3282	3243	3696	3294	3980	3223	3254	3358	3221	7202
NR_033995	3283	32	3697	3295	2421	3224	3255	3359	3222	3341
NR_033997	3284	3244	3698	3296	3981	3225	3256	206	3223	510
NR_034002	3285	3245	3699	3297	3982	3226	3257	3360	3224	749
NR_034033	3286	3246	3700	3298	7264	3227	3258	3361	3225	3342
NR_034072	3287	3247	7616	3299	3983	3228	3259	3362	3226	3343
NR_034080	3288	3248	3701	3300	5588	3229	3260	3363	3227	3344
NR_034083	3289	3249	3702	3301	3984	3230	3261	3364	3228	7554
NR_034085	3290	3250	6989	3302	70	3231	3262	3365	3229	1422
NR_034088	3291	3251	32	3303	3985	3232	3263	3366	3230	3345
NR_034099	3292	3252	3703	3304	3986	3233	3264	3367	3231	7622
NR_034104	3293	3253	3704	3305	1253	3234	3265	3368	3232	3346
NR_034107	3294	3254	7456	3306	5769	3235	3266	3369	3233	3347
NR_034110	3295	3255	3705	3307	5871	3236	3267	7496	3234	3348
NR_034111	3296	3256	3706	3308	6465	3237	3268	3370	3235	3349
NR_034112	3297	3257	3707	3309	7433	3238	3269	3371	3236	3350
NR_034113	3298	3258	3708	3310	7773	3239	3270	3372	3237	3351
NR_034119	3299	3259	3709	3311	3987	3240	59	3373	3238	7280
NR_034120	3300	3260	3710	3312	2245	3241	3271	3374	3239	7099
NR_034125	3301	3261	3711	3313	206	3242	3272	3375	3240	3352
NR_034134	3302	3262	3712	3314	3988	3243	3273	7715	3241	3353
NR_034137	3303	3263	7101	3315	5657	3244	3274	3376	3242	3354
NR_034143	3304	3264	3713	3316	3989	3245	3275	126	3243	6889
NR_034156	3305	3265	3714	3317	22	3246	3276	3377	3244	3355
NR_034172	3306	3266	7001	3318	7272	3247	3277	3378	3245	3356
NR_036095	3307	3267	3715	3319	1379	3248	3278	241	3246	3357
NR_036108	3308	3268	3716	3320	1344	3249	3279	3379	3247	3358
NR_036135	3309	3269	3717	3321	1550	3250	3280	3380	3248	3359
NR_036156	3310	3270	3718	3322	3990	3251	3281	3381	3249	7632
NR_036158	212	3271	707	3323	3991	3252	3282	3382	3250	3360
NR_036159	171	3272	510	3324	3992	3253	3283	3383	3251	3361
NR_036211	3311	3273	652	3325	3993	3254	3284	3384	3252	3362
NR_036213	3312	3274	3719	3326	3994	3255	3285	148	3253	3363
NR_036438	3313	3275	3720	3327	2261	3256	3286	3385	3254	3364
NR_036443	3314	3276	3721	3328	1003	3257	3287	3386	3255	3365
NR_036446	3315	3277	3722	3329	5849	3258	3288	3387	3256	3366
NR_036480	3316	3278	7793	3330	3995	3259	3289	3388	3257	3367
NR_036482	3317	3279	3723	3331	3996	3260	3290	3389	3258	960
NR_036484	3318	3280	7385	3332	3997	3261	3291	7603	3259	1335
NR_036485	3319	3281	7248	3333	3998	3262	3292	3390	3260	7638
NR_036487	3320	3282	3724	3334	5400	3263	3293	3391	3261	893
NR_036489	3321	3283	3725	3335	1802	3264	3294	3392	3262	3368
NR_036494	3322	3284	3726	3336	5462	3265	3295	7749	3263	3369
NR_036507	3323	3285	3727	3337	5987	3266	3296	3393	3264	3370
NR_036511	3324	3286	963	3338	3999	3267	3297	3394	3265	1271
NR_036526	3325	3287	1035	3339	4000	3268	3298	3395	3266	3371
NR_036533	3326	3288	3728	3340	4001	3269	3299	3396	3267	7368
NR_036539	3327	3289	3729	3341	7412	3270	3300	3397	3268	3372
NR_036540	3328	3290	7570	3342	4002	3271	3301	3398	3269	7456
NR_036549	3329	3291	3730	3343	532	3272	3302	3399	3270	3373
NR_036565	3330	3292	3731	3344	1254	3273	3303	3400	3271	3374
NR_036584	3331	3293	3732	3345	4003	3274	3304	3401	3272	7438
NR_036592	3332	3294	7390	3346	4004	3275	3305	3402	3273	3375
NR_036595	3333	3295	3733	3347	6662	3276	3306	3403	3274	3376
NR_036632	3334	3296	3734	3348	4005	3277	3307	3404	3275	231
NR_036635	3335	3297	3735	3349	5872	3278	3308	3405	3276	3377
NR_036678	3336	3298	3736	3350	7183	3279	3309	3406	3277	7356
NR_036683	3337	3299	3737	3351	4006	3280	3310	3407	3278	201
NR_036685	3338	3300	3738	3352	5502	3281	3311	3408	3279	7357
NR_036691	3339	3301	3739	3353	5797	3282	3312	3409	3280	3378
NR_036750	3340	3302	3740	3354	5670	3283	3313	3410	3281	3379
NR_037157	3341	3303	3741	3355	4007	3284	3314	3411	3282	228
NR_037168	3342	3304	3742	3356	1303	3285	3315	3412	3283	3380
NR_037174	3343	3305	7047	3357	1780	3286	3316	3413	3284	3381
NR_037177	3344	3306	3743	3358	663	3287	3317	3414	3285	3382
NR_037191	54	3307	3744	3359	7070	3288	3318	3415	3286	3383
NR_037193	3345	3308	3745	3360	601	3289	3319	3416	3287	3384
NR_037195	3346	3309	3746	7743	7703	3290	3320	3417	3288	7308
NR_037443	3347	3310	3747	3361	1112	3291	3321	3418	3289	570
NR_037500	3348	3311	3748	3362	7753	3292	3322	3419	3290	3385
NR_037504	3349	3312	339	3363	4008	3293	3323	3420	3291	3386
NR_037597	3350	3313	3749	3364	6055	3294	3324	7758	3292	3387
NR_037599	3351	3314	3750	3365	4009	3295	3325	3421	3293	892
NR_037602	3352	3315	3751	3366	5943	3296	3326	3422	3294	6901
NR_037611	3353	3316	3752	3367	4010	3297	3327	3423	3295	967
NR_037629	3354	3317	7697	3368	4011	3298	3328	3424	3296	3388
NR_037665	3355	3318	3753	7760	4012	3299	3329	3425	3297	3389
NR_037676	3356	3319	3754	3369	358	3300	3330	3426	3298	6906
NR_037701	3357	3320	3755	7794	4013	3301	3331	3427	3299	6864
NR_037807	3358	3321	3756	3370	4014	3302	3332	3428	3300	7307
NR_037843	3359	3322	3757	3371	4015	3303	3333	3429	3301	7098
NR_037861	3360	3323	3758	3372	7091	3304	3334	3430	3302	3390
NR_037863	3361	3324	7175	3373	4016	3305	3335	3431	3303	589
NR_037869	3362	3325	839	3374	4017	3306	3336	3432	3304	7324
NR_037876	3363	3326	3759	3375	4018	3307	3337	3433	3305	7385
NR_037884	3364	3327	3760	3376	4019	3308	3338	3434	3306	7584
NR_037889	3365	3328	3761	3377	550	3309	3339	3435	3307	3391
NR_037893	3366	3329	7640	3378	7060	3310	3340	3436	3308	3392
NR_037945	3367	3330	3762	3379	1255	3311	3341	3437	3309	3393
NR_037951	3368	3331	3763	3380	6205	3312	3342	3438	3310	3394
NR_038080	3369	3332	315	3381	4020	3313	3343	3439	3311	3395
NR_038210	3370	3333	7369	3382	1231	3314	3344	3440	3312	3396
NR_038220	3371	3334	7521	3383	4021	3315	3345	3441	3313	3397
NR_038230	3372	3335	3764	3384	6596	3316	3346	3442	3314	3398
NR_038236	3373	3336	3765	3385	4022	3317	3347	3443	3315	7797
NR_038262	3374	3337	3766	3386	4023	3318	3348	3444	3316	7030
NR_038264	3375	3338	3767	3387	4024	3319	3349	3445	3317	7162
NR_038269	3376	3339	7476	3388	5639	3320	3350	7627	3318	3399
NR_038275	3377	3340	3768	3389	6097	3321	3351	3446	3319	3400
NR_038276	3378	3341	3769	3390	4025	3322	3352	3447	3320	7524
NR_038279	3379	3342	6984	3391	6466	3323	3353	3448	3321	1050
NR_038284	3380	3343	3770	3392	742	3324	3354	3449	3322	3401
NR_038286	3381	3344	49	3393	4026	3325	3355	3450	3323	3402
NR_038291	3382	3345	3771	3394	4027	3326	28	3451	3324	3403
NR_038320	3383	3346	3772	3395	5638	3327	3356	3452	3325	3404
NR_038322	3384	3347	7759	3396	4028	3328	3357	3453	3326	3405
NR_038333	3385	3348	3773	3397	4029	3329	3358	7751	3327	3406
NR_038337	3386	3349	3774	3398	7329	3330	3359	3454	3328	3407
NR_038342	3387	3350	3775	3399	6099	3331	3360	3455	3329	3408
NR_038351	3388	3351	3776	3400	2182	3332	3361	3456	3330	896
NR_038362	3389	3352	3777	3401	7587	3333	3362	3457	3331	3409
NR_038379	3390	3353	1581	3402	825	3334	3363	3458	3332	3410
NR_038382	3391	3354	3778	3403	4030	3335	3364	200	3333	7452
NR_038386	3392	3355	3779	3404	5944	3336	3365	3459	3334	3411
NR_038389	3393	3356	3780	3405	1816	3337	3366	3460	3335	3412
NR_038397	3394	3357	3781	3406	4031	3338	3367	16	3336	6970
NR_038404	3395	3358	3782	3407	2256	3339	3368	3461	3337	3413
NR_038436	3396	3359	3783	3408	6269	3340	3369	7559	3338	3414
NR_038440	3397	3360	3784	3409	4032	3341	3370	3462	3339	7072
NR_038441	3398	3361	3785	3410	4033	3342	3371	7591	3340	7144
NR_038444	3399	3362	7591	3411	5828	3343	3372	3463	3341	1101
NR_038452	3400	3363	7225	3412	2557	3344	3373	3464	3342	7335
NR_038455	3401	3364	3786	3413	4034	3345	3374	121	3343	3415
NR_038464	3402	3365	7744	3414	4035	3346	3375	3465	3344	3416
NR_038835	3403	3366	7741	3415	4036	3347	3376	3466	3345	735
NR_038840	3404	3367	3787	3416	6768	3348	3377	3467	3346	1121
NR_038845	3405	3368	3788	3417	7101	3349	3378	7522	3347	1420
NR_038847	3406	3369	3789	3418	1329	3350	3379	3468	3348	3417
NR_038849	3407	3370	3790	3419	5392	3351	3380	3469	3349	7693
NR_038853	3408	3371	3791	3420	6107	3352	3381	3470	3350	3418
NR_038856	3409	3372	3792	3421	7796	3353	3382	3471	3351	3419
NR_038857	3410	3373	1427	3422	6997	3354	3383	3472	3352	3420
NR_038865	3411	3374	3793	3423	4037	3355	3384	3473	3353	7155
NR_038884	3412	3375	3794	58	4038	3356	3385	3474	3354	3421
NR_038903	3413	3376	7380	3424	4039	3357	3386	3475	3355	3422
NR_038904	3414	3377	7791	3425	5420	3358	3387	3476	3356	3423
NR_038910	3415	3378	3795	3426	5459	3359	3388	3477	3357	7529
NR_038925	3416	3379	7043	3427	6100	3360	3389	3478	3358	240
NR_038926	3417	3380	7145	3428	7728	3361	3390	3479	3359	248
NR_038930	3418	3381	7130	3429	4040	3362	3391	3480	3360	436
NR_038935	3419	3382	3796	3430	7155	3363	3392	3481	3361	3424
NR_038940	3420	3383	3797	3431	4041	3364	3393	3482	3362	7386
NR_038941	3421	3384	7133	3432	326	3365	3394	3483	3363	6813
NR_038948	3422	3385	3798	3433	7498	3366	3395	3484	3364	3425
NR_038955	3423	3386	7690	3434	5421	3367	3396	3485	3365	3426
NR_038957	3424	3387	3799	3435	496	3368	3397	3486	3366	1212
NR_038958	3425	3388	3800	3436	1485	3369	3398	3487	3367	567
NR_038969	3426	3389	7739	3437	4042	3370	3399	3488	3368	3427
NR_038970	3427	3390	1105	3438	4043	3371	3400	3489	3369	3428
NR_038975	3428	3391	3801	3439	4044	3372	3401	3490	3370	7089
NR_038976	3429	3392	3802	3440	7174	3373	3402	3491	3371	3429
NR_038978	3430	3393	3803	3441	1848	3374	3403	3492	3372	1177
NR_038982	3431	3394	3804	3442	4045	3375	3404	3493	3373	321
NR_038987	3432	3395	3805	3443	593	3376	3405	3494	3374	3430
NR_038988	3433	3396	3806	3444	1624	3377	3406	3495	3375	3431
NR_038995	3434	3397	7643	3445	2334	3378	3407	3496	3376	7309
NR_038996	3435	3398	3807	76	2493	3379	3408	3497	3377	3432
NR_039616	3436	3399	3808	3446	6686	3380	3409	3498	3378	3433
NR_039833	3437	3400	3809	3447	6467	3381	3410	3499	3379	890
NR_039862	3438	3401	3810	3448	6206	3382	3411	3500	3380	3434
NR_039891	3439	3402	1202	3449	4046	3383	3412	3501	3381	3435
NR_039905	3440	3403	3811	89	4047	3384	3413	3502	3382	3436
NR_039912	3441	3404	419	3450	4048	3385	3414	3503	3383	3437
NR_039949	3442	3405	3812	3451	1781	3386	3415	3504	3384	6779
NR_039969	3443	3406	1028	3452	4049	3387	3416	3505	3385	3438
NR_039982	3444	3407	3813	7758	4050	3388	3417	3506	3386	3439
NR_039983	3445	3408	3814	3453	4051	3389	3418	371	3387	7176
NR_039988	3446	3409	3815	3454	4052	3390	3419	3507	3388	319
NR_039999	3447	3410	7244	3455	2344	3391	3420	3508	3389	3440
NR_040000	3448	3411	390	3456	4053	3392	3421	7635	3390	3441
NR_040013	3449	3412	3816	3457	4054	3393	3422	3509	3391	1024
NR_040015	3450	3413	3817	3458	7203	3394	3423	3510	3392	3442
NR_040017	3451	3414	3818	3459	7663	3395	3424	7611	3393	3443
NR_040033	3452	3415	3819	3460	4055	3396	3425	3511	3394	7656
NR_040038	3453	3416	3820	3461	6819	3397	3426	3512	3395	3444
NR_040050	3454	3417	3821	7806	4056	3398	3427	3513	3396	3445
NR_040051	3455	3418	3822	3462	7465	3399	3428	3514	3397	3446
NR_040052	3456	3419	3823	3463	6933	3400	3429	3515	3398	3447
NR_040064	3457	3420	3824	3464	4057	3401	3430	3516	3399	7101
NR_040071	3458	3421	3825	3465	7779	3402	3431	3517	3400	3448
NR_040081	3459	3422	3826	3466	457	3403	3432	3518	3401	3449
NR_040085	3460	3423	7598	3467	4058	3404	3433	3519	3402	3450
NR_040090	135	3424	3827	3468	45	3405	3434	3520	3403	6932
NR_040092	3461	3425	7554	3469	4059	3406	3435	3521	3404	7217
NR_040096	3462	3426	3828	3470	431	3407	3436	3522	3405	7079
NR_040107	3463	3427	3829	162	2595	3408	3437	3523	3406	3451
NR_040245	145	3428	6952	3471	4060	3409	27	3524	3407	3452
NR_040250	3464	3429	3830	3472	7288	3410	3438	3525	3408	3453
NR_040434	3465	3430	1308	3473	7718	3411	3439	3526	3409	3454
NR_040583	3466	3431	3831	3474	2300	3412	3440	3527	3410	3455
NR_040585	3467	3432	3832	3475	1895	3413	3441	3528	3411	3456
NR_040599	3468	3433	7465	3476	4061	3414	3442	3529	3412	353
NR_040662	3469	3434	3833	3477	4062	3415	3443	3530	3413	62
NR_040710	3470	3435	3834	3478	7418	3416	3444	3531	3414	3457
NR_044993	3471	3436	3835	3479	4063	3417	3445	3532	3415	7679
NR_044995	3472	3437	3836	3480	4064	3418	3446	3533	3416	7474
NR_045002	3473	3438	3837	3481	4065	3419	3447	3534	3417	402
NR_045058	3474	3439	573	3482	7204	3420	3448	3535	3418	3458
NR_045207	3475	3440	3838	3483	6731	3421	3449	3536	3419	3459
NR_045214	3476	63	3839	3484	4066	3422	3450	3537	3420	7226
NR_045215	3477	3441	3840	3485	4067	3423	3451	3538	3421	7172
NR_045262	3478	3442	3841	3486	5873	3424	3452	3539	3422	3460
NR_045644	3479	3443	3842	3487	1158	3425	3453	3540	3423	3461
NR_045667	3480	3444	683	3488	4068	3426	3454	3541	3424	3462
NR_045675	3481	3445	3843	3489	4069	3427	3455	7626	3425	7160
NR_045680	3482	3446	816	3490	4070	3428	3456	3542	3426	3463
NR_045697	3483	3447	3844	3491	4071	3429	3457	3543	3427	7216
NR_045839	3484	3448	7544	3492	4072	3430	3458	3544	3428	3464
NR_045863	3485	3449	271	3493	4073	3431	3459	3545	3429	3465
NR_045983	3486	3450	3845	3494	1655	3432	3460	3546	3430	3466
NR_045985	3487	3451	3846	3495	4074	3433	3461	3547	7800	3467
NR_046096	3488	3452	3847	3496	5492	3434	3462	3548	3431	783
NR_046099	3489	3453	3848	7772	4075	3435	3463	3549	3432	3468
NR_046101	3490	3454	3849	3497	6956	3436	3464	3550	3433	3469
NR_046173	3491	3455	7422	3498	570	3437	3465	3551	3434	3470
NR_046201	3492	3456	7186	3499	6116	3438	3466	3552	3435	3471
NR_046205	3493	3457	3850	3500	5809	3439	3467	3553	3436	3472
NR_046213	3494	3458	3851	3501	4076	3440	3468	3554	3437	7200
NR_046220	3495	3459	7581	3502	5747	3441	3469	7606	3438	3473
NR_046229	3496	3460	3852	3503	4077	3442	3470	3555	3439	7008
NR_046235	3497	3461	121	3504	4078	3443	3471	3556	3440	3474
NR_046236	3498	3462	3853	3505	619	3444	3472	3557	3441	3475
NR_046240	3499	3463	7160	3506	6622	3445	3473	3558	3442	3476
NR_046241	3500	3464	497	3507	4079	3446	3474	3559	3443	3477
NR_046251	3501	3465	3854	3508	56	3447	3475	3560	3444	3478
NR_046269	3502	3466	3855	3509	6641	3448	3476	3561	3445	3479
NR_046273	3503	3467	1173	3510	4080	3449	3477	331	3446	3480
NR_046312	3504	3468	947	3511	4081	3450	3478	3562	3447	3481
NR_046320	3505	3469	3856	3512	6888	3451	3479	3563	3448	3482
NR_046357	3506	3470	3857	3513	4082	3452	3480	3564	3449	406
NR_046383	3507	3471	3858	3514	4083	3453	3481	3565	3450	362
NR_046418	3508	3472	1508	3515	1656	3454	3482	3566	3451	3483
NR_046438	3509	56	3859	3516	7033	3455	3483	3567	3452	3484
NR_046442	3510	3473	3860	3517	5444	3456	3484	3568	3453	320
NR_046452	3511	3474	3861	3518	6404	3457	3485	7594	3454	3485
NR_046461	3512	3475	7395	3519	7332	3458	3486	3569	3455	3486
NR_046473	201	3476	3862	3520	4084	3459	3487	3570	3456	6890
NR_046478	3513	3477	3863	3521	7346	3460	3488	3571	3457	1128
NR_046507	3514	3478	3864	3522	4085	3461	3489	3572	3458	7121
NR_046554	3515	3479	3865	3523	2209	3462	3490	3573	3459	304
NR_046574	3516	3480	7534	3524	4086	3463	3491	7637	3460	3487
NR_046580	3517	3481	3866	3525	4087	3464	3492	54	3461	6945
NR_046583	3518	3482	6991	3526	4088	3465	3493	3574	3462	7734
NR_046609	3519	3483	3867	3527	6433	3466	3494	3575	3463	3488
NR_046631	3520	3484	87	3528	4089	3467	3495	3576	3464	3489
NR_046633	3521	3485	7156	3529	4090	3468	3496	7512	3465	7611
NR_046635	3522	3486	3868	3530	963	3469	3497	3577	3466	3490
NR_046645	3523	3487	848	3531	4091	3470	3498	3578	3467	3491
NR_046659	3524	3488	3869	3532	4092	3471	3499	7778	3468	3492
NR_046666	3525	3489	1490	3533	4093	3472	3500	3579	7794	7358
NR_046683	3526	3490	3870	3534	1657	3473	3501	3580	3469	590
NR_046693	3527	3491	3871	3535	6663	3474	3502	7757	3470	3493
NR_046716	3528	3492	3872	3536	6536	3475	3503	7642	3471	3494
NR_046721	3529	3493	7253	3537	6971	3476	3504	3581	3472	7248
NR_046734	3530	3494	3873	3538	7651	3477	3505	3582	3473	3495
NR_046745	3531	3495	3874	3539	1849	3478	3506	3583	3474	3496
NR_046817	3532	3496	1261	3540	892	3479	3507	3584	3475	3497
NR_046827	3533	3497	3875	3541	2291	3480	3508	3585	3476	3498
NR_046834	3534	3498	3876	3542	1314	3481	3509	3586	3477	6798
NR_046837	3535	3499	3877	3543	1681	3482	3510	3587	3478	3499
NR_046870	3536	3500	3878	3544	6093	3483	3511	3588	3479	3500
NR_047001	3537	3501	3879	3545	4094	3484	3512	7792	3480	3501
NR_047013	3538	3502	3880	3546	1345	3485	3513	7533	3481	3502
NR_047031	3539	3503	7243	3547	1896	3486	3514	3589	3482	3503
NR_047470	3540	3504	7252	3548	4095	3487	3515	3590	3483	7463
NR_047479	3541	3505	867	3549	4096	3488	3516	3591	3484	3504
NR_047495	3542	3506	3881	3550	4097	3489	3517	3592	3485	7643
NR_047508	3543	3507	3882	3551	7102	3490	3518	3593	3486	3505
NR_047550	3544	3508	3883	3552	5901	3491	3519	3594	3487	3506
NR_047557	3545	3509	7503	3553	4098	3492	3520	3595	3488	3507
NR_047558	3546	3510	7668	3554	4099	3493	3521	3596	3489	3508
NR_047568	3547	3511	3884	3555	4100	3494	3522	3597	3490	7666
NR_047570	3548	3512	3885	3556	36	3495	3523	3598	3491	3509
NR_047648	3549	3513	3886	3557	105	3496	3524	3599	105	7545
NR_047662	3550	3514	3887	3558	4101	3497	3525	3600	3492	463
NR_048576	3551	3515	3888	3559	4102	3498	3526	151	3493	3510
NR_049718	3552	3516	7359	3560	7795	3499	3527	3601	3494	3511
NR_049793	114	3517	3889	3561	4103	3500	3528	3602	3495	3512
NR_049794	3553	3518	3890	3562	5765	3501	3529	3603	3496	3513
NR_049806	3554	3519	3891	3563	4104	3502	3530	3604	3497	762
NR_049852	3555	3520	843	3564	4105	3503	3531	3605	3498	3514
NR_051980	3556	3521	1509	3565	6512	3504	3532	3606	3499	3515
NR_051996	3557	3522	3892	3566	7726	3505	3533	3607	3500	3516
NR_051997	3558	3523	3893	3567	4106	3506	3534	7710	3501	3517
NR_052012	3559	3524	3894	3568	5902	3507	3535	3608	3502	3518
NR_052021	3560	3525	3895	3569	448	3508	3536	3609	3503	3519
NR_073084	3561	3526	272	3570	2540	3509	3537	3610	3504	3520
NR_073085	3562	3527	366	3571	5507	3510	3538	3611	3505	3521
NR_073111	3563	3528	3896	3572	7347	3511	3539	3612	3506	3522
NR_073113	3564	3529	7448	3573	4107	3512	3540	3613	3507	3523
NR_073154	3565	3530	3897	3574	7044	3513	3541	3614	3508	3524
NR_073384	3566	3531	3898	3575	1961	3514	3542	3615	3509	3525
NR_073388	3567	3532	3899	3576	2166	3515	3543	3616	3510	3526
NR_073389	3568	3533	3900	3577	465	3516	3544	7654	3511	3527
NR_073428	3569	3534	3901	3578	7045	3517	3545	3617	3512	3528
NR_073430	178	3535	3902	3579	4108	3518	3546	7776	3513	3529
NR_073498	3570	3536	3903	3580	831	3519	3547	3618	3514	3530
NR_073509	3571	3537	3904	3581	6325	3520	3548	3619	3515	3531
NR_073562	3572	3538	3905	3582	1282	3521	3549	3620	3516	3532
NR_073609	3573	3539	1206	3583	2542	3522	3550	3621	3517	3533
NR_074079	68	3540	3906	3584	2307	3523	3551	3622	3518	882
NR_077061	3574	3541	3907	3585	4109	3524	3552	3623	3519	7585
NR_077227	3575	3542	3908	3586	4110	3525	3553	3624	3520	372
NR_102280	3576	3543	3909	3587	7224	3526	3554	3625	3521	3534
NR_102302	3577	3544	3910	3588	5533	3527	3555	3626	3522	754
NR_102317	3578	3545	6996	3589	1897	3528	3556	3627	3523	1416
NR_102333	3579	3546	3911	3590	324	3529	3557	3628	3524	3535
NR_102338	3580	3547	3912	3591	1682	3530	3558	3629	3525	6836
NR_102400	3581	3548	75	3592	4111	3531	3559	3630	3526	3536
NR_102401	3582	3549	3913	3593	4112	3532	26	3631	3527	3537
NR_102430	3583	3550	3914	3594	6597	3533	3560	3632	3528	3538
NR_102435	3584	3551	3915	3595	6146	3534	3561	3633	3529	3539
NR_102684	3585	3552	3916	3596	7777	3535	3562	3634	3530	3540
NR_102735	3586	3553	3917	3597	6434	3536	3563	3635	3531	6694
NR_102755	3587	3554	3918	3598	7064	3537	3564	3636	3532	3541
NR_102759	3588	3555	3919	3599	50	3538	3565	3637	3533	3542
NR_103445	3589	3556	1305	3600	7413	3539	3566	3638	3534	6787
NR_103446	3590	3557	3920	3601	477	3540	3567	3639	3535	3543
NR_103451	3591	3558	3921	3602	4113	3541	3568	3640	3536	7556
NR_103482	3592	3559	3922	3603	1304	3542	3569	3641	3537	3544
NR_103500	3593	3560	3923	3604	5874	3543	3570	3642	3538	3545
NR_103527	3594	3561	3924	3605	5686	3544	3571	3643	3539	3546
NR_103534	3595	3562	7161	3606	6147	3545	3572	3644	3540	3547
NR_103548	3596	3563	3925	272	4114	3546	3573	108	3541	3548
NR_103549	3597	3564	3926	3607	4115	3547	3574	183	3542	6782
NR_103558	3598	3565	344	3608	4116	3548	3575	7805	3543	3549
NR_103713	3599	3566	3927	3609	2053	3549	3576	3645	3544	3550
NR_103738	3600	3567	7297	3610	6383	3550	3577	3646	3545	3551
NR_103740	3601	3568	3928	3611	4117	3551	3578	7718	3546	3552
NR_103741	3602	3569	3929	3612	6642	3552	3579	3647	3547	3553
NR_103767	3603	3570	66	3613	4118	3553	3580	3648	3548	3554
NR_103768	3604	3571	7121	3614	7749	3554	3581	3649	3549	3555
NR_103771	3605	3572	1429	3615	7584	3555	3582	3650	3550	3556
NR_103773	3606	3573	91	3616	6998	3556	3583	3651	3551	3557
NR_103774	3607	3574	3930	3617	5802	3557	3584	3652	3552	7620
NR_103777	3608	3575	3931	3618	7371	3558	3585	3653	3553	3558
NR_103797	3609	3576	1030	3619	4119	3559	3586	3654	3554	3559
NR_103804	3610	3577	3932	3620	4120	3560	3587	3655	3555	7505
NR_103831	3611	3578	1378	3621	4121	3561	3588	3656	3556	7339
NR_103855	3612	46	3933	3622	4122	3562	3589	3657	3557	7673
NR_103858	3613	3579	3934	3623	7449	3563	3590	3658	3558	6768
NR_104064	3614	3580	3935	3624	5481	3564	3591	3659	3559	806
NR_104082	3615	41	3936	3625	6347	3565	3592	3660	3560	3560
NR_104098	3616	3581	3937	3626	35	3566	3593	3661	3561	3561
NR_104116	3617	3582	3938	3627	420	3567	3594	3662	3562	3562
NR_104126	3618	3583	3939	3628	4123	3568	3595	3663	3563	7150
NR_104133	219	3584	835	3629	2509	3569	3596	3664	3564	7588
NR_104159	3619	3585	1121	3630	6496	3570	3597	3665	3565	3563
NR_104178	3620	3586	3940	3631	4124	3571	3598	3666	3566	7288
NR_104179	3621	3587	3941	3632	1159	3572	3599	3667	3567	3564
NR_104223	3622	3588	3942	3633	7707	3573	3600	3668	3568	3565
NR_104224	3623	3589	7027	3634	51	3574	3601	3669	3569	3566
NR_104239	3624	3590	3943	3635	4125	3575	3602	3670	3570	7450
NR_104267	3625	3591	1473	3636	5903	3576	3603	3671	3571	3567
NR_104269	3626	3592	3944	3637	4126	3577	3604	3672	3572	818
NR_104295	228	3593	3945	3638	6537	3578	3605	3673	3573	3568
NR_104314	3627	3594	3946	3639	330	3579	3606	3674	3574	3569
NR_104317	3628	3595	3947	3640	6270	3580	3607	3675	3575	6894
NR_104331	3629	3596	7527	3641	4127	3581	3608	3676	3576	6976
NR_104359	141	3597	3948	3642	4128	3582	3609	3677	3577	3570
NR_104414	3630	3598	3949	3643	2196	3583	3610	3678	3578	1019
NR_104604	3631	3599	7108	3644	5723	3584	3611	3679	3579	3571
NR_104613	3632	3600	7246	3645	6117	3585	3612	7560	3580	3572
NR_104639	3633	3601	3950	3646	5587	3586	3613	3680	3581	7239
NR_104651	3634	3602	3951	3647	4129	3587	3614	3681	3582	7149
NR_104663	3635	3603	3952	3648	6849	3588	3615	3682	3583	3573
NR_104664	3636	3604	3953	3649	7008	3589	3616	3683	3584	3574
NR_104676	3637	3605	3954	3650	6232	3590	3617	3684	3585	3575
NR_105057	3638	3606	3955	3651	5875	3591	3618	3685	3586	3576
NR_106723	3639	3607	556	3652	4130	3592	3619	3686	3587	3577
NR_106735	3640	3608	1510	3653	5438	3593	3620	33	3588	3578
NR_106822	3641	3609	817	3654	4131	3594	3621	3687	3589	3579
NR_106827	3642	3610	3956	3655	5904	3595	3622	3688	3590	3580
NR_106831	3643	3611	3957	3656	1073	3596	3623	3689	3591	3581
NR_106935	3644	3612	3958	3657	6624	3597	3624	3690	3592	3582
NR_106947	3645	3613	3959	3658	300	3598	3625	3691	3593	3583
NR_108022	3646	3614	3960	3659	2385	3599	3626	3692	3594	3584
NR_108036	3647	3615	7548	3660	5945	3600	3627	3693	3595	3585
NR_108047	3648	3616	1570	3661	396	3601	3628	3694	3596	3586
NR_108049	3649	3617	3961	3662	579	3602	3629	7643	3597	3587
NR_108060	3650	3618	3962	3663	1486	3603	3630	3695	3598	958
NR_108061	3651	3619	3963	3664	5604	3604	3631	3696	93	7772
NR_108070	3652	3620	3964	3665	7542	3605	3632	3697	3599	3588
NR_108073	3653	3621	3965	3666	4132	3606	3633	3698	3600	657
NR_108080	3654	3622	7172	3667	4133	3607	3634	3699	3601	7491
NR_108100	3655	3623	350	3668	4134	3608	3635	3700	3602	3589
NR_109769	3656	3624	3966	207	589	3609	3636	3701	3603	3590
NR_109770	3657	3625	3967	3669	4135	3610	3637	3702	3604	7045
NR_109773	3658	3626	3968	3670	6271	3611	3638	3703	3605	3591
NR_109779	7795	3627	3969	3671	5525	3612	3639	3704	3606	7804
NR_109795	3659	3628	7439	3672	4136	3613	3640	3705	3607	3592
NR_109806	3660	3629	3970	3673	5524	3614	3641	3706	3608	503
NR_109827	3661	3630	7173	3674	6234	3615	3642	7583	3609	3593
NR_109836	3662	3631	3971	171	4137	3616	3643	3707	77	3594
NR_109849	3663	3632	7588	3675	4138	3617	3644	3708	3610	3595
NR_109868	3664	3633	3972	3676	4139	3618	3645	104	3611	3596
NR_109873	3665	3634	7498	3677	4140	3619	3646	3709	3612	7041
NR_109889	3666	3635	3973	3678	7608	3620	3647	3710	3613	3597
NR_109908	3667	3636	7693	3679	4141	3621	3648	3711	3614	3598
NR_109928	3668	3637	3974	3680	7511	3622	3649	3712	3615	1000
NR_109960	3669	3638	3975	3681	1683	3623	3650	3713	3616	3599
NR_109975	185	3639	3976	3682	4142	3624	3651	3714	3617	3600
NR_109983	3670	3640	3977	3683	2350	3625	3652	3715	3618	3601
NR_110002	3671	3641	3978	3684	1406	3626	3653	3716	3619	3602
NR_110018	3672	3642	3979	3685	5717	3627	3654	3717	3620	3603
NR_110021	3673	3643	3980	3686	7215	3628	3655	3718	3621	1238
NR_110028	3674	3644	3981	3687	2083	3629	3656	3719	3622	3604
NR_110032	3675	3645	7378	3688	4143	3630	3657	3720	3623	3605
NR_110044	3676	3646	7423	3689	4144	3631	3658	3721	3624	3606
NR_110045	3677	3647	3982	3690	7352	3632	3659	3722	3625	3607
NR_110050	3678	3648	3983	3691	6598	3633	3660	3723	3626	1201
NR_110056	3679	3649	3984	3692	1346	3634	3661	3724	3627	3608
NR_110065	3680	3650	283	3693	4145	3635	3662	3725	3628	6942
NR_110067	3681	3651	3985	3694	2157	3636	3663	7527	3629	3609
NR_110073	3682	3652	3986	193	4146	3637	3664	3726	3630	3610
NR_110078	3683	3653	3987	3695	6664	3638	3665	3727	3631	3611
NR_110115	3684	3654	7258	3696	4147	3639	3666	3728	3632	226
NR_110128	3685	3655	3988	3697	701	3640	3667	3729	3633	3612
NR_110134	3686	3656	3989	3698	7528	3641	3668	7592	3634	3613
NR_110139	3687	3657	3990	3699	832	3642	3669	7608	3635	3614
NR_110141	3688	3658	3991	3700	5705	3643	3670	3730	3636	3615
NR_110155	3689	3659	3992	3701	6538	3644	3671	3731	3637	3616
NR_110157	3690	3660	3993	3702	1684	3645	3672	3732	3638	3617
NR_110176	3691	3661	3994	3703	1445	3646	3673	3733	3639	6808
NR_110199	3692	3662	3995	3704	1898	3647	3674	7549	3640	6721
NR_110206	3693	3663	3996	3705	6806	3648	3675	3734	3641	3618
NR_110232	3694	3664	3997	3706	880	3649	3676	3735	3642	3619
NR_110236	3695	3665	3998	3707	4148	3650	3677	7772	3643	3620
NR_110248	3696	3666	3999	3708	4149	3651	3678	3736	17	3621
NR_110255	80	3667	4000	3709	4150	3652	3679	3737	3644	7269
NR_110259	3697	3668	4001	3710	941	3653	3680	3738	3645	3622
NR_110275	3698	3669	4002	3711	5946	3654	3681	3739	3646	909
NR_110303	3699	3670	4003	3712	6096	3655	3682	3740	3647	3623
NR_110375	3700	3671	4004	3713	4151	3656	3683	7708	3648	3624
NR_110386	3701	3672	4005	3714	6000	3657	3684	3741	3649	3625
NR_110387	3702	3673	7610	3715	5566	3658	3685	7567	3650	3626
NR_110419	3703	3674	4006	3716	7425	3659	3686	3742	3651	3627
NR_110439	3704	3675	7731	3717	4152	3660	3687	7580	3652	3628
NR_110506	3705	3676	4007	3718	7688	3661	3688	3743	3653	3629
NR_110514	3706	3677	4008	3719	4153	3662	3689	3744	3654	563
NR_110515	3707	3678	4009	3720	348	3663	3690	3745	3655	3630
NR_110537	3708	3679	4010	3721	5471	3664	3691	3746	3656	7147
NR_110549	3709	3680	4011	3722	4154	3665	3692	3747	3657	7624
NR_110552	3710	3681	7447	3723	4155	3666	3693	3748	50	3631
NR_110554	3711	3682	4012	3724	7722	3667	3694	3749	3658	3632
NR_110569	3712	3683	4013	3725	194	3668	3695	3750	3659	3633
NR_110597	3713	3684	4014	3726	7281	3669	3696	3751	3660	3634
NR_110612	3714	3685	4015	3727	5627	3670	3697	3752	3661	865
NR_110614	3715	3686	4016	3728	6566	3671	3698	3753	3662	3635
NR_110623	3716	3687	4017	3729	5834	3672	3699	3754	3663	7497
NR_110626	3717	3688	4018	3730	2159	3673	3700	3755	3664	3636
NR_110627	3718	3689	4019	3731	6348	3674	3701	3756	3665	6780
NR_110646	3719	3690	4020	3732	5659	3675	3702	3757	3666	964
NR_110647	3720	3691	4021	3733	381	3676	3703	3758	3667	3637
NR_110652	3721	3692	7770	3734	4156	3677	3704	3759	3668	262
NR_110658	3722	3693	4022	3735	4157	3678	10	3760	3669	3638
NR_110666	3723	3694	4023	3736	7148	3679	3705	3761	3670	3639
NR_110671	3724	3695	4024	3737	4158	3680	3706	3762	3671	407
NR_110681	3725	3696	4025	3738	7304	3681	3707	3763	3672	3640
NR_110698	3726	3697	4026	3739	5418	3682	3708	3764	3673	639
NR_110725	3727	3698	4027	179	5580	3683	3709	3765	3674	3641
NR_110727	3728	3699	4028	3740	1720	3684	3710	3766	3675	3642
NR_110731	3729	3700	7468	3741	5446	3685	3711	3767	3676	3643
NR_110733	3730	3701	4029	3742	4159	3686	3712	7788	3677	3644
NR_110740	3731	3702	4030	3743	1865	3687	3713	3768	3678	3645
NR_110742	3732	3703	1057	3744	4160	3688	3714	3769	3679	3646
NR_110744	3733	3704	4031	3745	4161	3689	3715	3770	3680	295
NR_110763	3734	3705	4032	3746	4162	3690	3716	7750	3681	3647
NR_110782	3735	3706	4033	3747	1850	3691	3717	3771	3682	1405
NR_110784	3736	3707	4034	3748	6952	3692	3718	3772	3683	3648
NR_110796	3737	3708	720	3749	5403	3693	3719	3773	3684	3649
NR_110801	3738	3709	4035	117	5482	3694	3720	3774	3685	1131
NR_110802	3739	3710	4036	3750	719	3695	3721	3775	3686	3650
NR_110810	3740	3711	4037	3751	6872	3696	3722	3776	63	6866
NR_110818	3741	3712	4038	3752	6748	3697	3723	3777	3687	3651
NR_110828	3742	3713	984	3753	4163	3698	3724	3778	3688	3652
NR_110831	3743	3714	4039	3754	4164	3699	3725	66	3689	3653
NR_110837	3744	3715	4040	3755	1256	3700	3726	3779	3690	3654
NR_110840	3745	3716	4041	3756	5709	3701	3727	3780	3691	3655
NR_110841	3746	3717	4042	3757	4165	3702	3728	3781	62	7214
NR_110883	3747	3718	4043	3758	7216	3703	3729	3782	3692	3656
NR_110901	3748	3719	319	3759	5855	3704	3730	3783	3693	3657
NR_110912	3749	3720	1352	3760	2567	3705	3731	3784	3694	143
NR_110916	3750	3721	4044	3761	5685	3706	3732	3785	3695	3658
NR_110919	3751	3722	4045	3762	5513	3707	3733	3786	3696	807
NR_110952	3752	3723	4046	3763	5725	3708	3734	7556	3697	3659
NR_111930	3753	3724	4047	3764	7314	3709	3735	7572	3698	3660
NR_111936	3754	3725	903	3765	4166	3710	3736	3787	3699	3661
NR_117096	3755	3726	4048	3766	1685	3711	3737	3788	3700	3662
NR_119374	3756	3727	4049	3767	6326	3712	3738	7501	3701	3663
NR_119376	3757	3728	4050	3768	4167	3713	3739	3789	3702	7122
NR_120309	3758	15	4051	3769	4168	3714	3740	3790	3703	3664
NR_120311	3759	3729	4052	3770	551	3715	3741	3791	3704	7658
NR_120330	3760	3730	4053	3771	1601	3716	3742	3792	3705	3665
NR_120333	3761	3731	470	3772	4169	3717	3743	3793	3706	3666
NR_120360	3762	3732	4054	3773	6999	3718	3744	3794	3707	3667
NR_120363	3763	3733	7176	3774	4170	3719	3745	3795	76	7566
NR_120365	3764	3734	7707	3775	4171	3720	3746	3796	3708	3668
NR_120366	3765	3735	4055	3776	2144	3721	3747	3797	3709	642
NR_120373	3766	3736	4056	3777	1625	3722	3748	3798	3710	6891
NR_120386	3767	3737	4057	3778	5515	3723	3749	3799	3711	7429
NR_120423	3768	3738	4058	3779	7265	3724	3750	3800	3712	1213
NR_120430	3769	3739	7711	3780	4172	3725	3751	3801	3713	3669
NR_120458	3770	3740	4059	3781	6513	3726	3752	3802	3714	3670
NR_120471	3771	3741	4060	3782	5600	3727	3753	3803	3715	3671
NR_120495	3772	3742	4061	3783	7799	3728	3754	3804	3716	6745
NR_120502	3773	3743	1562	3784	1738	3729	3755	7525	3717	3672
NR_120521	3774	3744	1284	3785	7637	3730	3756	3805	3718	3673
NR_120528	56	3745	4062	3786	5628	3731	3757	3806	3719	3674
NR_120593	3775	3746	6999	3787	4173	3732	3758	3807	3720	7071
NR_120595	3776	3747	4063	3788	7714	3733	3759	3808	3721	3675
NR_120598	7777	3748	4064	3789	4174	3734	3760	3809	3722	7680
NR_120604	3777	3749	4065	3790	1446	3735	3761	3810	3723	3676
NR_120611	3778	3750	25	3791	7699	3736	3762	3811	3724	3677
NR_120613	3779	3751	7688	3792	6567	3737	3763	3812	3725	3678
NR_120647	3780	3752	7558	3793	4175	3738	3764	3813	3726	3679
NR_120662	3781	3753	4066	3794	200	3739	3765	3814	3727	3680
NR_121197	3782	3754	4067	3795	4176	3740	3766	3815	3728	593
NR_121577	3783	3755	1634	3796	6807	3741	3767	3816	3729	3681
NR_121581	3784	3756	4068	3797	106	3742	3768	3817	3730	6716
NR_121586	3785	3757	4069	3798	5581	3743	3769	3818	3731	3682
NR_121587	3786	3758	4070	7790	4177	3744	3770	7526	3732	3683
NR_121620	3787	3759	7435	3799	4178	3745	3771	3819	7796	6907
NR_121638	3788	3760	4071	3800	5435	3746	3772	3820	3733	7541
NR_121649	3789	3761	4072	3801	4179	3747	3773	3821	3734	7035
NR_121652	3790	3762	4073	3802	4180	3748	3774	3822	3735	7685
NR_121674	3791	3763	4074	3803	7607	3749	3775	3823	3736	3684
NR_122038	3792	3764	4075	3804	5856	3750	3776	7499	3737	3685
NR_122069	3793	3765	4076	3805	1739	3751	3777	3824	3738	6769
NR_122074	3794	3766	4077	3806	4181	3752	3778	3825	3739	7498
NR_122111	3795	3767	7348	3807	4182	3753	3779	3826	3740	3686
NR_123739	3796	3768	4078	3808	4183	3754	3780	133	3741	7215
NR_125344	3797	3769	4079	3809	4184	3755	3781	3827	3742	772
NR_125348	3798	3770	4080	3810	2545	3756	3782	3828	3743	392
NR_125368	3799	3771	4081	3811	1257	3757	3783	3829	3744	3687
NR_125373	3800	3772	7128	3812	849	3758	3784	3830	3745	7775
NR_125375	3801	3773	7410	3813	4185	3759	3785	3831	3746	3688
NR_125376	3802	3774	7664	3814	4186	3760	3786	3832	3747	3689
NR_125378	3803	3775	4082	3815	5755	3761	3787	3833	3748	3690
NR_125384	3804	3776	4083	3816	6497	3762	3788	3834	3749	6708
NR_125398	3805	3777	7564	3817	780	3763	3789	3835	3750	3691
NR_125405	3806	3778	1445	3818	743	3764	3790	3836	3751	6883
NR_125408	3807	3779	4084	3819	7225	3765	3791	3837	3752	3692
NR_125409	3808	3780	4085	7802	4187	3766	3792	3838	3753	1058
NR_125429	3809	3781	4086	3820	7660	3767	3793	3839	3754	3693
NR_125431	3810	3782	4087	3821	2156	3768	3794	7585	3755	3694
NR_125732	3811	3783	7454	3822	4188	3769	3795	3840	3756	3695
NR_125738	3812	3784	4088	3823	421	3770	3796	3841	3757	6974
NR_125739	150	10	4089	3824	4189	3771	3797	3842	124	6766
NR_125740	3813	3785	7003	3825	5691	3772	3798	3843	3758	722
NR_125774	3814	3786	4090	3826	6972	3773	3799	3844	3759	3696
NR_125792	3815	3787	4091	3827	6665	3774	3800	3845	3760	3697
NR_125801	3816	3788	4092	3828	1686	3775	3801	3846	3761	3698
NR_125803	3817	3789	4093	3829	5661	3776	3802	3847	3762	3699
NR_125806	3818	20	7071	3830	4190	3777	3803	3848	3763	6989
NR_125810	3819	3790	4094	3831	4191	3778	3804	7724	3764	3700
NR_125821	3820	3791	7321	3832	2370	3779	3805	3849	3765	3701
NR_125845	3821	3792	114	3833	2549	3780	3806	3850	3766	3702
NR_125849	3822	3793	4095	3834	4192	3781	3807	7641	3767	7530
NR_125866	3823	3794	4096	3835	6297	3782	3808	3851	3768	3703
NR_125867	3824	3795	4097	3836	916	3783	3809	3852	3769	3704
NR_125879	3825	3796	4098	3837	4193	3784	3810	3853	3770	535
NR_125938	3826	3797	4099	3838	4194	3785	7	284	3771	3705
NR_125947	3827	3798	4100	3839	7192	3786	3811	3854	3772	7779
NR_125966	3828	3799	4101	3840	6349	3787	3812	3855	3773	3706
NR_125970	3829	3800	4102	3841	7612	3788	3813	3856	3774	3707
NR_125974	3830	3801	7227	3842	5706	3789	3814	3857	3775	3708
NR_125975	3831	3802	4103	3843	6910	3790	3815	3858	3776	3709
NR_125976	3832	3803	4104	3844	6666	3791	3816	3859	3777	3710
NR_125987	3833	3804	4105	3845	7372	3792	3817	3860	3778	411
NR_125997	3834	3805	1365	3846	6176	3793	3818	3861	3779	3711
NR_126027	3835	3806	4106	3847	1219	3794	3819	3862	3780	3712
NR_126050	3836	3807	6946	3848	1060	3795	3820	3863	3781	3713
NR_126167	3837	3808	7658	3849	4195	3796	3821	3864	3782	3714
NR_126169	3838	3809	4107	3850	4196	3797	3822	3865	3783	15
NR_126336	3839	3810	1436	3851	7077	3798	3823	3866	3784	3715
NR_126346	3840	3811	4108	3852	4197	3799	3824	3867	3785	897
NR_126355	3841	3812	7728	3853	6435	3800	3825	3868	3786	3716
NR_126358	3842	3813	136	3854	4198	3801	3826	3869	3787	3717
NR_126359	3843	3814	4109	24	4199	3802	3827	3870	3788	668
NR_126382	3844	3815	4110	3855	4200	3803	3828	3871	3789	7717
NR_126419	3845	3816	4111	3856	4201	3804	3829	3872	3790	643
NR_126453	3846	3817	1537	3857	4202	3805	3830	3873	3791	7476
NR_126467	3847	3818	4112	3858	189	3806	3831	3874	3792	3718
NR_126470	3848	3819	4113	3859	620	3807	3832	3875	3793	3719
NR_126496	3849	3820	4114	3860	6148	3808	3833	3876	3794	3720
NR_126498	3850	3821	4115	3861	6350	3809	3834	3877	3795	3721
NR_126502	3851	3822	4116	3862	520	3810	3835	3878	3796	3722
NR_126504	3852	3823	4117	3863	6022	3811	3836	3879	3797	3723
NR_128720	3853	3824	4118	3864	172	3812	3837	3880	3798	3724
NR_130107	3854	3825	7270	3865	4203	3813	3838	3881	3799	712
NR_130156	3855	3826	476	3866	4204	3814	3839	3882	3800	3725
NR_130705	3856	3827	4119	3867	5947	3815	3840	3883	3801	3726
NR_130707	3857	3828	4120	3868	560	3816	3841	3884	3802	863
NR_130730	3858	3829	1500	3869	2214	3817	3842	3885	3803	3727
NR_130735	3859	3830	7080	3870	1817	3818	3843	3886	3804	3728
NR_130736	3860	3831	868	3871	720	3819	3844	3887	3805	3729
NR_130737	3861	3832	4121	3872	4205	3820	3845	3888	3806	7612
NR_130739	3862	3833	4122	3873	1283	3821	3846	3889	3807	3730
NR_130766	3863	3834	4123	3874	6149	3822	3847	3890	3808	3731
NR_130770	3864	3835	4124	3875	7373	3823	3848	3891	3809	1082
NR_130776	3865	3836	4125	111	5678	3824	3849	3892	3810	6949
NR_130779	3866	3837	4126	3876	4206	3825	3850	83	3811	3732
NR_130898	3867	3838	4127	3877	6177	3826	3851	3893	3812	831
NR_130905	3868	3839	4128	3878	403	3827	3852	3894	3813	3733
NR_130911	3869	3840	4129	3879	5735	3828	3853	3895	3814	811
NR_130914	3870	3841	4130	3880	4207	3829	3854	179	3815	3734
NR_130916	3871	3842	7502	3881	4208	3830	3855	3896	3816	944
NR_130926	3872	3843	309	3882	4209	3831	3856	3897	3817	6801
NR_130935	3873	3844	4131	3883	5905	3832	3857	7590	3818	3735
NR_131012	3874	8	83	3884	2560	3833	3858	3898	3819	7492
NR_131171	3875	3845	588	3885	6850	3834	3859	3899	3820	1260
NR_131186	3876	3846	1281	3886	6808	3835	3860	3900	3821	3736
NR_131192	3877	3847	4132	3887	7671	3836	3861	3901	3822	3737
NR_131238	3878	3848	4133	3888	7723	3837	3862	3902	3823	3738
NR_131250	3879	3849	7361	3889	4210	3838	3863	3903	3824	860
NR_131782	3880	3850	4134	3890	7802	3839	3864	3904	3825	918
NR_131902	3881	3851	4135	92	2604	3840	3865	3905	3826	3739
NR_131907	3882	3852	7743	3891	6150	3841	3866	3906	3827	7313
NR_131917	3883	3853	4136	3892	4211	3842	3867	3907	3828	7070
NR_131919	3884	3854	4137	3893	4212	3843	3868	140	3829	3740
NR_131926	3885	3855	4138	3894	7250	3844	3869	3908	3830	3741
NR_131935	49	3856	4139	3895	7184	3845	3870	3909	3831	3742
NR_131938	3886	3857	4140	3896	4213	3846	3871	3910	3832	7517
NR_132125	3887	3858	6977	3897	753	3847	3872	7689	3833	3743
NR_132315	3888	3859	4141	3898	6485	3848	3873	3911	3834	3744
NR_132316	3889	3860	4142	3899	6298	3849	3874	3912	3835	3745
NR_132320	3890	3861	4143	3900	2232	3850	3875	3913	3836	3746
NR_132322	3891	3862	679	3901	4214	3851	3876	6	3837	3747
NR_132323	3892	3863	4144	3902	2158	3852	3877	3914	3838	3748
NR_132346	3893	3864	1084	3903	7289	3853	3878	3915	3839	3749
NR_132360	3894	3865	4145	3904	221	3854	3879	3916	3840	3750
NR_132382	3895	3866	4146	3905	4215	3855	3880	3917	3841	7485
NR_132417	3896	3867	851	3906	4216	3856	3881	3918	3842	3751
NR_132422	3897	3868	7802	3907	4217	3857	3882	3919	3843	3752
NR_132622	3898	3869	4147	3908	4218	3858	3883	3920	3844	7066
NR_132623	3899	3870	4148	3909	4219	3859	3884	3921	3845	7641
NR_132737	3900	3871	770	3910	6789	3860	3885	3922	3846	3753
NR_132738	3901	3872	7512	3911	6621	3861	3886	3923	3847	7674
NR_132742	3902	3873	4149	3912	4220	3862	3887	3924	3848	7062
NR_132748	3903	3874	4150	3913	4221	3863	3888	19	3849	3754
NR_132753	3904	3875	4151	3914	1213	3864	3889	3925	3850	3755
NR_132754	3905	3876	4152	3915	6118	3865	3890	3926	3851	3756
NR_132755	3906	3877	767	3916	1626	3866	3891	3927	3852	3757
NR_132758	3907	3878	384	3917	5774	3867	3892	3928	3853	884
NR_132759	3908	3879	4153	3918	506	3868	3893	3929	3854	3758
NR_132760	3909	3880	7292	3919	6749	3869	3894	3930	3855	3759
NR_132769	3910	3881	4154	3920	1113	3870	3895	3931	3856	3760
NR_132776	3911	3882	4155	3921	1023	3871	3896	3932	3857	3761
NR_132785	3912	3883	4156	3922	7297	3872	3897	3933	3858	3762
NR_132789	3913	3884	4157	3923	4222	3873	3898	3934	3859	7663
NR_132964	3914	3885	4158	3924	6299	3874	3899	56	3860	3763
NR_132980	3915	3886	4159	3925	5468	3875	3900	3935	3861	7297
NR_132988	3916	3887	4160	3926	1038	3876	3901	3936	3862	3764
NR_132989	3917	3888	4161	151	4223	24	3902	3937	3863	3765
NR_133006	3918	3889	4162	3927	432	3877	3903	3938	3864	3766
NR_133055	3919	3890	989	3928	4224	3878	3904	3939	3865	3767
NR_133571	3920	3891	4163	3929	5759	3879	3905	3940	3866	3768
NR_133575	3921	3892	4164	3930	7489	3880	3906	3941	3867	3769
NR_133638	3922	3893	367	3931	4225	3881	3907	362	3868	3770
NR_133642	3923	3894	4165	3932	4226	3882	3908	7588	3869	7461
NR_133920	3924	3895	4166	3933	1487	3883	3909	3942	3870	3771
NR_134263	3925	3896	4167	3934	4227	3884	3910	3943	3871	314
NR_134296	3926	3897	1491	3935	1782	3885	3911	3944	3872	3772
NR_134315	3927	3898	4168	3936	6056	3886	3912	3945	3873	3773
NR_134318	3928	3899	4169	3937	1050	3887	3913	3946	3874	3774
NR_134322	3929	3900	4170	3938	7423	3888	3914	3947	3875	3775
NR_134456	3930	3901	4171	3939	6983	3889	3915	3948	3876	3776
NR_134491	3931	3902	4172	3940	6057	3890	3916	3949	3877	3777
NR_134495	3932	3903	4173	3941	6468	3891	3917	3950	3878	3778
NR_134501	3933	3904	1085	3942	1182	3892	3918	3951	3879	3779
NR_134505	3934	3905	4174	3943	6023	3893	3919	3952	3880	3780
NR_134562	3935	3906	4175	3944	696	3894	3920	3953	3881	3781
NR_134564	3936	3907	7428	3945	7522	3895	3921	3954	3882	3782
NR_134605	3937	3908	4176	3946	6498	3896	3922	3955	3883	3783
NR_134611	3938	3909	4177	3947	2308	3897	3923	3956	3884	467
NR_134628	3939	3910	4178	3948	5697	3898	3924	3957	3885	3784
NR_134635	3940	3911	4179	3949	458	3899	3925	3958	3886	3785
NR_134656	3941	3912	4180	3950	4228	3900	3926	3959	3887	294
NR_134678	3942	3913	4181	3951	1851	3901	3927	3960	3888	3786
NR_134859	3943	3914	4182	3952	1258	3902	3928	3961	3889	3787
NR_134873	3944	3915	4183	125	4229	3903	3929	3962	3890	3788
NR_134881	3945	3916	4184	3953	1039	3904	3930	3963	3891	3789
NR_134935	3946	3917	4185	3954	1852	3905	3931	3964	3892	3790
NR_134963	3947	3918	4186	3955	7604	3906	3932	3965	3893	3791
NR_135014	3948	3919	4187	3956	185	3907	3933	3966	3894	3792
NR_135044	3949	3920	7406	3957	4230	3908	3934	3967	3895	3793
NR_135053	3950	3921	4188	3958	6643	3909	3935	7609	3896	3794
NR_135079	3951	3922	4189	3959	5596	3910	3936	3968	3897	3795
NR_135098	3952	3923	4190	257	702	3911	3937	3969	3898	3796
NR_135109	3953	3924	4191	3960	4231	3912	3938	109	3899	3797
NR_135119	3954	3925	4192	3961	7026	3913	3939	3970	3900	3798
NR_135128	3955	3926	483	3962	7557	3914	3940	3971	3901	3799
NR_135129	3956	3927	7166	3963	4232	3915	3941	7595	3902	644
NR_135154	3957	3928	4193	3964	4233	3916	3942	3972	3903	7126
NR_135174	3958	3929	4194	3965	1899	3917	3943	3973	3904	3800
NR_135178	3959	3930	4195	3966	6667	3918	3944	3974	3905	3801
NR_135180	3960	3931	4196	3967	7333	3919	3945	3975	3906	904
NR_135198	3961	3932	753	3968	4234	3920	3946	3976	3907	3802
NR_135205	3962	3933	141	3969	4235	3921	3947	3977	3908	155
NR_135234	7784	3934	4197	3970	4236	3922	3948	3978	3909	769
NR_135242	3963	3935	4198	3971	5906	3923	3949	7568	3910	3803
NR_135254	3964	3936	4199	3972	6327	3924	3950	3979	3911	841
NR_135288	3965	3937	4200	7730	7613	3925	3951	3980	3912	3804
NR_135290	3966	3938	4201	3973	7677	3926	3952	3981	3913	3805
NR_135312	3967	3939	837	3974	4237	3927	3953	3982	3914	1250
NR_135317	3968	3940	35	3975	1934	3928	3954	3983	3915	3806
NR_135321	3969	3941	57	3976	4238	3929	3955	3984	3916	3807
NR_135324	3970	3942	4202	3977	6769	3930	3956	3985	3917	3808
NR_135479	3971	3943	6968	3978	4239	3931	3957	3986	3918	936
NR_135500	3972	3944	4203	3979	7226	3932	3958	3987	3919	3809
NR_135511	3973	3945	4204	3980	5642	3933	3959	3988	3920	3810
NR_135546	3974	3946	4205	3981	1853	3934	54	315	3921	3811
NR_135551	3975	3947	4206	3982	4240	3935	3960	3989	3922	7606
NR_135558	3976	3948	4207	3983	1130	3936	3961	3990	3923	6691
NR_135595	3977	3949	7135	3984	6207	3937	3962	3991	3924	3812
NR_135631	3978	3950	4208	3985	346	3938	3963	3992	3925	3813
NR_135668	3979	3951	4209	3986	6272	3939	3964	3993	3926	3814
NR_135681	3980	3952	4210	3987	2012	3940	3965	3994	3927	3815
NR_135686	3981	3953	4211	3988	6328	3941	3966	3995	3928	3816
NR_135692	3982	3954	7631	3989	343	3942	3967	3996	3929	3817
NR_135764	3983	3955	7607	3990	4241	3943	3968	3997	3930	3818
NR_135791	3984	3956	4212	3991	1900	3944	3969	3998	3931	3819
NR_135805	3985	3957	90	3992	4242	3945	3970	3999	3932	3820
NR_135815	3986	3958	1007	3993	4243	3946	3971	4000	3933	3821
NR_135825	3987	3959	7322	3994	4244	3947	3972	4001	3934	521
NR_135827	3988	3960	4213	3995	4245	3948	3973	4002	3935	7713
NR_135835	3989	3961	4214	3996	27	3949	3974	4003	3936	3822
NR_135837	3990	3962	4215	3997	7377	3950	3975	4004	3937	3823
NR_136151	3991	3963	4216	3998	6178	3951	3976	4005	3938	1361
NR_136208	3992	3964	4217	3999	6024	3952	3977	4006	3939	3824
NR_136240	3993	3965	4218	4000	4246	3953	3978	4007	3940	7097
NR_136255	3994	3966	7639	4001	4247	3954	3979	4008	3941	3825
NR_136267	3995	3967	317	4002	4248	3955	3980	4009	3942	3826
NR_136302	3996	3968	313	4003	4249	3956	3981	4010	3943	7457
NR_136316	3997	3969	4219	4004	7334	3957	3982	4011	3944	3827
NR_136339	3998	3970	403	4005	2192	3958	3983	4012	3945	3828
NR_136528	3999	3971	4220	4006	955	3959	3984	4013	3946	3829
NR_136576	4000	3972	1286	4007	4250	3960	31	4014	3947	3830
NR_136614	4001	3973	168	4008	5775	3961	3985	4015	3948	3831
NR_136642	4002	3974	7067	4009	7789	3962	3986	4016	3949	3832
NR_136644	4003	3975	4221	4010	4251	3963	3987	4017	3950	596
NR_136705	4004	3976	7255	4011	6599	3964	3988	4018	3951	1168
NR_136706	4005	3977	4222	7788	4252	3965	3989	4019	3952	3833
NR_136910	4006	3978	4223	4012	5569	3966	3990	4020	3953	7532
NR_137178	4007	3979	4224	4013	4253	3967	3991	4021	3954	7755
NR_138043	4008	3980	7312	4014	7341	3968	3992	4022	3955	3834
NR_138084	4009	3981	4225	4015	4254	3969	3993	119	3956	3835
NR_138091	4010	3982	4226	4016	7255	3970	3994	4023	3957	3836
NR_138131	4011	3983	4227	4017	1407	3971	3995	4024	3958	3837
NR_138257	4012	3984	7590	4018	4255	3972	3996	4025	3959	3838
NR_144317	4013	3985	4228	4019	6973	3973	3997	4026	3960	3839
NR_144368	4014	3986	4229	4020	6568	3974	3998	4027	3961	6739
NR_144376	4015	3987	7617	4021	1461	3975	3999	128	3962	3840
NR_144383	4016	3988	4230	4022	1347	3976	4000	4028	3963	3841
NR_144398	4017	3989	4231	4023	6246	3977	4001	7652	3964	3842
NR_144514	4018	3990	4232	4024	4256	3978	4002	67	3965	1369
NR_144529	4019	3991	7224	4025	5593	3979	4003	4029	3966	3843
NR_144531	4020	3992	4233	4026	7027	3980	4004	4030	3967	1344
NR_144551	4021	3993	205	4027	4257	3981	4005	4031	3968	6923
NR_144634	4022	3994	7142	4028	538	3982	4006	4032	3969	974
NR_144637	4023	3995	664	4029	4258	3983	4007	4033	3970	3844
NR_145132	4024	3996	59	4030	4259	3984	4008	4034	3971	3845
NR_145422	4025	3997	4234	4031	108	3985	4009	4035	3972	3846
NR_145423	4026	3998	4235	4032	4260	3986	4010	4036	3973	7528
NR_145426	4027	3999	4236	4033	5687	3987	4011	4037	3974	3847
NR_145429	71	4000	4237	80	1551	3988	33	4038	3975	3848
NR_145451	4028	4001	4238	4034	4261	3989	4012	4039	3976	867
NR_145459	4029	21	1240	4035	4262	3990	4013	7804	3977	7651
NR_145484	4030	4002	7718	4036	4263	3991	4014	4040	3978	3849
NR_145490	4031	4003	7603	4037	4264	3992	4015	4041	3979	3850
NR_145491	4032	4004	4239	4038	5590	3993	4016	4042	3980	7479
NR_145670	4033	7	4240	4039	7805	3994	4017	4043	3981	7083
NR_145677	4034	4005	4241	4040	4265	3995	4018	4044	3982	973
NR_145712	4035	4006	4242	4041	6899	3996	4019	7587	3983	3851
NR_145714	4036	4007	4243	4042	7034	3997	4020	4045	3984	3852
NR_145750	4037	4008	4244	4043	4266	3998	4021	4046	3985	7354
NR_145753	4038	4009	4245	4044	6600	3999	4022	4047	3986	3853
NR_145766	4039	4010	760	4045	4267	4000	4023	4048	3987	3854
NR_145768	4040	4011	4246	4046	7035	4001	4024	4049	3988	3855
NR_145776	4041	4012	4247	4047	2197	4002	4025	4050	3989	819
NR_145791	4042	4013	4248	4048	6247	4003	4026	4051	3990	3856
NR_145795	4043	4014	4249	4049	6833	4004	4027	4052	3991	3857
NR_145802	4044	4015	4250	4050	6687	4005	4028	4053	3992	3858
NR_145807	4045	4016	4251	4051	5907	4006	4029	4054	3993	3859
NR_145819	4046	4017	961	4052	1380	4007	4030	322	3994	3860
NR_145839	4047	4018	4252	4053	1053	4008	4031	4055	3995	3861
NR_146076	4048	4019	4253	4054	210	4009	4032	4056	3996	976
NR_146077	4049	6	4254	4055	4268	4010	4033	4057	3997	1267
NR_146078	4050	4020	4255	4056	7275	4011	4034	4058	3998	3862
NR_146081	4051	4021	4256	4057	4269	4012	4035	4059	3999	490
NR_146117	4052	4022	427	4058	4270	4013	4036	211	4000	3863
NR_146144	4053	4023	1353	4059	7019	4014	4037	310	4001	1359
NR_146151	4054	4024	488	4060	7517	4015	4038	291	4002	3864
NR_146176	4055	4025	4257	55	4271	4016	4039	4060	4003	3865
NR_146177	4056	4026	880	4061	4272	4017	4040	4061	4004	1153
NR_146203	4057	4027	4258	4062	1658	4018	4041	4062	4005	3866
NR_146229	4058	4028	4259	4063	1488	4019	4042	4063	4006	3867
NR_146274	4059	4029	4260	4064	5681	4020	4043	4064	4007	7221
NR_146290	4060	4030	4261	4065	5567	4021	4044	4065	4008	7555
NR_146292	4061	4031	4262	4066	809	4022	4045	4066	4009	512
NR_146293	4062	4032	4263	4067	6514	4023	4046	4067	4010	704
NR_146294	4063	4033	7678	4068	4273	4024	4047	4068	4011	3868
NR_146300	4064	4034	4264	4069	7698	4025	4048	4069	4012	3869
NR_146309	4065	5	4265	227	4274	4026	4049	4070	4013	3870
NR_146317	4066	4035	1609	4070	7628	4027	4050	4071	4014	3871
NR_146320	4067	4036	7276	4071	621	4028	4051	4072	4015	3872
NR_146321	4068	4037	4266	4072	5803	4029	4052	4073	4016	7603
NR_146322	4069	4038	7325	4073	7741	4030	4053	4074	4017	3873
NR_146324	4070	4039	484	4074	982	4031	4054	4075	4018	3874
NR_146339	4071	4040	1235	4075	5751	4032	4055	4076	4019	3875
NR_146388	4072	4041	4267	4076	6208	4033	4056	4077	4020	3876
NR_146392	4073	4042	4268	4077	4275	4034	9	4078	4021	7163
NR_146421	4074	4043	7696	4078	4276	4035	4057	4079	4022	3877
NR_146455	4075	4044	4269	4079	139	4036	4058	4080	4023	3878
NR_146488	4076	4045	328	4080	5495	4037	4059	4081	4024	3879
NR_146595	4077	4046	4270	4081	4277	4038	4060	7780	4025	3880
NR_146602	4078	4047	4271	4082	732	4039	4061	4082	4026	3881
NR_146624	4079	4048	4272	4083	16	4040	4062	4083	4027	3882
NR_146625	4080	4049	1618	4084	6644	4041	4063	4084	4028	3883
NR_146710	4081	4050	4273	4085	5516	4042	4064	7584	4029	7392
NR_146713	4082	4051	4274	4086	5634	4043	4065	4085	4030	3884
NR_146716	4083	4052	7523	4087	6863	4044	4066	4086	4031	6684
NR_146717	4084	4053	4275	4088	5445	4045	4067	4087	4032	628
NR_146770	4085	4054	980	4089	4278	4046	4068	4088	4033	3885
NR_146771	4086	4055	4276	4090	4279	4047	4069	4089	4034	739
NR_146807	4087	4056	1285	4091	6889	4048	4070	4090	4035	3886
NR_146868	4088	4057	4	4092	4280	4049	4071	4091	4036	3887
NR_146887	4089	4058	4277	4093	6569	4050	4072	4092	4037	3888
NR_146897	4090	4059	4278	7793	4281	4051	4073	4093	4038	3889
NR_146912	4091	4060	4279	4094	1348	4052	4074	4094	4039	3890
NR_146920	4092	4061	4280	4095	721	4053	4075	4095	4040	3891
NR_146974	4093	4062	4281	4096	4282	4054	4076	4096	4041	34
NR_147053	4094	4063	1457	4097	1740	4055	4077	4097	4042	3892
NR_147075	4095	4064	4282	4098	4283	4056	4078	4098	4043	7048
NR_147076	4096	4065	4283	4099	6515	4057	4079	4099	4044	3893
NR_147077	4097	4066	578	4100	4284	4058	4080	4100	4045	3894
NR_147125	4098	4067	4284	4101	1330	4059	4081	4101	4046	6821
NR_147233	4099	4068	4285	4102	1232	4060	4082	7732	4047	3895
NR_147407	4100	4069	4286	4103	4285	4061	4083	7763	4048	3896
NR_147502	4101	4070	1345	4104	4286	4062	4084	4102	4049	861
NR_147506	4102	4071	943	4105	4287	4063	4085	4103	4050	3897
NR_147607	4103	4072	4287	4106	4288	4064	4086	4104	4051	494
NR_147620	4104	4073	7045	4107	4289	4065	4087	4105	4052	7504
NR_147695	4105	4074	920	4108	4290	4066	4088	4106	4053	3898
NR_147697	4106	4075	4288	4109	101	4067	4089	382	4054	7543
NR_147699	4107	4076	4289	226	4291	4068	4090	4107	4055	501
NR_147702	4108	4077	4290	4110	2054	4069	4091	4108	4056	3899
NR_147705	4109	4078	4291	4111	4292	4070	4092	4109	4057	709
NR_147706	4110	4079	4292	4112	4293	4071	4093	7746	4058	3900
NR_147839	4111	4080	4293	4113	1783	4072	4094	4110	4059	6771
NR_147844	4112	4081	1442	4114	7392	4073	4095	4111	4060	3901
NR_147916	4113	4082	1592	4115	4294	4074	4096	4112	4061	222
NR_147975	4114	4083	4294	4116	2084	4075	4097	4113	4062	847
NR_148016	4115	4084	4295	4117	5908	4076	4098	4114	4063	3902
NR_148040	4116	4085	4296	4118	4295	4077	4099	4115	4064	7716
NR_148046	4117	4086	1485	4119	4296	4078	4100	4116	4065	635
NR_148200	4118	4087	4297	173	4297	4079	4101	4117	4066	7751
NR_148221	103	4088	4298	4120	5772	4080	4102	4118	4067	3903
NR_148348	4119	4089	7154	4121	5980	4081	4103	4119	4068	3904
NR_148357	4120	4090	4299	4122	1687	4082	4104	4120	4069	3905
NR_148414	4121	4091	4300	4123	1659	4083	4105	4121	4070	852
NR_148456	4122	4092	4301	4124	664	4084	4106	4122	4071	3906
NR_148505	4123	4093	4302	4125	4298	4085	4107	4123	4072	441
NR_148544	4124	4094	4303	4126	387	4086	4108	4124	4073	3907
NR_148545	4125	4095	4304	4127	6962	4087	4109	4125	4074	3908
NR_148668	4126	4096	1593	4128	5948	4088	4110	4126	4075	3909
NR_148920	4127	4097	4305	4129	4299	4089	4111	7723	4076	3910
NR_148946	4128	4098	4306	4130	4300	4090	4112	4127	54	3911
NR_148960	203	4099	4307	4131	180	4091	4113	4128	4077	91
NR_148965	4129	4100	7079	4132	7616	4092	4114	4129	4078	3912
NR_148973	4130	4101	1198	4133	6791	4093	4115	4130	4079	3913
NR_148977	4131	4102	4308	4134	6300	4094	4116	4131	4080	3914
NR_148980	4132	4103	4309	4135	7477	4095	4117	4132	4081	3915
NR_148997	4133	4104	1193	4136	4301	4096	4118	4133	4082	7250
NR_149003	4134	4105	439	4137	4302	4097	4119	4134	4083	3916
NR_149004	4135	4106	4310	4138	2303	4098	4120	4135	4084	3917
NR_149020	4136	4107	7683	4139	4303	4099	4121	4136	4085	3918
NR_149032	4137	4108	4311	4140	4304	4100	4122	4137	4086	7665
NR_149036	4138	4109	4312	4141	7353	4101	4123	4138	4087	3919
NR_149038	4139	4110	4313	4142	6911	4102	4124	4139	4088	3920
NR_149049	4140	4111	4314	4143	459	4103	4125	4140	4089	1157
NR_149054	4141	4112	248	4144	4305	4104	4126	4141	4090	3921
NR_149055	4142	4113	4315	4145	4306	4105	4127	4142	4091	7184
NR_149058	4143	4114	4316	4146	574	4106	4128	4143	4092	3922
NR_149060	4144	4115	4317	4147	6709	4107	4129	4144	4093	3923
NR_149067	4145	4116	4318	7739	7406	4108	4130	4145	4094	3924
NR_149073	4146	4117	4319	4148	7237	4109	4131	4146	4095	6862
NR_149088	4147	4118	4320	4149	5703	4110	4132	4147	4096	3925
NR_149095	151	4119	127	4150	4307	4111	4133	4148	4097	3926
NR_149097	4148	4120	4321	34	4308	4112	4134	4149	4098	3927
NR_149114	4149	4121	4322	4151	4309	4113	4135	7767	4099	3928
NR_149135	4150	4122	7249	4152	5909	4114	4136	4150	4100	3929
NR_149150	4151	4123	4323	4153	4310	4115	4137	4151	4101	7619
NR_149312	4152	4124	7763	4154	4311	4116	4138	4152	4102	3930
NR_149317	4153	4125	4324	4155	6750	4117	4139	4153	4103	3931
NR_149722	4154	4126	933	4156	722	4118	4140	4154	4104	3932
NR_151701	4155	4127	4325	4157	5910	4119	4141	4155	4105	3933
NR_151704	4156	4128	4326	4158	7558	4120	4142	4156	4106	3934
NR_151722	4157	4129	4327	234	5949	4121	4143	4157	4107	3935
NR_152213	4158	4130	4328	4159	1074	4122	4144	4158	4108	3936
NR_152216	4159	4131	7094	4160	7803	4123	4145	4159	4109	3937
NR_152521	4160	4132	4329	4161	5641	4124	4146	4160	4110	3938
NR_152588	4161	4133	4330	4162	4312	4125	4147	4161	4111	7616
NR_152821	4162	4134	4331	4163	6469	4126	4148	4162	4112	3939
NR_153413	4163	4135	4332	4164	6273	4127	4149	4163	4113	1087
NR_153414	4164	4136	4333	4165	7642	4128	4150	4164	4114	3940
XM_003403493	4165	4137	1511	4166	6436	4129	4151	4165	4115	3941
XM_005244771	4166	4138	4334	100	6796	4130	4152	4166	4116	3942
XM_005244776	4167	4139	253	4167	4313	4131	4153	4167	4117	6869
XM_005244801	4168	4140	4335	4168	1935	4132	4154	4168	4118	3943
XM_005244930	4169	4141	4336	4169	1305	4133	4155	4169	4119	3944
XM_005245350	4170	4142	7449	4170	4314	4134	4156	4170	4120	7583
XM_005245366	4171	4143	4337	4171	1098	4135	4157	4171	4121	3945
XM_005245516	4172	4144	7178	4172	6516	4136	4158	4172	4122	3946
XM_005245518	4173	4145	1400	4173	6058	4137	4159	4173	4123	3947
XM_005245551	4174	4146	825	4174	4315	4138	4160	4174	4124	3948
XM_005245678	4175	4147	1295	4175	539	4139	4161	4175	4125	3949
XM_005246446	213	4148	4338	4176	2162	4140	4162	4176	4126	3950
XM_005246514	4176	4149	7194	4177	4316	4141	4163	4177	4127	962
XM_005246726	4177	4150	4339	4178	2583	4142	4164	4178	4128	826
XM_005246880	4178	4151	4340	4179	6732	4143	4165	4179	4129	3951
XM_005246948	4179	4152	4341	4180	7626	4144	4166	4180	4130	3952
XM_005246966	4180	4153	7087	4181	1602	4145	4167	4181	4131	3953
XM_005247256	4181	4154	4342	4182	359	4146	4168	4182	4132	7029
XM_005247258	4182	4155	4343	4183	863	4147	4169	4183	4133	3954
XM_005247403	4183	4156	4344	4184	7092	4148	4170	4184	4134	3955
XM_005247512	4184	4157	4345	4185	833	4149	4171	4185	4135	3956
XM_005247666	4185	4158	4346	282	4317	4150	4172	4186	4136	7481
XM_005247838	4186	4159	4347	4186	7436	4151	4173	4187	4137	3957
XM_005247903	4187	4160	4348	4187	1522	4152	4174	4188	4138	3958
XM_005247927	4188	4161	4349	4188	6912	4153	4175	4189	4139	3959
XM_005248038	4189	4162	539	4189	2609	4154	4176	4190	4140	3960
XM_005248109	4190	4163	4350	4190	7437	4155	4177	4191	4141	3961
XM_005248230	4191	4164	1620	4191	4318	4156	4178	4192	4142	440
XM_005248306	4192	4165	4351	4192	7149	4157	4179	4193	4143	7056
XM_005248373	4193	4166	489	4193	4319	4158	4180	4194	4144	6814
XM_005248755	4194	4167	4352	4194	534	4159	4181	4195	4145	207
XM_005248805	4195	4168	7273	4195	2296	4160	4182	4196	4146	7054
XM_005248866	4196	4169	4353	4196	2085	4161	4183	4197	4147	3962
XM_005248955	4197	4170	1470	4197	1936	4162	4184	4198	4148	3963
XM_005249039	4198	4171	4354	4198	1428	4163	4185	4199	4149	3964
XM_005249082	4199	4172	4355	4199	7150	4164	4186	4200	4150	3965
XM_005249159	4200	4173	7459	4200	4320	4165	4187	4201	4151	844
XM_005249411	4201	4174	694	4201	4321	4166	4188	4202	4152	3966
XM_005249423	4202	4175	4356	4202	2013	4167	4189	4203	4153	3967
XM_005249611	4203	4176	4357	4203	2280	4168	4190	4204	4154	3968
XM_005249701	4204	4177	4358	4204	1004	4169	4191	4205	4155	3969
XM_005249745	86	4178	4359	112	4322	4170	4192	162	4156	7032
XM_005249868	4205	4179	4360	4205	234	4171	4193	4206	4157	3970
XM_005249914	4206	4180	4361	4206	4323	4172	4194	4207	4158	14
XM_005250040	4207	4181	4362	4207	2345	4173	4195	4208	4159	3971
XM_005250043	4208	4182	1602	4208	6802	4174	4196	4209	4160	1138
XM_005250073	4209	4183	4363	4209	4324	4175	4197	4210	4161	7490
XM_005250108	4210	4184	4364	4210	7661	4176	4198	4211	4162	3972
XM_005250181	4211	4185	475	4211	4325	4177	4199	4212	4163	3973
XM_005250425	4212	4186	4365	4212	6934	4178	4200	4213	4164	3974
XM_005250452	4213	4187	245	4213	4326	4179	4201	4214	4165	3975
XM_005250561	4214	4188	20	4214	4327	4180	4202	281	4166	3976
XM_005250636	4215	4189	447	4215	5551	4181	4203	4215	4167	3977
XM_005250717	4216	4190	4366	4216	893	4182	4204	4216	4168	3978
XM_005250800	4217	4191	4367	4217	6733	4183	4205	4217	4169	3979
XM_005250889	4218	4192	4368	4218	109	4184	4206	4218	4170	3980
XM_005250962	4219	4193	4369	4219	7620	4185	4207	4219	4171	3981
XM_005251025	4220	4194	329	4220	4328	4186	4208	4220	4172	3982
XM_005251059	4221	4195	4370	4221	4329	4187	4209	4221	4173	7061
XM_005251063	4222	4196	461	4222	2502	4188	4210	4222	4174	3983
XM_005251443	4223	4197	4371	4223	1603	4189	4211	4223	4175	6735
XM_005251471	4224	4198	4372	4224	7175	4190	4212	4224	4176	3984
XM_005251512	4225	4199	4373	4225	6734	4191	4213	4225	4177	3985
XM_005251664	4226	4200	4374	4226	6405	4192	4214	4226	4178	3986
XM_005251711	4227	4201	7352	4227	7320	4193	4215	4227	4179	3987
XM_005251848	4228	4202	633	4228	4330	4194	4216	4228	4180	3988
XM_005251933	4229	4203	4375	4229	7151	4195	4217	4229	4181	3989
XM_005251946	4230	4204	4376	4230	6329	4196	4218	4230	4182	666
XM_005252144	4231	4205	4377	4231	6330	4197	4219	4231	4183	356
XM_005252495	4232	4206	4378	4232	4331	4198	4220	4232	4184	7273
XM_005252616	4233	4207	4379	4233	364	4199	4221	4233	4185	3990
XM_005252682	4234	4208	4380	4234	7400	4200	4222	4234	4186	3991
XM_005253344	4235	4209	1160	4235	2515	4201	4223	4235	4187	7186
XM_005253465	4236	4210	4381	4236	5984	4202	4224	4236	4188	3992
XM_005253720	4237	4211	4382	4237	2086	4203	4225	4237	4189	3993
XM_005253721	4238	4212	4383	4238	1183	4204	4226	4238	4190	3994
XM_005253858	4239	4213	804	4239	942	4205	4227	4239	4191	3995
XM_005253918	4240	4214	4384	4240	7599	4206	4228	4240	4192	3996
XM_005254079	4241	4215	318	4241	4332	4207	4229	4241	4193	6851
XM_005254146	4242	4216	1369	4242	894	4208	4230	4242	4194	3997
XM_005254228	4243	4217	4385	4243	4333	4209	4231	4243	4195	7156
XM_005254245	4244	4218	4386	4244	2014	4210	4232	4244	4196	3998
XM_005254320	4245	4219	998	4245	4334	4211	4233	4245	4197	3999
XM_005254443	4246	4220	4387	4246	4335	4212	4234	4246	4198	7466
XM_005254549	39	4221	4388	4247	4336	4213	4235	4247	4199	4000
XM_005254792	4247	4222	1250	4248	6179	4214	4236	4248	4200	4001
XM_005255099	4248	4223	1219	4249	4337	4215	4237	4249	4201	4002
XM_005255633	4249	4224	712	4250	4338	4216	4238	4250	4202	1332
XM_005255725	4250	4225	4389	4251	6688	4217	4239	4251	4203	4003
XM_005255827	4251	4226	1266	4252	1024	4218	4240	4252	4204	4004
XM_005256022	4252	4227	4390	4253	1160	4219	4241	4253	4205	1169
XM_005256134	4253	4228	4391	4254	4339	4220	4242	110	4206	4005
XM_005256149	4254	4229	450	4255	4340	4221	4243	4254	4207	4006
XM_005256179	4255	4230	4392	4256	6059	4222	4244	4255	4208	4007
XM_005256257	4256	4231	4393	4257	2356	4223	4245	4256	4209	4008
XM_005256258	4257	4232	4394	4258	6689	4224	4246	4257	4210	4009
XM_005256259	4258	4233	4395	4259	871	4225	4247	216	4211	4010
XM_005256260	4259	4234	4396	4260	7152	4226	4248	387	4212	4011
XM_005256337	4260	4235	1422	4261	4341	4227	4249	4258	4213	7244
XM_005256404	4261	4236	4397	4262	7282	4228	4250	4259	4214	4012
XM_005256521	4262	4237	4398	4263	2294	4229	4251	4260	4215	4013
XM_005256552	4263	4238	906	4264	1718	4230	4252	210	4216	7229
XM_005256753	4264	4239	4399	4265	6770	4231	4253	4261	4217	4014
XM_005257012	4265	4240	4400	4266	1489	4232	4254	7546	4218	4015
XM_005257084	4266	4241	4401	4267	6331	4233	4255	4262	4219	4016
XM_005257572	4267	4242	4402	4268	7071	4234	4256	4263	4220	7104
XM_005257585	4268	4243	4403	4269	4342	4235	4257	4264	4221	7169
XM_005257640	4269	4244	4404	4270	6001	4236	4258	4265	4222	4017
XM_005257705	4270	4245	62	4271	4343	4237	4259	4266	4223	4018
XM_005257784	4271	4246	4405	4272	4344	4238	4260	4267	4224	786
XM_005257786	4272	4247	4406	4273	5911	4239	4261	4268	4225	1308
XM_005258015	4273	4248	4407	4274	983	4240	4262	4269	4226	4019
XM_005258177	4274	4249	4408	4275	7251	4241	4263	4270	4227	4020
XM_005258198	4275	4250	4409	4276	1523	4242	4264	4271	4228	4021
XM_005258411	4276	4251	7217	4277	7176	4243	4265	4272	4229	4022
XM_005258671	4277	4252	4410	4278	6470	4244	4266	4273	4230	4023
XM_005258682	4278	4253	4411	4279	4345	4245	4267	4274	4231	7574
XM_005258687	4279	4254	4412	4280	1741	4246	4268	4275	4232	6772
XM_005258713	4280	4255	4413	4281	1184	4247	4269	4276	4233	4024
XM_005258747	4281	4256	1379	4282	1901	4248	4270	4277	4234	4025
XM_005258827	4282	4257	4414	4283	4346	4249	4271	4278	4235	475
XM_005258990	4283	4258	4415	4284	6820	4250	4272	4279	4236	7020
XM_005259093	4284	4259	4416	4285	4347	4251	4273	4280	4237	7366
XM_005259167	4285	4260	4417	4286	4348	4252	4274	4281	4238	7174
XM_005259263	4286	4261	158	4287	4349	4253	4275	4282	4239	6714
XM_005259267	4287	4262	4418	4288	2348	4254	4276	4283	4240	4026
XM_005259385	4288	4263	4419	4289	1552	4255	4277	4284	4241	4027
XM_005259392	4289	4264	833	4290	4350	4256	4278	4285	4242	4028
XM_005259487	4290	4265	4420	4291	7103	4257	4279	393	4243	4029
XM_005259499	4291	4266	557	4292	4351	4258	4280	4286	4244	4030
XM_005259556	4292	4267	1393	4293	2360	4259	4281	4287	4245	4031
XM_005259570	4293	4268	4421	4294	2087	4260	4282	4288	4246	4032
XM_005259571	4294	4269	844	4295	5578	4261	4283	327	4247	4033
XM_005259717	4295	4270	4422	4296	6735	4262	4284	4289	4248	4034
XM_005259920	4296	4271	4423	4297	4352	4263	4285	4290	4249	7460
XM_005260389	4297	4272	254	4298	4353	4264	4286	4291	4250	4035
XM_005260436	4298	4273	182	4299	4354	4265	4287	4292	4251	4036
XM_005260935	4299	4274	4424	4300	7536	4266	4288	245	4252	4037
XM_005261571	4300	4275	4425	4301	7564	4267	4289	4293	4253	4038
XM_005261656	4301	4276	4426	4302	1315	4268	4290	4294	4254	6729
XM_005262389	4302	4277	4427	4303	6406	4269	4291	4295	4255	4039
XM_005262775	4303	4278	4428	252	1990	4270	4292	4296	4256	1235
XM_005263331	4304	4279	457	4304	5912	4271	4293	4297	4257	4040
XM_005263345	4305	4280	4429	4305	1818	4272	4294	4298	4258	4041
XM_005263460	4306	4281	7039	4306	2408	4273	4295	4299	4259	4042
XM_005263464	4307	4282	4430	4307	7046	4274	4296	4300	4260	4043
XM_005263531	4308	4283	1214	4308	4355	4275	4297	4301	4261	4044
XM_005263824	4309	4284	513	4309	5819	4276	4298	4302	4262	4045
XM_005263862	4310	4285	4431	4310	4356	4277	4299	4303	4263	630
XM_005263912	4311	4286	4432	4311	6060	4278	4300	4304	4264	4046
XM_005263914	4312	4287	458	4312	4357	4279	4301	4305	4265	4047
XM_005264335	4313	4288	4433	4313	1854	4280	4302	4306	4266	4048
XM_005264359	4314	4289	4434	4314	1593	4281	4303	4307	4267	4049
XM_005264369	4315	4290	4435	4315	2377	4282	4304	4308	4268	4050
XM_005264433	4316	4291	4436	4316	4358	4283	4305	4309	4269	432
XM_005264540	4317	4292	4437	4317	466	4284	4306	4310	4270	4051
XM_005264599	4318	4293	4438	4318	4359	4285	4307	7713	4271	6955
XM_005264809	4319	4294	4439	4319	1819	4286	4308	4311	4272	4052
XM_005264843	4320	4295	1139	4320	4360	4287	4309	4312	4273	4053
XM_005264852	4321	4296	4440	4321	4361	4288	4310	4313	4274	7670
XM_005264873	4322	4297	740	4322	4362	4289	4311	4314	4275	4054
XM_005264937	4323	4298	4441	4323	1462	4290	4312	4315	4276	4055
XM_005264994	4324	4299	4442	4324	1075	4291	4313	4316	4277	775
XM_005265433	4325	4300	7430	4325	6061	4292	4314	4317	4278	4056
XM_005265537	4326	4301	4443	4326	244	4293	4315	4318	4279	4057
XM_005265635	4327	4302	4444	4327	1627	4294	4316	4319	4280	4058
XM_005265640	4328	4303	4445	4328	580	4295	4317	4320	4281	4059
XM_005265803	4329	4304	4446	4329	4363	4296	4318	155	4282	4060
XM_005266342	4330	4305	415	4330	2259	4297	4319	4321	4283	6815
XM_005266412	4331	4306	7061	4331	6619	4298	4320	4322	4284	789
XM_005266421	4332	4307	7755	4332	4364	4299	4321	4323	4285	4061
XM_005266504	4333	7793	4447	4333	6407	4300	4322	4324	4286	4062
XM_005266783	4334	4308	4448	4334	1937	4301	4323	4325	4287	4063
XM_005267119	134	4309	4449	241	4365	4302	4324	30	4288	4064
XM_005267310	4335	4310	4450	4335	1149	4303	4325	4326	4289	4065
XM_005267318	4336	4311	4451	4336	7771	4304	4326	4327	4290	7302
XM_005267636	4337	4312	7578	4337	1131	4305	4327	4328	4291	4066
XM_005267691	4338	4313	1576	4338	356	4306	4328	4329	4292	910
XM_005267759	4339	4314	4452	4339	2108	4307	4329	274	4293	4067
XM_005267833	4340	4315	1512	4340	529	4308	4330	4330	4294	4068
XM_005268012	4341	4316	4453	4341	1938	4309	4331	4331	4295	4069
XM_005268110	4342	4317	4454	4342	4366	4310	4332	4332	4296	7380
XM_005268206	4343	4318	4455	4343	7104	4311	4333	4333	4297	4070
XM_005268408	4344	4319	218	4344	4367	4312	4334	4334	4298	4071
XM_005268436	4345	4320	805	4345	4368	4313	4335	4335	4299	4072
XM_005268441	4346	4321	4456	4346	7129	4314	4336	4336	4300	4073
XM_005268556	4347	4322	1038	276	2499	4315	4337	4337	4301	6752
XM_005268576	4348	4323	4457	4347	6900	4316	4338	4338	4302	1316
XM_005268676	4349	4324	4458	4348	565	4317	4339	4339	4303	4074
XM_005268691	4350	4325	334	4349	6437	4318	4340	4340	4304	4075
XM_005268824	4351	4326	4459	4350	4369	4319	4341	199	4305	1312
XM_005268837	4352	4327	4460	4351	207	4320	4342	4341	4306	4076
XM_005268866	4353	4328	4461	4352	4370	4321	4343	182	4307	4077
XM_005268872	4354	4329	4462	4353	1316	4322	4344	4342	4308	4078
XM_005268979	4355	4330	4463	4354	1939	4323	4345	4343	4309	4079
XM_005269050	4356	4331	1372	4355	1995	4324	4346	4344	4310	6961
XM_005269066	4357	4332	7298	4356	6690	4325	4347	4345	4311	4080
XM_005269186	4358	4333	4464	4357	6771	4326	4348	4346	4312	914
XM_005269234	4359	4334	4465	4358	507	4327	4349	4347	4313	4081
XM_005269274	4360	4335	4466	4359	1076	4328	4350	4348	4314	4082
XM_005269286	4361	4336	4467	4360	192	4329	4351	4349	4315	6920
XM_005269379	4362	4337	828	4361	4371	4330	4352	4350	4316	4083
XM_005269546	4363	4338	4468	4362	5654	4331	4353	4351	4317	4084
XM_005269675	4364	4339	4469	4363	984	4332	4354	4352	4318	4085
XM_005269894	4365	4340	1594	228	2015	4333	4355	4353	4319	4086
XM_005269929	4366	4341	4470	4364	6834	4334	4356	4354	4320	1135
XM_005270222	4367	4342	4471	4365	2237	4335	4357	4355	4321	4087
XM_005270269	4368	4343	4472	4366	4372	4336	4358	4356	4322	757
XM_005270507	4369	4344	4473	4367	7386	4337	4359	4357	4323	4088
XM_005270508	4370	4345	4474	4368	4373	4338	4360	4358	4324	7259
XM_005270509	4371	4346	4475	4369	4374	4339	4361	4359	4325	274
XM_005270576	4372	4347	4476	4370	471	4340	4362	4360	4326	4089
XM_005270954	4373	4348	4477	4371	6209	4341	4363	4361	4327	4090
XM_005271291	4374	4349	4478	4372	4375	4342	4364	178	4328	4091
XM_005271562	4375	4350	4479	4373	6151	4343	4365	4362	4329	4092
XM_005271712	4376	4351	4480	4374	622	4344	4366	4363	4330	6803
XM_005271715	4377	4352	270	4375	4376	4345	4367	4364	4331	4093
XM_005271832	4378	4353	4481	4376	1660	4346	4368	4365	4332	4094
XM_005272035	4379	4354	370	4377	4377	4347	4369	4366	4333	4095
XM_005272649	4380	4355	4482	4378	850	4348	4370	4367	4334	4096
XM_005273023	4381	4356	4483	4379	7242	4349	4371	4368	4335	4097
XM_005273120	4382	4357	4484	4380	1381	4350	4372	4369	4336	1318
XM_005273146	208	68	1147	266	4378	4351	4373	401	4337	4098
XM_005273425	4383	4358	566	4381	4379	4352	4374	4370	4338	4099
XM_005273494	4384	4359	4485	4382	7072	4353	4375	4371	4339	949
XM_005273583	4385	4360	4486	4383	41	4354	4376	4372	4340	4100
XM_005273602	4386	4361	4487	4384	6025	4355	4377	4373	4341	4101
XM_005273615	4387	4362	4488	4385	5950	4356	4378	4374	4342	4102
XM_005273675	4388	4363	412	4386	4380	4357	4379	4375	4343	4103
XM_005273716	4389	4364	4489	4387	1902	4358	4380	4376	4344	1265
XM_005273776	4390	4365	4490	4388	7276	4359	4381	4377	4345	1077
XM_005273848	4391	4366	4491	4389	1940	4360	4382	4378	4346	4104
XM_005273856	4392	4367	4492	7781	4381	4361	4383	4379	4347	4105
XM_005273940	4393	4368	4493	4390	5644	4362	4384	4380	4348	1323
XM_005274239	4394	4369	4494	4391	6772	4363	4385	4381	4349	4106
XM_005274387	4395	4370	4495	4392	5815	4364	4386	372	4350	4107
XM_005274501	4396	4371	4496	4393	2109	4365	4387	4382	4351	1162
XM_005274594	4397	4372	4497	4394	7121	4366	4388	4383	4352	4108
XM_005277913	4398	4373	46	4395	4382	4367	4389	4384	4353	4109
XM_006710313	4399	4374	1548	4396	6438	4368	4390	4385	4354	4110
XM_006710333	4400	4375	1394	4397	1161	4369	4391	4386	4355	1360
XM_006710356	4401	4376	4498	4398	2576	4370	4392	4387	4356	785
XM_006710381	4402	4377	1338	4399	296	4371	4393	4388	4357	4111
XM_006710397	4403	4378	4499	4400	484	4372	4394	4389	4358	4112
XM_006710441	4404	4379	4500	4401	1742	4373	4395	4390	4359	4113
XM_006710535	4405	4380	4501	4402	6773	4374	4396	4391	4360	4114
XM_006710585	4406	4381	4502	4403	4383	4375	4397	4392	4361	363
XM_006710697	4407	4382	1128	4404	4384	4376	4398	4393	4362	4115
XM_006710725	4408	4383	1550	4405	2397	4377	4399	4394	4363	4116
XM_006710750	4409	4384	4503	4406	4385	4378	4400	4395	4364	706
XM_006710791	4410	4385	4504	4407	5586	4379	4401	4396	4365	4117
XM_006711145	4411	4386	4505	4408	646	4380	4402	4397	4366	4118
XM_006711194	4412	4387	4506	4409	2375	4381	4403	116	4367	1279
XM_006711278	4413	4388	1287	4410	1710	4382	4404	4398	4368	4119
XM_006711326	4414	4389	4507	4411	7441	4383	4405	4399	4369	4120
XM_006711816	4415	4390	4508	4412	1820	4384	4406	4400	4370	6956
XM_006711918	4416	4391	4509	4413	443	4385	4407	4401	4371	4121
XM_006711969	4417	4392	4510	4414	1220	4386	4408	4402	4372	4122
XM_006711977	4418	4393	122	4415	4386	4387	4409	357	4373	4123
XM_006712094	4419	4394	4511	4416	1284	4388	4410	4403	4374	4124
XM_006712223	4420	4395	4512	221	165	4389	4411	4404	4375	4125
XM_006712292	4421	4396	4513	4417	2189	4390	4412	4405	4376	4126
XM_006712460	4422	4397	4514	4418	4387	4391	4413	4406	4377	7140
XM_006712521	4423	4398	4515	4419	7639	4392	4414	4407	4378	4127
XM_006712594	4424	4399	4516	4420	4388	4393	4415	4408	4379	7164
XM_006712615	4425	4400	4517	4421	5876	4394	4416	4409	4380	4128
XM_006712644	4426	4401	4518	4422	1200	4395	4417	4410	4381	4129
XM_006712760	4427	4402	4519	4423	6026	4396	4418	7646	4382	4130
XM_006712761	4428	4403	4520	4424	32	4397	4419	4411	4383	4131
XM_006713289	4429	4404	376	4425	5473	4398	4420	4412	4384	1301
XM_006713524	4430	4405	4521	4426	1025	4399	4421	4413	4385	1288
XM_006713610	4431	4406	7790	4427	5514	4400	4422	4414	4386	4132
XM_006713665	4432	4407	4522	4428	895	4401	4423	4415	4387	4133
XM_006713673	4433	4408	4523	4429	634	4402	4424	4416	4388	4134
XM_006713686	4434	4409	4524	4430	6851	4403	4425	4417	4389	4135
XM_006713695	4435	4410	4525	4431	6119	4404	4426	4418	4390	6762
XM_006713736	4436	4411	4526	4432	494	4405	4427	4419	4391	4136
XM_006713886	4437	4412	4527	4433	1688	4406	4428	4420	4392	1372
XM_006714076	4438	4413	4528	4434	1628	4407	4429	4421	4393	4137
XM_006714461	4439	4414	341	4435	4389	4408	4430	4422	4394	4138
XM_006714504	4440	4415	4529	4436	2202	4409	4431	4423	4395	4139
XM_006714583	4441	4416	4530	4437	2055	4410	4432	4424	4396	4140
XM_006714600	4442	4417	4531	4438	5766	4411	4433	4425	4397	4141
XM_006714821	4443	4418	4532	4439	5662	4412	4434	4426	4398	4142
XM_006714865	4444	4419	4533	4440	4390	4413	4435	4427	4399	339
XM_006715175	4445	4420	4534	4441	985	4414	4436	4428	4400	6837
XM_006715405	4446	4421	1239	4442	122	4415	4437	4429	4401	658
XM_006715426	4447	4422	388	4443	4391	4416	4438	4430	4402	4143
XM_006715439	4448	4423	4535	4444	7419	4417	4439	4431	4403	4144
XM_006715555	216	4424	4536	187	1784	4418	4440	46	4404	4145
XM_006715560	4449	4425	4537	7729	1962	4419	4441	4432	4405	7446
XM_006715593	4450	4426	4538	4445	6751	4420	4442	4433	4406	4146
XM_006715630	4451	4427	1288	4446	723	4421	4443	373	4407	4147
XM_006715686	4452	4428	368	4447	4392	4422	4444	4434	4408	4148
XM_006715773	4453	4429	4539	4448	1259	4423	4445	4435	4409	4149
XM_006715880	4454	4430	7019	4449	4393	4424	4446	4436	4410	7653
XM_006715896	4455	4431	4540	4450	6301	4425	4447	7582	4411	4150
XM_006715923	4456	4432	4541	4451	1260	4426	4448	4437	4412	4151
XM_006716083	4457	4433	4542	4452	6152	4427	4449	4438	4413	4152
XM_006716093	4458	4434	4543	4453	2056	4428	4450	7612	4414	4153
XM_006716095	4459	4435	4544	4454	767	4429	4451	4439	4415	4154
XM_006716357	4460	4436	4545	4455	917	4430	4452	4440	4416	4155
XM_006716398	4461	4437	4546	4456	7105	4431	4453	4441	4417	1406
XM_006716410	4462	4438	4547	4457	1285	4432	4454	4442	4418	4156
XM_006716887	4463	4439	4548	4458	6120	4433	4455	4443	4419	4157
XM_006717030	4464	4440	4549	4459	367	4434	4456	7498	4420	6917
XM_006717111	4465	4441	285	4460	4394	4435	4457	4444	4421	4158
XM_006717338	4466	4442	4550	4461	1286	4436	4458	4445	4422	4159
XM_006717490	4467	4443	4551	4462	5951	4437	4459	4446	4423	4160
XM_006717720	4468	4444	4552	4463	2221	4438	4460	4447	4424	978
XM_006717864	4469	4445	641	4464	4395	4439	4461	4448	4425	4161
XM_006717970	4470	4446	7327	4465	4396	4440	4462	4449	4426	4162
XM_006718321	4471	4447	4553	4466	4397	4441	4463	4450	4427	625
XM_006718366	4472	4448	521	4467	2461	4442	4464	4451	4428	4163
XM_006718448	4473	4449	7062	4468	1306	4443	4465	4452	4429	4164
XM_006718480	4474	4450	4554	4469	7493	4444	4466	4453	4430	4165
XM_006718489	4475	4451	44	4470	4398	4445	4467	355	4431	4166
XM_006718516	4476	4452	4555	4471	218	4446	4468	4454	4432	4167
XM_006718521	4477	4453	4556	4472	6717	4447	4469	4455	4433	1130
XM_006718585	4478	4454	4557	4473	1026	4448	4470	4456	4434	4168
XM_006718627	4479	4455	7491	4474	2349	4449	4471	4457	4435	4169
XM_006718725	4480	4456	4558	4475	6984	4450	4472	4458	4436	4170
XM_006718733	4481	4457	363	4476	1162	4451	4473	4459	4437	4171
XM_006718775	4482	4458	4559	4477	39	4452	4474	4460	4438	4172
XM_006719079	4483	4459	4560	4478	6835	4453	4475	4461	4439	4173
XM_006719163	4484	4460	4561	4479	4399	4454	4476	4462	4440	7007
XM_006719210	4485	4461	7013	4480	5688	4455	4477	4463	4441	6765
XM_006719272	4486	4462	4562	4481	6332	4456	4478	4464	4442	4174
XM_006719308	4487	22	4563	4482	4400	4457	4479	4465	4443	4175
XM_006719399	4488	4463	4564	4483	2088	4458	4480	7507	4444	4176
XM_006719404	4489	4464	4565	4484	7073	4459	4481	4466	4445	4177
XM_006719434	4490	4465	4566	99	4401	4460	4482	4467	4446	4178
XM_006719593	4491	4466	4567	4485	6274	4461	4483	4468	4447	4179
XM_006719602	190	4467	4568	4486	7362	4462	4484	4469	4448	4180
XM_006719896	4492	4468	4569	213	688	4463	4485	4470	4449	4181
XM_006719915	4493	4469	4570	4487	467	4464	4486	4471	4450	4182
XM_006720258	4494	4470	444	4488	4402	4465	4487	4472	4451	4183
XM_006720435	4495	4471	4571	4489	6878	4466	4488	4473	4452	4184
XM_006720466	4496	4472	4572	4490	1785	4467	4489	4474	4453	4185
XM_006720467	4497	4473	4573	4491	7512	4468	4490	4475	4454	4186
XM_006720502	4498	4474	4574	4492	4403	4469	4491	4476	4455	21
XM_006720632	4499	4475	806	4493	4404	4470	4492	4477	4456	4187
XM_006720775	4500	4476	7163	7767	4405	4471	4493	4478	4457	229
XM_006720983	4501	4477	4575	4494	62	4472	4494	4479	4458	7211
XM_006720991	4502	4478	4576	4495	7545	4473	4495	4480	4459	6900
XM_006720992	4503	4479	4577	4496	1589	4474	4496	4481	4460	7367
XM_006721264	4504	4480	4578	4497	1903	4475	4497	4482	4461	4188
XM_006721273	4505	4481	4579	4498	2381	4476	4498	4483	4462	4189
XM_006721283	4506	4482	302	4499	4406	4477	4499	4484	4463	4190
XM_006721546	4507	4483	4580	4500	2422	4478	4500	298	4464	1041
XM_006721671	4508	4484	4581	4501	7047	4479	4501	4485	4465	7022
XM_006722149	4509	4485	4582	4502	508	4480	4502	4486	4466	4191
XM_006722274	4510	4486	4583	4503	5985	4481	4503	4487	4467	1408
XM_006722392	4511	4487	4584	4504	2476	4482	4504	4488	4468	7262
XM_006722782	4512	4488	4585	4505	1743	4483	4505	4489	4469	4192
XM_006722804	4513	4489	4586	4506	1855	4484	4506	4490	4470	6897
XM_006722994	4514	4490	7611	4507	4407	4485	4507	4491	4471	4193
XM_006723120	4515	4491	4587	4508	1490	4486	4508	4492	4472	4194
XM_006723237	4516	4492	4588	4509	1382	4487	4509	4493	4473	4195
XM_006723368	4517	4493	4589	4510	2016	4488	4510	4494	4474	4196
XM_006723403	4518	4494	4590	4511	6210	4489	4511	4495	4475	4197
XM_006723442	4519	4495	4591	4512	1604	4490	4512	4496	4476	4198
XM_006723569	4520	4496	4592	4513	1963	4491	4513	4497	4477	4199
XM_006723660	4521	4497	4593	4514	665	4492	4514	369	4478	4200
XM_006723798	4522	4498	4594	4515	128	4493	4515	4498	4479	4201
XM_006723831	4523	4499	4595	4516	2591	4494	4516	4499	4480	7401
XM_006723899	4524	4500	414	4517	4408	4495	4517	4500	4481	4202
XM_006723900	4525	4501	1439	4518	4409	4496	4518	300	4482	941
XM_006723978	4526	4502	4596	4519	1985	4497	4519	4501	4483	1399
XM_006724001	4527	4503	4597	4520	6180	4498	4520	4502	4484	4203
XM_006724107	4528	4504	529	4521	5618	4499	4521	4503	4485	4204
XM_006724108	4529	4505	235	4522	4410	4500	4522	4504	4486	4205
XM_006724171	4530	4506	4598	4523	433	4501	4523	4505	4487	6840
XM_006724242	4531	4507	4599	4524	1349	4502	4524	4506	4488	1239
XM_006724246	4532	4508	4600	4525	84	4503	4525	4507	4489	4206
XM_006724265	4533	4509	4601	4526	174	4504	4526	4508	4490	6773
XM_006724268	4534	4510	4602	4527	2017	4505	4527	4509	4491	1230
XM_006724310	4535	4511	4603	4528	7549	4506	4528	4510	4492	4207
XM_006724447	4536	4512	4604	4529	6002	4507	4529	4511	4493	4208
XM_006724518	4537	4513	7081	4530	6864	4508	4530	4512	4494	4209
XM_006724582	4538	4514	4605	4531	1629	4509	4531	4513	4495	4210
XM_006724713	4539	4515	7613	4532	4411	4510	4532	4514	4496	4211
XM_006724811	4540	4516	6953	4533	1005	4511	4533	4515	4497	4212
XM_011509078	4541	4517	4606	4534	1201	4512	4534	4516	4498	4213
XM_011509257	4542	4518	4607	4535	1689	4513	4535	4517	4499	4214
XM_011509258	4543	4519	7453	4536	6974	4514	4536	4518	4500	4215
XM_011509297	4544	4520	4608	4537	6153	4515	4537	4519	4501	620
XM_011509451	4545	4521	4609	4538	6471	4516	4538	4520	4502	4216
XM_011509453	4546	4522	1603	4539	1904	4517	4539	4521	4503	4217
XM_011509513	4547	4523	4610	4540	744	4518	4540	4522	4504	4218
XM_011509597	4548	4524	58	4541	5682	4519	4541	4523	4505	4219
XM_011509711	4549	4525	323	4542	4412	4520	4542	4524	4506	4220
XM_011509754	4550	4526	4611	4543	1307	4521	4543	4525	4507	4221
XM_011509755	4551	4527	4612	4544	834	4522	4544	4526	4508	4222
XM_011509785	4552	4528	541	4545	4413	4523	4545	4527	4509	4223
XM_011509814	4553	4529	4613	4546	7185	4524	4546	4528	4510	4224
XM_011510058	4554	4530	7676	4547	1744	4525	4547	4529	4511	4225
XM_011510285	211	4531	752	4548	4414	4526	4548	4530	4512	4226
XM_011510343	4555	4532	818	4549	4415	4527	4549	4531	4513	4227
XM_011510346	4556	4533	4614	4550	4416	4528	4550	214	4514	4228
XM_011510348	4557	4534	4615	4551	4417	4529	4551	231	4515	4229
XM_011510353	4558	4535	4616	4552	6668	4530	4552	4532	4516	4230
XM_011510354	4559	4536	4617	4553	4418	4531	4553	4533	4517	1086
XM_011510408	4560	4537	597	4554	4419	4532	4554	4534	4518	4231
XM_011510409	4561	4538	4618	4555	6248	4533	4555	4535	4519	4232
XM_011510415	4562	4539	4619	204	2120	4534	4556	4536	4520	4233
XM_011510489	4563	4540	4620	4556	4420	4535	4557	4537	4521	778
XM_011510536	4564	4541	829	4557	5952	4536	4558	4538	4522	4234
XM_011510594	4565	4542	4621	4558	1350	4537	4559	4539	4523	6858
XM_011510625	4566	4543	4622	4559	6570	4538	4560	4540	4524	4235
XM_011510646	4567	4544	4623	4560	896	4539	4561	4541	4525	4236
XM_011510707	4568	4545	4624	4561	2089	4540	4562	4542	4526	4237
XM_011510797	94	4546	4625	4562	4421	4541	4563	7528	4527	7131
XM_011510834	4569	4547	4626	4563	6645	4542	4564	4543	4528	4238
XM_011510835	4570	4548	1595	4564	540	4543	4565	4544	4529	4239
XM_011510894	4571	4549	4627	4565	4422	4544	4566	4545	4530	7626
XM_011510928	4572	4550	653	4566	4423	4545	4567	4546	4531	4240
XM_011510934	4573	4551	1513	4567	1408	4546	4568	4547	4532	4241
XM_011510941	4574	4552	4628	4568	6669	4547	4569	4548	4533	1357
XM_011510976	4575	4553	1391	4569	1661	4548	4570	4549	4534	4242
XM_011510990	4576	4554	157	4570	4424	4549	4571	4550	4535	4243
XM_011511001	4577	4555	888	4571	6736	4550	4572	4551	4536	1199
XM_011511121	4578	4556	4629	136	131	4551	4573	4552	4537	4244
XM_011511123	4579	4557	1392	4572	2336	4552	4574	4553	4538	4245
XM_011511243	4580	4558	396	4573	4425	4553	4575	4554	4539	4246
XM_011511245	4581	4559	758	4574	4426	4554	4576	4555	4540	4247
XM_011511363	4582	4560	4630	4575	4427	4555	4577	4556	4541	1027
XM_011511373	4583	4561	4631	4576	460	4556	4578	4557	4542	4248
XM_011511388	4584	4562	4632	4577	1690	4557	4579	4558	4543	4249
XM_011511389	4585	4563	4633	4578	4428	4558	4580	4559	4544	705
XM_011511428	4586	4564	4634	4579	4429	4559	4581	7694	4545	4250
XM_011511522	4587	4565	23	4580	2337	4560	4582	4560	4546	4251
XM_011511644	4588	4566	4635	4581	1821	4561	4583	7548	4547	4252
XM_011511662	4589	4567	4636	4582	6601	4562	4584	4561	4548	4253
XM_011511702	4590	4568	4637	4583	851	4563	4585	4562	4549	4254
XM_011511746	4591	4569	4638	4584	6370	4564	4586	4563	4550	4255
XM_011511780	4592	4570	4639	4585	569	4565	4587	7558	4551	4256
XM_011511838	4593	4571	4640	4586	7495	4566	4588	4564	4552	4257
XM_011511914	4594	4572	4641	4587	4430	4567	4589	4565	4553	7453
XM_011511916	4595	4573	4642	4588	4431	4568	4590	4566	4554	7764
XM_011512043	4596	4574	4643	4589	1040	4569	4591	4567	4555	4258
XM_011512070	4597	4575	4644	4590	6062	4570	4592	4568	4556	4259
XM_011512073	4598	4576	4645	4591	6539	4571	4593	4569	4557	4260
XM_011512092	4599	4577	4646	4592	694	4572	4594	4570	4558	4261
XM_011512102	4600	4578	4647	4593	931	4573	4595	318	4559	4262
XM_011512171	4601	4579	4648	4594	5953	4574	4596	4571	4560	6829
XM_011512227	4602	4580	4649	4595	6935	4575	4597	4572	4561	4263
XM_011512315	4603	4581	1549	4596	6602	4576	4598	4573	4562	4264
XM_011512323	4604	4582	4650	4597	71	4577	4599	4574	4563	1337
XM_011512334	4605	4583	4651	4598	1202	4578	4600	4575	4564	4265
XM_011512401	4606	4584	4652	4599	149	4579	4601	4576	4565	1224
XM_011512413	4607	4585	4653	4600	1662	4580	4602	4577	4566	4266
XM_011512440	4608	4586	4654	4601	4432	4581	4603	4578	4567	935
XM_011512549	4609	4587	4655	4602	1553	4582	4604	4579	4568	4267
XM_011512573	4610	4588	4656	4603	6181	4583	4605	4580	4569	4268
XM_011512605	4611	4589	4657	4604	220	4584	4606	4581	4570	4269
XM_011512606	4612	4590	298	4605	5407	4585	4607	4582	4571	4270
XM_011512689	4613	4591	4658	4606	6027	4586	4608	4583	4572	1214
XM_011512690	4614	4592	196	4607	1057	4587	4609	4584	4573	1409
XM_011512704	4615	4593	7084	4608	810	4588	4610	4585	4574	4271
XM_011512797	4616	4594	4659	4609	1287	4589	4611	4586	4575	4272
XM_011512840	4617	4595	4660	4610	6603	4590	64	4587	4576	7209
XM_011512848	4618	4596	4661	4611	257	4591	4612	4588	4577	4273
XM_011512929	195	4597	4662	4612	817	4592	4613	4589	4578	4274
XM_011512947	4619	4598	4663	4613	4433	4593	4614	4590	4579	7383
XM_011513214	4620	4599	4664	4614	2018	4594	4615	4591	4580	6844
XM_011513229	4621	4600	4665	4615	1630	4595	4616	4592	4581	4275
XM_011513327	4622	4601	7201	232	1163	4596	4617	4593	4582	4276
XM_011513342	4623	4602	98	4616	5782	4597	4618	4594	4583	1026
XM_011513362	4624	4603	4666	4617	5456	4598	4619	107	4584	4277
XM_011513406	4625	4604	660	4618	4434	4599	4620	4595	4585	4278
XM_011513411	4626	4605	7367	4619	1077	4600	4621	4596	4586	4279
XM_011513429	4627	4606	779	4620	4435	4601	4622	366	4587	4280
XM_011513595	4628	4607	1330	4621	6499	4602	4623	4597	4588	4281
XM_011513707	4629	4608	4667	4622	1041	4603	4624	4598	4589	4282
XM_011513717	4630	4609	4668	4623	7690	4604	4625	4599	4590	4283
XM_011513910	4631	4610	4669	4624	4436	4605	4626	4600	4591	7494
XM_011513936	4632	4611	4670	4625	562	4606	4627	4601	4592	4284
XM_011514026	4633	4612	4671	4626	7367	4607	4628	4602	4593	1215
XM_011514033	4634	4613	4672	4627	590	4608	4629	4603	4594	4285
XM_011514038	4635	4614	4673	4628	6604	4609	4630	7503	4595	4286
XM_011514082	4636	4615	1333	4629	823	4610	4631	4604	4596	4287
XM_011514109	4637	4616	832	4630	4437	4611	4632	4605	4597	6985
XM_011514110	4638	4617	1063	4631	4438	4612	4633	4606	4598	4288
XM_011514151	4639	4618	1175	4632	4439	4613	4634	4607	4599	4289
XM_011514247	4640	4619	4674	4633	1574	4614	4635	4608	4600	4290
XM_011514310	4641	4620	4675	4634	6646	4615	4636	4609	4601	4291
XM_011514336	4642	4621	4676	4635	1786	4616	4637	4610	4602	4292
XM_011514383	4643	4622	7191	4636	2019	4617	4638	4611	4603	4293
XM_011514436	4644	4623	4677	4637	6647	4618	4639	4612	4604	4294
XM_011514437	4645	4624	416	4638	4440	4619	4640	4613	4605	4295
XM_011514490	4646	4625	4678	4639	6852	4620	4641	4614	4606	4296
XM_011514562	4647	4626	4679	4640	6797	4621	4642	4615	4607	4297
XM_011514593	4648	36	4680	4641	4441	4622	4643	4616	4608	7727
XM_011514651	4649	4627	7737	4642	264	4623	4644	4617	4609	1189
XM_011514659	4650	4628	4681	4643	689	4624	4645	4618	4610	4298
XM_011514672	4651	4629	4682	4644	1142	4625	4646	4619	4611	4299
XM_011514699	4652	4630	4683	4645	2562	4626	4647	4620	4612	41
XM_011514700	4653	4631	4684	4646	4442	4627	4648	101	4613	4300
XM_011514727	4654	4632	4685	4647	1964	4628	4649	4621	4614	4301
XM_011514856	4655	4633	4686	4648	1663	4629	4650	4622	4615	4302
XM_011514915	4656	4634	791	4649	4443	4630	4651	4623	4616	4303
XM_011514939	4657	4635	4687	4650	6517	4631	4652	4624	4617	4304
XM_011514958	4658	4636	4688	4651	1839	4632	4653	4625	4618	4305
XM_011514959	4659	4637	4689	4652	318	4633	4654	4626	4619	4306
XM_011514970	4660	4638	1046	4653	5629	4634	4655	4627	4620	4307
XM_011515008	4661	4639	4690	205	1703	4635	4656	4628	4621	4308
XM_011515113	4662	4640	7440	4654	4444	4636	4657	4629	4622	4309
XM_011515152	4663	4641	4691	4655	2020	4637	4658	4630	4623	4310
XM_011515339	4664	4642	4692	4656	1585	4638	4659	4631	4624	4311
XM_011515343	4665	4643	4693	4657	4445	4639	4660	4632	4625	7268
XM_011515408	4666	4644	4694	4658	5877	4640	4661	4633	4626	731
XM_011515419	4667	4645	345	4659	4446	4641	4662	4634	4627	4312
XM_011515466	4668	4646	522	4660	5630	4642	4663	4635	4628	4313
XM_011515468	4669	4647	634	4661	818	4643	4664	4636	4629	4314
XM_011515477	4670	4648	4695	4662	4447	4644	4665	4637	4630	7547
XM_011515479	4671	4649	4696	4663	4448	4645	4666	4638	4631	7190
XM_011515484	4672	4650	108	4664	4449	4646	4667	4639	4632	4315
XM_011515546	4673	4651	4697	4665	986	4647	4668	4640	4633	6730
XM_011515577	4674	4652	4698	4666	1524	4648	4669	4641	4634	4316
XM_011515618	170	4653	1199	159	4450	4649	4670	4642	4635	6966
XM_011515926	4675	4654	7164	4667	5878	4650	4671	4643	4636	4317
XM_011515960	4676	4655	4699	4668	7761	4651	4672	4644	4637	4318
XM_011516005	4677	4656	4700	4669	7760	4652	4673	4645	4638	4319
XM_011516150	4678	4657	4701	4670	7624	4653	4674	4646	4639	4320
XM_011516273	4679	4658	4702	4671	2090	4654	4675	4647	4640	1401
XM_011516290	4680	4659	4703	4672	7368	4655	4676	4648	4641	4321
XM_011516397	4681	4660	4704	4673	2246	4656	4677	4649	4642	927
XM_011516411	4682	4661	4705	4674	444	4657	4678	4650	4643	4322
XM_011516447	4683	4662	221	4675	4451	4658	4679	4651	4644	4323
XM_011516458	4684	4663	4706	4676	6154	4659	4680	4652	4645	4324
XM_011516464	4685	4664	4707	4677	5850	4660	4681	7547	4646	4325
XM_011516488	4686	4665	4708	4678	5738	4661	4682	4653	4647	4326
XM_011516745	4687	4666	31	4679	4452	4662	4683	4654	4648	4327
XM_011516818	4688	4667	994	4680	4453	4663	4684	4655	4649	4328
XM_011516866	4689	4668	4709	4681	819	4664	4685	4656	4650	4329
XM_011516922	4690	51	1443	4682	1706	4665	4686	4657	4651	4330
XM_011516941	4691	4669	4710	4683	6063	4666	4687	4658	4652	4331
XM_011516974	4692	4670	4711	4684	5879	4667	4688	4659	4653	4332
XM_011516980	4693	4671	7740	4685	6102	4668	4689	4660	4654	106
XM_011517034	4694	4672	4712	4686	872	4669	4690	4661	4655	4333
XM_011517166	4695	4673	4713	4687	4454	4670	4691	228	4656	4334
XM_011517235	4696	4674	4714	4688	2347	4671	4692	4662	4657	4335
XM_011517245	4697	4675	4715	4689	6003	4672	4693	4663	4658	4336
XM_011517257	4698	4676	4716	4690	7020	4673	4694	4664	4659	4337
XM_011517312	4699	4677	4717	4691	781	4674	4695	4665	4660	4338
XM_011517361	4700	4678	4718	4692	541	4675	4696	4666	4661	4339
XM_011517404	4701	4679	4719	4693	146	4676	4697	4667	4662	4340
XM_011517512	4702	4680	4720	4694	6064	4677	4698	4668	4663	4341
XM_011517578	4703	4681	4721	4695	7378	4678	4699	4669	4664	6683
XM_011517587	218	4682	4722	4696	1447	4679	4700	4670	4665	4342
XM_011517588	166	4683	4723	4697	5829	4680	4701	4671	4666	4343
XM_011517647	4704	4684	1525	4698	6302	4681	4702	4672	4667	4344
XM_011517675	4705	4685	993	4699	1114	4682	4703	4673	4668	4345
XM_011517679	4706	4686	4724	4700	5790	4683	4704	4674	4669	4346
XM_011517687	4707	4687	4725	4701	852	4684	4705	4675	4670	4347
XM_011517759	4708	4688	1205	4702	4455	4685	4706	4676	4671	4348
XM_011517766	4709	4689	4726	4703	4456	4686	4707	4677	4672	7355
XM_011517850	4710	4690	4727	4704	2520	4687	4708	7703	4673	4349
XM_011517858	4711	4691	4728	4705	6975	4688	4709	7519	4674	4350
XM_011517913	4712	4692	553	4706	6303	4689	4710	4678	4675	4351
XM_011517935	4713	4693	4729	4707	1317	4690	4711	4679	4676	4352
XM_011518134	4714	4694	4730	85	4457	4691	4712	4680	4677	4353
XM_011518152	4715	4695	7040	4708	6890	4692	4713	4681	4678	1193
XM_011518162	4716	4696	744	4709	4458	4693	4714	4682	4679	4354
XM_011518238	4717	4697	1606	4710	4459	4694	4715	4683	4680	497
XM_011518311	4718	4698	7445	4711	4460	4695	4716	4684	4681	1324
XM_011518347	4719	4699	4731	4712	4461	4696	4717	4685	4682	487
XM_011518494	4720	4700	4732	4713	2497	4697	4718	4686	4683	584
XM_011518509	4721	4701	4733	4714	4462	4698	4719	4687	4684	758
XM_011518548	4722	4702	4734	4715	2216	4699	4720	4688	4685	4355
XM_011518571	4723	4703	4735	4716	675	4700	4721	4689	4686	4356
XM_011518582	4724	4704	265	4717	4463	4701	4722	4690	4687	4357
XM_011518583	4725	4705	1180	4718	4464	4702	4723	4691	4688	4358
XM_011518600	4726	4706	4736	4719	7553	4703	4724	4692	4689	4359
XM_011518609	4727	4707	4737	4720	4465	4704	4725	4693	4690	7193
XM_011518645	4728	4708	4738	4721	4466	4705	4726	4694	4691	7191
XM_011518646	4729	4709	4739	4722	404	4706	4727	4695	4692	4360
XM_011518705	4730	4710	4740	4723	49	4707	4728	4696	4693	4361
XM_011518715	4731	4711	1086	4724	7207	4708	4729	4697	4694	4362
XM_011518816	4732	4712	4741	4725	4467	4709	4730	4698	4695	7570
XM_011518863	4733	4713	4742	4726	782	4710	4731	4699	4696	4363
XM_011518876	4734	4714	4743	4727	1448	4711	4732	4700	4697	7171
XM_011518919	4735	4715	4744	4728	2091	4712	4733	4701	4698	4364
XM_011518942	4736	4716	4745	4729	2204	4713	4734	4702	4699	4365
XM_011518945	4737	4717	1225	4730	4468	4714	4735	4703	4700	4366
XM_011518974	4738	4718	4746	4731	666	4715	4736	4704	4701	1155
XM_011518986	4739	4719	4747	4732	6065	4716	4737	4705	4702	4367
XM_011519008	4740	4720	1514	4733	1185	4717	4738	4706	4703	4368
XM_011519064	4741	4721	4748	4734	7734	4718	4739	4707	4704	4369
XM_011519121	4742	4722	4749	4735	4469	4719	4740	4708	4705	7340
XM_011519122	4743	4723	1314	4736	7633	4720	4741	4709	4706	7055
XM_011519190	4744	4724	1272	4737	1707	4721	4742	4710	4707	4370
XM_011519300	4745	4725	7333	4738	4470	4722	4743	4711	4708	4371
XM_011519426	4746	4726	4750	4739	7369	4723	4744	4712	4709	6978
XM_011519591	4747	4727	4751	4740	1822	4724	4745	4713	4710	4372
XM_011519614	4748	4728	4752	4741	1186	4725	4746	4714	4711	4373
XM_011519695	4749	4729	4753	4742	521	4726	4747	4715	4712	4374
XM_011519708	4750	4730	4754	4743	949	4727	4748	4716	4713	4375
XM_011519719	4751	4731	4755	4744	7065	4728	4749	4717	4714	4376
XM_011519750	4752	4732	4756	4745	1525	4729	4750	4718	4715	4377
XM_011519830	4753	4733	623	4746	4471	4730	4751	4719	4716	4378
XM_011519836	4754	4734	4757	4747	7158	4731	4752	4720	4717	4379
XM_011519907	4755	4735	6983	4748	4472	4732	4753	90	4718	1376
XM_011519930	4756	4736	869	4749	4473	4733	4754	4721	4719	4380
XM_011519932	4757	4737	973	4750	1787	4734	4755	185	4720	4381
XM_011519955	4758	4738	1220	4751	4474	4735	4756	4722	4721	4382
XM_011519972	4759	4739	4758	4752	6384	4736	4757	4723	4722	4383
XM_011519985	4760	4740	4759	4753	7036	4737	4758	4724	4723	4384
XM_011520069	4761	4741	966	4754	2279	4738	4759	4725	4724	252
XM_011520071	4762	4742	902	4755	783	4739	4760	4726	4725	4385
XM_011520156	4763	4743	240	4756	4475	4740	4761	4727	4726	4386
XM_011520194	4764	4744	4760	4757	6366	4741	4762	4728	4727	4387
XM_011520234	4765	4745	1260	4758	452	4742	4763	4729	4728	4388
XM_011520322	4766	4746	792	4759	2140	4743	4764	4730	4729	6707
XM_011520365	4767	4747	4761	4760	5651	4744	4765	4731	4730	4389
XM_011520395	4768	4748	4762	4761	6351	4745	4766	4732	4731	6816
XM_011520492	4769	4749	201	4762	5954	4746	4767	4733	4732	6702
XM_011520499	4770	4750	4763	4763	7193	4747	4768	4734	4733	4390
XM_011520617	4771	4751	4764	4764	6066	4748	4769	4735	4734	4391
XM_011520671	4772	4752	4765	4765	1905	4749	4770	4736	4735	4392
XM_011520684	4773	4753	4766	4766	6836	4750	4771	7599	4736	1290
XM_011520738	4774	4754	4767	4767	6304	4751	4772	4737	4737	4393
XM_011520755	4775	4755	4768	4768	1526	4752	4773	4738	4738	4394
XM_011520761	4776	4756	4769	4769	853	4753	4774	4739	4739	4395
XM_011520856	4777	4757	4770	4770	1351	4754	4775	4740	4740	4396
XM_011520929	4778	4758	615	4771	6233	4755	4776	4741	4741	4397
XM_011520953	4779	4759	4771	4772	6155	4756	4777	4742	4742	4398
XM_011520963	4780	4760	4772	4773	4476	4757	4778	4743	4743	7557
XM_011521048	4781	4761	498	4774	4477	4758	4779	4744	4744	6799
XM_011521076	4782	4762	7089	4775	4478	4759	4780	4745	4745	536
XM_011521117	4783	4763	1062	4776	2524	4760	4781	4746	4746	4399
XM_011521375	4784	4764	4773	4777	1061	4761	4782	4747	4747	4400
XM_011521381	4785	4765	4774	4778	1491	4762	4783	4748	4748	1071
XM_011521390	4786	4766	4775	4779	4479	4763	4784	7745	4749	4401
XM_011521391	4787	4767	4776	4780	1352	4764	4785	7755	4750	4402
XM_011521452	4788	4768	974	4781	4480	4765	4786	4749	4751	4403
XM_011521521	95	4769	1087	22	1989	4766	49	4750	4752	4404
XM_011521560	4789	4770	4777	4782	897	4767	4787	273	4753	6805
XM_011521679	4790	4771	1367	4783	864	4768	4788	4751	4754	795
XM_011521694	4791	4772	4778	4784	1449	4769	4789	4752	4755	4405
XM_011521782	4792	4773	4779	4785	932	4770	4790	4753	4756	4406
XM_011521787	4793	4774	4780	4786	6439	4771	4791	4754	4757	4407
XM_011521788	4794	4775	4781	4787	950	4772	4792	4755	4758	4408
XM_011521828	4795	4776	4782	4788	327	4773	4793	4756	4759	6916
XM_011521861	4796	4777	4783	4789	4481	4774	4794	4757	4760	621
XM_011521892	4797	4778	1541	4790	1203	4775	4795	4758	4761	4409
XM_011521960	4798	4779	448	4791	4482	4776	4796	4759	4762	4410
XM_011521981	4799	4780	255	4792	4483	4777	4797	4760	4763	4411
XM_011521986	4800	4781	4784	4793	647	4778	4798	4761	4764	6958
XM_011522020	4801	4782	4785	4794	1078	4779	4799	4762	4765	4412
XM_011522041	4802	4783	4786	4795	1941	4780	4800	4763	4766	4413
XM_011522044	4803	4784	4787	4796	4484	4781	4801	4764	4767	7185
XM_011522104	4804	4785	934	4797	1261	4782	4802	4765	4768	4414
XM_011522450	4805	4786	677	4798	7691	4783	4803	4766	4769	4415
XM_011522463	4806	4787	944	4799	898	4784	4804	4767	4770	4416
XM_011522467	4807	4788	4788	4800	1691	4785	4805	4768	4771	4417
XM_011522486	4808	4789	4789	4801	4485	4786	4806	171	4772	4418
XM_011522511	4809	4790	7329	4802	1079	4787	4807	4769	4773	4419
XM_011522614	4810	4791	1192	4803	1745	4788	4808	4770	4774	4420
XM_011522615	4811	4792	1034	4804	7674	4789	4809	4771	4775	1137
XM_011522754	4812	4793	4790	4805	7081	4790	4810	4772	4776	4421
XM_011522772	4813	4794	4791	4806	212	4791	4811	4773	4777	4422
XM_011522808	4814	4795	4792	4807	4486	4792	4812	4774	4778	7508
XM_011522809	4815	4796	178	4808	7011	4793	4813	4775	4779	4423
XM_011522826	4816	4797	4793	4809	6752	4794	4814	4776	4780	4424
XM_011522912	4817	4798	845	4810	4487	4795	4815	4777	4781	4425
XM_011522951	4818	4799	4794	4811	6004	4796	4816	4778	4782	4426
XM_011522964	4819	4800	1158	4812	1586	4797	4817	4779	4783	4427
XM_011522970	4820	4801	4795	4813	1115	4798	4818	4780	4784	4428
XM_011523098	4821	4802	4796	4814	7623	4799	4819	368	4785	4429
XM_011523104	4822	4803	4797	4815	6837	4800	4820	4781	4786	4430
XM_011523206	4823	4804	4798	4816	7379	4801	4821	4782	4787	4431
XM_011523224	4824	4805	207	4817	4488	4802	4822	4783	4788	4432
XM_011523253	4825	4806	4799	4818	6352	4803	4823	4784	4789	6852
XM_011523261	4826	4807	4800	4819	4489	4804	4824	360	4790	586
XM_011523372	4827	4808	4801	4820	4490	4805	4825	4785	4791	997
XM_011523445	4828	4809	4802	4821	7256	4806	4826	4786	4792	4433
XM_011523450	4829	4810	247	4822	2371	4807	4827	4787	4793	4434
XM_011523487	4830	4811	4803	4823	2315	4808	4828	4788	4794	4435
XM_011523526	4831	4812	4804	4824	1099	4809	4829	4789	4795	4436
XM_011523546	4832	4813	4805	4825	216	4810	4830	4790	4796	4437
XM_011523600	4833	4814	4806	4826	5955	4811	4831	4791	4797	4438
XM_011523750	4834	4815	1644	4827	123	4812	4832	4792	4798	6831
XM_011523777	4835	4816	4807	4828	703	4813	4833	4793	4799	1347
XM_011523858	4836	4817	4808	4829	6067	4814	4834	4794	4800	4439
XM_011523949	4837	4818	4809	94	2590	4815	4835	4795	123	4440
XM_011523959	4838	4819	4810	4830	4491	4816	4836	204	4801	4441
XM_011523976	4839	4820	4811	4831	1353	4817	4837	4796	4802	4442
XM_011524015	4840	4821	4812	4832	4492	4818	4838	4797	4803	677
XM_011524080	4841	4822	4813	4833	6809	4819	4839	4798	4804	4443
XM_011524091	4842	4823	4814	4834	1714	4820	4840	4799	4805	4444
XM_011524104	4843	4824	4815	4835	6068	4821	4841	4800	4806	4445
XM_011524114	4844	4825	4816	4836	4493	4822	11	4801	4807	4446
XM_011524231	4845	4826	4817	4837	7570	4823	4842	4802	4808	4447
XM_011524278	4846	4827	1207	4838	4494	4824	4843	4803	4809	4448
XM_011524400	4847	4828	4818	4839	5913	4825	4844	4804	4810	4449
XM_011524473	4848	4829	4819	4840	768	4826	4845	4805	4811	4450
XM_011524496	4849	4830	4820	4841	7012	4827	4846	4806	4812	4451
XM_011524752	4850	4831	4821	4842	1700	4828	4847	4807	4813	4452
XM_011524796	4851	4832	773	215	2486	4829	4848	4808	4814	4453
XM_011524818	4852	4833	4822	4843	1326	4830	4849	277	4815	4454
XM_011524870	4853	4834	870	4844	2423	4831	4850	4809	4816	4455
XM_011524918	4854	4835	4823	4845	4495	4832	4851	4810	4817	7660
XM_011524931	4855	4836	4824	4846	7494	4833	4852	4811	4818	4456
XM_011524949	4856	4837	4825	4847	6249	4834	4853	4812	4819	4457
XM_011524979	4857	4838	1156	4848	4496	4835	4854	380	4820	4458
XM_011524982	4858	4839	542	4849	4497	4836	4855	4813	4821	4459
XM_011524983	4859	4840	1149	4850	1288	4837	4856	4814	4822	4460
XM_011525060	4860	4841	4826	4851	6250	4838	4857	4815	4823	4461
XM_011525078	4861	4842	4827	4852	7307	4839	4858	4816	4824	4462
XM_011525087	4862	4843	4828	4853	2299	4840	4859	4817	4825	4463
XM_011525090	4863	4844	4829	4854	7380	4841	4860	4818	4826	4464
XM_011525115	4864	4845	4830	4855	7238	4842	4861	4819	4827	4465
XM_011525180	4865	4846	4831	4856	1554	4843	4862	4820	4828	4466
XM_011525249	4866	4847	4832	146	2281	4844	4863	4821	4829	4467
XM_011525250	4867	4848	4833	139	4498	4845	4864	4822	4830	4468
XM_011525262	4868	4849	4834	4857	7381	4846	4865	4823	4831	4469
XM_011525321	4869	4850	642	4858	4499	4847	4866	142	4832	4470
XM_011525395	4870	4851	462	4859	4500	4848	4867	4824	4833	4471
XM_011525399	4871	4852	34	4860	4501	4849	4868	4825	4834	4472
XM_011525441	4872	4853	4835	4861	1204	4850	4869	4826	4835	6809
XM_011525463	4873	4854	1278	4862	426	4851	4870	4827	4836	4473
XM_011525475	4874	4855	908	4863	4502	4852	4871	4828	4837	4474
XM_011525486	4875	4856	4836	4864	2021	4853	4872	4829	4838	4475
XM_011525509	4876	4857	4837	4865	7186	4854	4873	4830	4839	4476
XM_011525515	4877	4858	4838	4866	6353	4855	4874	4831	4840	4477
XM_011525587	4878	4859	485	4867	4503	4856	4875	4832	4841	4478
XM_011525735	4879	4860	4839	4868	4504	4857	4876	4833	4842	7652
XM_011525835	4880	4861	4840	4869	5841	4858	4877	4834	4843	4479
XM_011525858	4881	4862	4841	4870	6737	4859	4878	7613	4844	4480
XM_011525901	4882	4863	4842	4871	2262	4860	4879	4835	4845	4481
XM_011525904	4883	4864	4843	4872	261	4861	4880	4836	4846	4482
XM_011525971	4884	4865	4844	4873	6354	4862	4881	4837	4847	1285
XM_011526029	4885	4866	4845	4874	5811	4863	4882	4838	4848	4483
XM_011526044	4886	4867	666	244	4505	4864	4883	4839	4849	1258
XM_011526047	4887	4868	1413	4875	6648	4865	4884	4840	4850	4484
XM_011526072	4888	4869	4846	4876	6408	4866	4885	4841	4851	4485
XM_011526098	4889	4870	4847	4877	147	4867	4886	4842	4852	4486
XM_011526117	4890	4871	4848	4878	5451	4868	4887	4843	4853	840
XM_011526142	4891	4872	4849	4879	4506	4869	4888	4844	4854	7542
XM_011526168	4892	4873	4850	4880	6774	4870	4889	4845	4855	4487
XM_011526169	4893	4874	4851	4881	1746	4871	4890	4846	4856	4488
XM_011526219	4894	4875	4852	4882	5914	4872	4891	4847	4857	4489
XM_011526229	4895	4876	4853	4883	269	4873	4892	7511	4858	4490
XM_011526413	4896	4877	4854	4884	6182	4874	4893	329	4859	4491
XM_011526445	4897	4878	4855	4885	1331	4875	4894	295	4860	4492
XM_011526684	4898	4879	4856	4886	6571	4876	4895	4848	4861	4493
XM_011526687	4899	4880	4857	4887	1747	4877	4896	4849	4862	4494
XM_011526722	4900	4881	273	4888	4507	4878	4897	4850	4863	6704
XM_011526767	4901	4882	4858	4889	7252	4879	4898	4851	4864	881
XM_011526872	4902	4883	4859	4890	4508	4880	4899	4852	4865	7344
XM_011526882	4903	4884	4860	4891	6518	4881	4900	4853	4866	4495
XM_011526993	4904	4885	4861	4892	1748	4882	4901	4854	4867	4496
XM_011527018	4905	4886	987	4893	4509	4883	4902	4855	4868	4497
XM_011527052	4906	4887	7330	4894	2289	4884	4903	4856	4869	1282
XM_011527060	4907	4888	1571	4895	74	4885	4904	4857	4870	6789
XM_011527068	4908	4889	4862	4896	6069	4886	4905	4858	4871	4498
XM_011527132	4909	4890	4863	4897	4510	4887	4906	4859	4872	7085
XM_011527200	4910	4891	935	4898	80	4888	4907	239	4873	4499
XM_011527236	4911	4892	4864	4899	1906	4889	4908	4860	4874	4500
XM_011527260	4912	4893	4865	4900	1383	4890	4909	4861	4875	4501
XM_011527280	4913	4894	4866	4901	513	4891	4910	4862	4876	1353
XM_011527309	4914	4895	4867	4902	4511	4892	4911	225	4877	4502
XM_011527317	4915	4896	4868	91	2253	4893	4912	370	4878	4503
XM_011527323	4916	4897	4869	4903	2125	4894	4913	4863	4879	4504
XM_011527394	4917	4898	4870	4904	5767	4895	4914	4864	4880	4505
XM_011527426	4918	4899	4871	4905	6333	4896	4915	4865	4881	4506
XM_011527432	120	4900	4872	271	4512	4897	4916	4866	4882	4507
XM_011527460	4919	4901	4873	4906	154	4898	4917	4867	4883	4508
XM_011527550	4920	4902	1404	4907	285	4899	4918	4868	4884	4509
XM_011527606	4921	4903	1153	4908	5570	4900	4919	4869	4885	4510
XM_011527651	4922	4904	4874	4909	7115	4901	4920	4870	4886	4511
XM_011527652	4923	4905	4875	4910	1692	4902	4921	4871	4887	4512
XM_011527660	4924	4906	4876	4911	2057	4903	4922	4872	4888	4513
XM_011527682	4925	4907	4877	4912	1713	4904	4923	4873	4889	4514
XM_011527780	4926	4908	4878	4913	6121	4905	4924	4874	4890	4515
XM_011527786	4927	4909	928	4914	4513	4906	4925	4875	4891	4516
XM_011527787	4928	4910	4879	199	7409	4907	4926	4876	4892	4517
XM_011527816	4929	4911	4880	4915	566	4908	4927	4877	4893	7100
XM_011527841	4930	4912	594	4916	4514	4909	4928	4878	4894	4518
XM_011527844	4931	4913	506	4917	4515	4910	4929	4879	4895	4519
XM_011527899	4932	4914	7370	4918	7708	4911	4930	4880	4896	1291
XM_011527910	4933	4915	4881	4919	2167	4912	4931	4881	4897	4520
XM_011527954	4934	4916	1448	4920	66	4913	4932	4882	4898	4521
XM_011527991	4935	4917	4882	4921	4516	4914	4933	4883	4899	7153
XM_011528020	4936	4918	4883	4922	1450	4915	4934	4884	4900	4522
XM_011528039	4937	4919	4884	4923	7762	4916	4935	4885	4901	4523
XM_011528112	4938	4920	4885	4924	2058	4917	4936	4886	4902	4524
XM_011528161	4939	4921	152	4925	4517	4918	4937	4887	4903	4525
XM_011528184	4940	4922	94	4926	4518	4919	4938	4888	4904	4526
XM_011528209	4941	4923	4886	4927	648	4920	4939	4889	4905	4527
XM_011528210	4942	4924	1527	4928	697	4921	4940	4890	4906	1379
XM_011528228	4943	4925	703	4929	4519	4922	4941	4891	4907	4528
XM_011528246	4944	4926	4887	4930	933	4923	4942	4892	4908	1124
XM_011528249	4945	4927	4888	4931	6810	4924	4943	4893	4909	4529
XM_011528264	4946	4928	4889	4932	4520	4925	4944	4894	4910	417
XM_011528294	4947	4929	4890	4933	1693	4926	4945	4895	4911	6774
XM_011528338	4948	4930	393	4934	4521	4927	4946	4896	4912	4530
XM_011528383	4949	4931	424	4935	6305	4928	4947	4897	4913	4531
XM_011528542	4950	4932	4891	4936	1788	4929	4948	4898	4914	4532
XM_011528549	4951	4933	4892	4937	4522	4930	4949	4899	4915	284
XM_011528599	4952	4934	7318	4938	7462	4931	4950	4900	4916	4533
XM_011528761	4953	4935	1114	4939	4523	4932	4951	4901	4917	4534
XM_011528783	4954	4936	4893	4940	6853	4933	4952	4902	4918	6987
XM_011528853	4955	4937	4894	4941	5976	4934	4953	4903	4919	4535
XM_011528864	4956	4938	185	4942	4524	4935	4954	4904	4920	4536
XM_011528886	4957	4939	4895	4943	7037	4936	4955	4905	4921	6884
XM_011528887	4958	4940	7072	4944	6385	4937	4956	4906	4922	4537
XM_011528970	4959	4941	4896	4945	1907	4938	4957	4907	4923	4538
XM_011529041	4960	4942	4897	4946	5721	4939	4958	4908	4924	4539
XM_011529057	4961	4943	4898	101	956	4940	4959	4909	4925	4540
XM_011529061	4962	4944	4899	4947	2295	4941	4960	4910	4926	6919
XM_011529089	4963	4945	4900	4948	6211	4942	4961	4911	4927	4541
XM_011529103	4964	4946	4901	4949	1409	4943	4962	4912	4928	4542
XM_011529128	112	4947	4902	4950	4525	4944	4963	237	4929	4543
XM_011529140	202	4948	4903	4951	2445	4945	4964	4913	4930	4544
XM_011529144	4965	4949	4904	4952	4526	4946	4965	4914	4931	7303
XM_011529148	4966	4950	4905	4953	7463	4947	4966	4915	4932	4545
XM_011529208	4967	4951	4906	4954	7645	4948	4967	4916	4933	4546
XM_011529254	117	4952	1209	4955	4527	4949	4968	4917	4934	4547
XM_011529280	4968	4953	4907	7795	5699	4950	4969	4918	4935	4548
XM_011529311	4969	7800	4908	4956	1942	4951	4970	4919	4936	1211
XM_011529451	4970	4954	4909	4957	4528	4952	4971	4920	4937	7627
XM_011529457	4971	4955	4910	4958	1451	4953	4972	4921	4938	4549
XM_011529518	4972	4956	4911	4959	6865	4954	4973	4922	4939	4550
XM_011529570	162	4957	4912	10	2178	4955	4974	4923	4940	575
XM_011529610	4973	4958	4913	4960	530	4956	4975	4924	4941	4551
XM_011529614	4974	4959	4914	4961	7382	4957	4976	4925	4942	4552
XM_011529625	4975	4960	4915	4962	1006	4958	4977	4926	4943	4553
XM_011529665	4976	4961	4916	4963	6936	4959	4978	4927	4944	1055
XM_011529681	4977	4962	155	4964	4529	4960	4979	4928	4945	4554
XM_011529686	4978	4963	4917	4965	7555	4961	4980	4929	4946	4555
XM_011529706	4979	4964	1126	4966	4530	4962	4981	385	4947	4556
XM_011529760	4980	4965	4918	4967	1429	4963	4982	4930	4948	4557
XM_011529804	4981	4966	1531	4968	965	4964	4983	4931	4949	6710
XM_011529816	4982	4967	941	4969	4531	4965	4984	4932	4950	4558
XM_011529822	4983	4968	4919	4970	7499	4966	4985	394	4951	4559
XM_011529848	4984	4969	4920	4971	1164	4967	4986	4933	4952	6817
XM_011529855	4985	4970	1185	4972	4532	4968	4987	4934	4953	725
XM_011529965	4986	4971	4921	4973	1908	4969	4988	4935	4954	4560
XM_011530029	4987	4972	726	4974	4533	4970	4989	4936	4955	4561
XM_011530030	4988	4973	1040	4975	4534	4971	4990	4937	4956	4562
XM_011530077	111	4974	4922	4976	502	4972	4991	4938	4957	4563
XM_011530099	4989	4975	4923	4977	7239	4973	4992	4939	4958	4564
XM_011530128	4990	4976	4924	4978	2458	4974	4993	4940	7805	4565
XM_011530180	4991	4977	4925	4979	724	4975	4994	4941	4959	1109
XM_011530186	4992	4978	4926	4980	650	4976	4995	4942	4960	4566
XM_011530190	4993	4979	4927	4981	2022	4977	4996	4943	4961	4567
XM_011530197	4994	4980	4928	4982	4535	4978	4997	4944	4962	7533
XM_011530213	4995	4981	4929	4983	1430	4979	4998	4945	4963	4568
XM_011530219	4996	4982	1201	4984	2482	4980	4999	4946	4964	4569
XM_011530247	4997	4983	4930	4985	397	4981	5000	4947	4965	4570
XM_011530290	4998	4984	4931	4986	7000	4982	5001	196	4966	1283
XM_011530366	4999	4985	387	4987	4536	4983	5002	207	4967	773
XM_011530478	161	4986	4932	4988	2177	4984	5003	4948	4968	4571
XM_011530537	5000	4987	4933	4989	2447	4985	5004	4949	4969	4572
XM_011530552	5001	4988	4934	4990	7617	4986	5005	4950	4970	4573
XM_011530767	5002	4989	4935	4991	6670	4987	5006	4951	4971	4574
XM_011530867	5003	4990	4936	4992	7374	4988	5007	4952	4972	4575
XM_011531054	5004	4991	4937	4993	918	4989	5008	4953	4973	4576
XM_011531061	5005	4992	7660	4994	4537	4990	5009	4954	4974	4577
XM_011531090	5006	4993	4938	4995	4538	4991	52	323	4975	4578
XM_011531125	5007	4994	4939	4996	1027	4992	5010	4955	4976	1412
XM_011531140	5008	4995	1463	4997	2594	4993	5011	4956	4977	7050
XM_011531214	5009	4996	4940	4998	5956	4994	5012	4957	4978	4579
XM_011531216	5010	4997	85	4999	4539	4995	5013	4958	4979	4580
XM_011531527	5011	4998	4941	5000	552	4996	5014	4959	4980	4581
XM_011531533	5012	4999	4942	5001	7038	4997	5015	4960	4981	6977
XM_011531536	5013	5000	4943	5002	1080	4998	5016	4961	4982	4582
XM_011531586	5014	5001	4944	5003	6540	4999	5017	4962	4983	4583
XM_011531745	5015	5002	7674	5004	4540	5000	5018	4963	4984	1298
XM_011531860	5016	3	4945	5005	4541	5001	5019	4964	4985	4584
XM_011531862	5017	5003	4946	5006	2325	5002	5020	4965	4986	4585
XM_011532037	5018	5004	4947	5007	4542	5003	5021	4966	4987	7562
XM_011532055	5019	5005	4948	5008	1943	5004	5022	4967	4988	4586
XM_011532096	5020	5006	1414	5009	2110	5005	5023	4968	4989	1156
XM_011532103	88	5007	4949	223	824	5006	5024	4969	4990	4587
XM_011532145	5021	5008	4950	5010	6821	5007	5025	4970	4991	4588
XM_011532157	5022	5009	4951	5011	1944	5008	5026	4971	4992	7319
XM_011532224	5023	5010	4952	5012	1694	5009	5027	4972	4993	4589
XM_011532269	5024	5011	15	5013	4543	5010	5028	4973	4994	4590
XM_011532299	5025	5012	1065	5014	4544	5011	5029	4974	4995	4591
XM_011532482	5026	5013	4953	5015	1062	5012	5030	4975	4996	6903
XM_011532485	5027	5014	7777	5016	1869	5013	5031	4976	4997	4592
XM_011532502	5028	5015	6979	5017	4545	5014	5032	4977	4998	116
XM_011532574	5029	5016	7223	5018	4546	5015	5033	7779	4999	4593
XM_011532578	5030	5017	4954	5019	7354	5016	5034	4978	5000	4594
XM_011532662	5031	5018	4955	5020	4547	5017	5035	4979	5001	7350
XM_011532697	5032	5019	7077	5021	4548	5018	5036	7552	5002	608
XM_011532724	5033	5020	159	5022	4549	5019	5037	4980	5003	4595
XM_011532725	5034	5021	1582	5023	4550	5020	5038	7734	5004	4596
XM_011532726	5035	5022	4956	5024	4551	5021	5039	4981	5005	969
XM_011532806	5036	5023	4957	5025	4552	5022	5040	4982	5006	7230
XM_011532902	5037	5024	4958	5026	5915	5023	5041	7581	5007	4597
XM_011532957	5038	5025	7293	5027	228	5024	5042	4983	5008	4598
XM_011533001	5039	5026	4959	5028	1945	5025	5043	4984	5009	4599
XM_011533015	5040	5027	4960	5029	6005	5026	5044	4985	5010	4600
XM_011533047	5041	5028	7220	5030	4553	5027	5045	7731	5011	4601
XM_011533097	5042	5029	4961	5031	378	5028	5046	4986	5012	834
XM_011533164	5043	5030	4962	5032	2092	5029	5047	4987	5013	4602
XM_011533206	5044	5031	4963	5033	1664	5030	5048	4988	5014	4603
XM_011533319	5045	5032	4964	5034	1704	5031	5049	4989	5015	4604
XM_011533370	5046	5033	4965	5035	4554	5032	5050	4990	5016	7496
XM_011533383	5047	5034	4966	5036	4555	5033	5051	4991	5017	23
XM_011533393	5048	5035	4967	5037	1555	5034	5052	4992	5018	4605
XM_011533437	5049	5036	4968	5038	1165	5035	5053	4993	5019	6750
XM_011533538	5050	5037	7299	5039	6519	5036	5054	4994	5020	484
XM_011533542	5051	5038	4969	5040	733	5037	5055	4995	5021	1206
XM_011533554	5052	5039	7002	5041	7315	5038	5056	4996	5022	4606
XM_011533791	5053	5040	4970	5042	7355	5039	5057	7645	5023	4607
XM_011533829	200	5041	4971	5043	4556	5040	5058	158	5024	4608
XM_011533869	5054	5042	4972	5044	390	5041	5059	4997	5025	4609
XM_011533895	5055	5043	554	5045	4557	5042	5060	4998	5026	4610
XM_011534033	5056	5044	4973	5046	4558	5043	5061	4999	5027	381
XM_011534034	5057	5045	4974	5047	1100	5044	5062	5000	5028	4611
XM_011534040	5058	5046	4975	5048	642	5045	5063	5001	5029	4612
XM_011534080	5059	5047	4976	5049	4559	5046	5064	5002	5030	543
XM_011534088	5060	5048	4977	5050	2059	5047	5065	272	5031	7563
XM_011534089	5061	5049	4978	5051	4560	5048	5066	282	5032	7786
XM_011534097	5062	5050	4979	5052	1965	5049	5067	5003	5033	4613
XM_011534214	5063	39	1645	5053	1354	5050	5068	5004	5034	4614
XM_011534271	5064	5051	584	5054	4561	5051	5069	5005	5035	4615
XM_011534334	5065	5052	4980	5055	4562	5052	5070	5006	5036	250
XM_011534416	5066	5053	4981	5056	2141	5053	5071	95	5037	4616
XM_011534424	5067	5054	4982	5057	1042	5054	5072	5007	5038	4617
XM_011534447	221	5055	4983	5058	4563	5055	5073	266	5039	7602
XM_011534497	5068	5056	1515	5059	899	5056	5074	5008	5040	4618
XM_011534531	5069	5057	7355	5060	4564	5057	5075	5009	5041	4619
XM_011534565	5070	5058	4984	5061	4565	5058	5076	5010	5042	7420
XM_011534570	5071	5059	4985	5062	6605	5059	5077	5011	5043	4620
XM_011534637	5072	5060	4986	5063	6691	5060	5078	5012	5044	4621
XM_011534687	5073	5061	769	5064	4566	5061	5079	5013	5045	359
XM_011534735	5074	5062	4987	5065	5880	5062	5080	5014	5046	4622
XM_011534758	5075	5063	4988	5066	1665	5063	5081	5015	5047	4623
XM_011534759	5076	5064	4989	5067	7458	5064	5082	5016	5048	4624
XM_011534802	5077	5065	4990	5068	4567	5065	5083	5017	5049	669
XM_011534846	5078	5066	4991	5069	124	5066	5084	5018	5050	6849
XM_011534865	5079	5067	4992	5070	6606	5067	5085	5019	5051	1280
XM_011534917	5080	5068	4993	5071	6472	5068	5086	5020	5052	4625
XM_011535010	5081	5069	4994	5072	5957	5069	5087	5021	5053	6930
XM_011535033	5082	5070	4995	5073	1909	5070	5088	5022	5054	4626
XM_011535034	5083	5071	1168	5074	1318	5071	5089	5023	5055	4627
XM_011535042	5084	5072	4996	5075	758	5072	5090	5024	5056	6915
XM_011535099	5085	5073	4997	5076	6692	5073	5091	5025	5057	4628
XM_011535138	5086	5074	595	5077	1998	5074	5092	5026	5058	4629
XM_011535172	5087	5075	1337	5078	1705	5075	5093	5027	5059	1342
XM_011535173	5088	5076	1608	5079	2424	5076	5094	7668	5060	1293
XM_011535174	5089	5077	4998	5080	4568	5077	5095	5028	5061	579
XM_011535195	5090	5078	4999	5081	1063	5078	5096	5029	5062	4630
XM_011535200	5091	5079	5000	5082	1575	5079	5097	5030	5063	4631
XM_011535223	5092	5080	229	5083	4569	5080	5098	5031	5064	4632
XM_011535233	5093	5081	5001	5084	4570	5081	5099	5032	5065	779
XM_011535303	5094	5082	721	5085	5531	5082	5100	5033	5066	4633
XM_011535312	5095	5083	5002	5086	2268	5083	5101	5034	5067	4634
XM_011535368	5096	5084	5003	5087	4571	5084	5102	5035	5068	770
XM_011535413	5097	5085	979	5088	4572	5085	5103	5036	5069	4635
XM_011535471	5098	5086	5004	5089	4573	5086	5104	26	5070	4636
XM_011535481	5099	5087	7376	5090	4574	5087	5105	5037	5071	4637
XM_011535486	64	5088	5005	5091	1789	5088	5106	5038	5072	950
XM_011535495	5100	5089	1023	5092	4575	5089	5107	5039	5073	4638
XM_011535575	5101	5090	5006	5093	5750	5090	5108	7633	5074	4639
XM_011535585	5102	5091	5007	5094	255	5091	5109	5040	5075	4640
XM_011535588	5103	5092	5008	5095	4576	5092	5110	175	5076	4641
XM_011535628	5104	5093	732	5096	4577	5093	5111	5041	5077	4642
XM_011535652	5105	5094	1521	5097	1749	5094	5112	5042	5078	4643
XM_011535660	5106	5095	5009	5098	368	5095	5113	5043	5079	4644
XM_011535684	5107	5096	5010	5099	7675	5096	5114	5044	5080	4645
XM_011535738	5108	58	5011	5100	6607	5097	5115	5045	5081	7114
XM_011535763	5109	5097	5012	5101	2023	5098	5116	5046	5082	4646
XM_011535766	5110	5098	5013	5102	5576	5099	5117	5047	5083	4647
XM_011535769	5111	5099	7547	5103	5854	5100	5118	5048	5084	7225
XM_011535798	5112	5100	1415	5104	395	5101	5119	5049	5085	1329
XM_011535895	5113	5101	7608	5105	4578	5102	5120	5050	5086	4648
XM_011535920	5114	5102	5014	5106	5476	5103	5121	5051	5087	346
XM_011535977	5115	5103	1418	5107	6541	5104	5122	5052	5088	4649
XM_011536032	5116	5104	1290	5108	6500	5105	5123	5053	5089	4650
XM_011536064	5117	5105	5015	5109	4579	5106	5124	5054	5090	7379
XM_011536095	5118	5106	5016	5110	4580	5107	5125	147	5091	857
XM_011536109	5119	5107	5017	5111	6718	5108	5126	5055	5092	6759
XM_011536165	5120	5108	5018	5112	2060	5109	5127	5056	5093	4651
XM_011536177	5121	5109	197	5113	2518	5110	5128	5057	5094	1221
XM_011536183	5122	5110	5019	5114	7478	5111	5129	5058	5095	4652
XM_011536255	5123	5111	5020	5115	5916	5112	5130	5059	5096	4653
XM_011536261	5124	5112	5021	5116	1355	5113	5131	5060	5097	4654
XM_011536262	5125	5113	5022	5117	1910	5114	5132	5061	5098	646
XM_011536422	5126	5114	5023	5118	6028	5115	5133	7615	5099	4655
XM_011536475	5127	5115	7529	5119	286	5116	5134	5062	5100	4656
XM_011536527	5128	5116	5024	5120	1384	5117	5135	5063	5101	4657
XM_011536605	5129	5117	667	5121	4581	5118	5136	5064	5102	4658
XM_011536615	5130	5118	826	5122	4582	5119	5137	5065	5103	4659
XM_011536616	5131	5119	5025	5123	30	5120	5138	5066	5104	4660
XM_011536627	5132	5120	5026	5124	6901	5121	5139	5067	5105	4661
XM_011536631	5133	5121	7685	5125	4583	5122	5140	5068	5106	4662
XM_011536657	5134	5122	5027	5126	6122	5123	5141	5069	5107	4663
XM_011536666	5135	5123	777	5127	4584	5124	5142	5070	5108	4664
XM_011536706	5136	5124	5028	5128	1951	5125	5143	5071	5109	4665
XM_011536751	5137	5125	5029	5129	6409	5126	5144	5072	5110	4666
XM_011536765	5138	5126	5030	5130	4585	5127	5145	5073	5111	7260
XM_011536828	5139	5127	5031	5131	6183	5128	5146	5074	5112	4667
XM_011536851	5140	5128	5032	5132	7082	5129	5147	5075	5113	4668
XM_011536976	5141	5129	7216	5133	6410	5130	5148	5076	5114	4669
XM_011537015	5142	5130	5033	5134	4586	5131	5149	5077	5115	696
XM_011537037	5143	5131	5034	5135	4587	5132	5150	5078	5116	509
XM_011537044	5144	5132	5035	5136	1132	5133	5151	5079	5117	4670
XM_011537063	5145	5133	5036	5137	6070	5134	5152	5080	5118	4671
XM_011537167	5146	5134	5037	5138	7312	5135	5153	5081	5119	4672
XM_011537232	5147	5135	233	5139	413	5136	5154	5082	5120	4673
XM_011537246	5148	5136	5038	5140	919	5137	5155	5083	5121	4674
XM_011537247	5149	5137	807	5141	4588	5138	5156	5084	5122	4675
XM_011537320	5150	5138	5039	5142	1081	5139	5157	5085	5123	4676
XM_011537384	5151	5139	5040	5143	623	5140	5158	5086	5124	4677
XM_011537413	5152	5140	5041	5144	769	5141	5159	5087	5125	4678
XM_011537501	5153	5141	1234	5145	7208	5142	5160	5088	5126	4679
XM_011537502	5154	5142	5042	5146	7187	5143	5161	5089	5127	4680
XM_011537521	5155	5143	5043	5147	6411	5144	5162	5090	5128	4681
XM_011537522	5156	5144	5044	5148	126	5145	5163	5091	5129	1249
XM_011537556	5157	5145	5045	5149	4589	5146	5164	5092	5130	533
XM_011537577	5158	5146	5046	5150	4590	5147	5165	5093	5131	7633
XM_011537685	5159	5147	871	5151	4591	5148	5166	264	5132	4682
XM_011537702	5160	5148	1031	5152	4592	5149	5167	5094	5133	343
XM_011537775	5161	5149	1000	5153	4593	5150	5168	5095	5134	4683
XM_011537795	5162	5150	165	5154	4594	5151	5169	5096	5135	6962
XM_011537846	5163	5151	1640	5155	1856	5152	5170	5097	5136	6818
XM_011537850	5164	5152	5047	5156	485	5153	5171	5098	5137	4684
XM_011537985	5165	5153	5048	5157	4595	5154	6	7564	5138	4685
XM_011538009	5166	5154	5049	5158	4596	5155	5172	5099	5139	697
XM_011538054	5167	5155	5050	5159	6156	5156	5173	5100	5140	4686
XM_011538207	5168	5156	5051	5160	4597	5157	5174	5101	5141	7790
XM_011538386	5169	5157	1256	5161	224	5158	5175	5102	5142	4687
XM_011538441	5170	5158	5052	5162	1857	5159	5176	5103	5143	4688
XM_011538482	5171	5159	287	5163	4598	5160	5177	5104	5144	4689
XM_011538578	5172	5160	5053	5164	6473	5161	5178	5105	5145	4690
XM_011538655	5173	5161	391	5165	2187	5162	5179	5106	5146	4691
XM_011538692	5174	5162	5054	5166	1858	5163	5180	5107	5147	4692
XM_011538699	5175	5163	5055	189	4599	5164	5181	5108	5148	4693
XM_011538718	5176	5164	7059	5167	1143	5165	5182	5109	5149	4694
XM_011538766	5177	5165	5056	5168	6608	5166	5183	7555	5150	4695
XM_011538769	5178	5166	5057	5169	1873	5167	5184	5110	5151	1354
XM_011538784	5179	5167	290	5170	4600	5168	5185	5111	5152	4696
XM_011538786	5180	5168	324	5171	624	5169	5186	5112	5153	1150
XM_011538811	5181	5169	5058	5172	6609	5170	5187	5113	5154	4697
XM_011538963	133	5170	5059	5173	4601	5171	12	5114	5155	4698
XM_011538967	5182	5171	5060	5174	676	5172	5188	5115	5156	4699
XM_011538999	5183	5172	5061	5175	334	5173	5189	5116	5157	4700
XM_011539001	5184	5173	5062	5176	4602	5174	5190	5117	5158	763
XM_011539270	5185	5174	1544	5177	6572	5175	5191	5118	5159	4701
XM_011539327	5186	5175	5063	5178	7687	5176	5192	5119	5160	4702
XM_011539349	5187	5176	1572	5179	1996	5177	5193	5120	5161	4703
XM_011539452	5188	5177	684	5180	6474	5178	5194	5121	5162	6904
XM_011539454	5189	5178	7288	5181	4603	5179	5195	5122	5163	459
XM_011539501	5190	5179	5064	5182	759	5180	5196	5123	5164	4704
XM_011539508	5191	5180	180	5183	6937	5181	5197	5124	5165	4705
XM_011539518	5192	5181	5065	5184	667	5182	5198	5125	5166	4706
XM_011539527	5193	5182	5066	5185	6811	5183	5199	5126	5167	4707
XM_011539632	5194	5183	5067	5186	4604	5184	5200	5127	5168	7334
XM_011539797	5195	5184	5068	5187	4605	5185	5201	7770	5169	7320
XM_011539805	5196	5185	5069	5188	4606	5186	5202	5128	5170	7117
XM_011539831	5197	5186	5070	5189	4607	5187	5203	156	5171	4708
XM_011539857	5198	5187	5071	5190	2093	5188	5204	5129	5172	4709
XM_011539916	5199	5188	1044	5191	4608	5189	5205	5130	5173	4710
XM_011540260	5200	5189	5072	5192	7678	5190	5206	5131	5174	7447
XM_011540342	5201	5190	5073	5193	5881	5191	5207	5132	5175	4711
XM_011540376	5202	5191	5074	5194	1410	5192	5208	5133	5176	4712
XM_011540428	5203	5192	5075	5195	6501	5193	5209	5134	5177	4713
XM_011540442	5204	5193	7306	5196	2500	5194	5210	5135	5178	4714
XM_011540469	5205	5194	5076	5197	804	5195	5211	5136	5179	4715
XM_011540630	5206	5195	1494	5198	160	5196	5212	5137	5180	4716
XM_011540646	5207	5196	5077	5199	1946	5197	5213	5138	5181	4717
XM_011540679	5208	5197	5078	5200	6157	5198	5214	5139	5182	4718
XM_011540717	5209	5198	5079	5201	1695	5199	5215	340	5183	4719
XM_011540873	5210	5199	5080	5202	1385	5200	5216	5140	5184	7558
XM_011540879	5211	5200	1111	5203	4609	5201	5217	5141	5185	4720
XM_011541007	5212	5201	940	5204	1605	5202	5218	5142	5186	4721
XM_011541092	5213	5202	5081	5205	4610	5203	5219	5143	5187	479
XM_011541140	5214	5203	5082	5206	6334	5204	5220	5144	5188	4722
XM_011541167	5215	5204	5083	5207	7048	5205	5221	5145	5189	4723
XM_011541223	5216	5205	5084	5208	6671	5206	5222	5146	5190	4724
XM_011541318	5217	5206	5085	5209	5824	5207	5223	5147	5191	7196
XM_011541497	5218	5207	5086	5210	7298	5208	5224	5148	5192	4725
XM_011541597	5219	5208	858	5211	734	5209	5225	5149	5193	4726
XM_011541627	5220	5209	5087	5212	1492	5210	5226	5150	5194	4727
XM_011541631	5221	5210	5088	5213	6693	5211	5227	7631	5195	4728
XM_011541655	5222	5211	5089	5214	345	5212	5228	5151	5196	4729
XM_011541660	5223	5212	5090	5215	760	5213	5229	5152	5197	4730
XM_011541877	5224	5213	5091	5216	7305	5214	5230	5153	5198	4731
XM_011541937	5225	5214	1099	5217	4611	5215	5231	5154	5199	693
XM_011541950	5226	5215	757	5218	4612	5216	5232	5155	5200	4732
XM_011542137	5227	5216	5092	5219	6412	5217	5233	5156	5201	4733
XM_011542199	5228	5217	1212	5220	4613	5218	5234	5157	5202	4734
XM_011542237	5229	5218	5093	5221	7532	5219	5235	5158	5203	4735
XM_011542313	5230	5219	1364	5222	4614	5220	5236	7719	5204	4736
XM_011542399	5231	5220	5094	5223	235	5221	5237	5159	5205	4737
XM_011542500	5232	5221	5095	5224	6502	5222	5238	5160	5206	4738
XM_011542583	5233	5222	5096	5225	2266	5223	5239	5161	5207	4739
XM_011542612	5234	60	5097	5226	1262	5224	5240	5162	5208	618
XM_011542617	5235	5223	5098	5227	6672	5225	5241	5163	5209	4740
XM_011542628	5236	5224	685	5228	4615	5226	5242	5164	5210	4741
XM_011542690	5237	5225	5099	5229	1082	5227	5243	5165	5211	4742
XM_011542698	5238	5226	5100	5230	258	5228	5244	5166	5212	4743
XM_011542714	5239	5227	5101	5231	4616	5229	5245	5167	5213	7495
XM_011542715	5240	5228	5102	5232	6738	5230	5246	5168	5214	6946
XM_011542726	5241	5229	5103	5233	900	5231	5247	5169	5215	4744
XM_011542750	5242	7799	5104	5234	1966	5232	5248	5170	5216	4745
XM_011542800	5243	5230	5105	5235	148	5233	5249	5171	5217	4746
XM_011542837	5244	5231	5106	5236	5707	5234	5250	5172	5218	4747
XM_011542838	5245	5232	5107	5237	625	5235	5251	5173	5219	4748
XM_011542911	5246	5233	5108	5238	1144	5236	5252	5174	5220	4749
XM_011542930	5247	5234	5109	5239	1911	5237	5253	381	5221	4750
XM_011542933	5248	5235	5110	5240	42	5238	5254	289	5222	4751
XM_011542952	5249	5236	5111	5241	4617	5239	5255	7632	5223	587
XM_011542965	5250	5237	5112	5242	626	5240	5256	5175	5224	4752
XM_011543096	5251	5238	5113	5243	486	5241	5257	5176	5225	4753
XM_011543132	5252	5239	1208	5244	4618	5242	5258	5177	5226	4754
XM_011543139	5253	5240	1151	5245	4619	5243	5259	5178	5227	4755
XM_011543218	5254	5241	5114	5246	15	5244	5260	5179	5228	4756
XM_011543251	5255	5242	5115	5247	7049	5245	5261	5180	5229	4757
XM_011543307	5256	5243	1319	5248	6355	5246	5262	5181	5230	4758
XM_011543345	5257	5244	5116	5249	4620	5247	5263	5182	5231	7033
XM_011543346	5258	5245	440	5250	5599	5248	5264	5183	5232	6706
XM_011543347	5259	5246	360	5251	4621	5249	5265	5184	5233	6687
XM_011543380	5260	5247	5117	5252	704	5250	5266	5185	5234	4759
XM_011543392	5261	5248	5118	5253	5958	5251	5267	5186	5235	4760
XM_011543395	5262	5249	5119	5254	253	5252	5268	5187	5236	4761
XM_011543460	5263	5250	5120	5255	265	5253	5269	5188	5237	1182
XM_011543489	5264	5251	5121	5256	7093	5254	5270	5189	5238	4762
XM_011543493	5265	5252	5122	5257	1205	5255	5271	5190	5239	4763
XM_011543527	5266	5253	1106	5258	4622	5256	5272	5191	5240	4764
XM_011543578	5267	5254	5123	5259	835	5257	5273	5192	5241	4765
XM_011543586	5268	5255	725	5260	2024	5258	5274	5193	5242	4766
XM_011543588	5269	5256	468	5261	4623	5259	5275	5194	5243	1172
XM_011543607	5270	5257	13	5262	4624	5260	5276	5195	5244	1363
XM_011543608	5271	5258	1578	5263	1386	5261	5277	5196	5245	4767
XM_011543661	5272	5259	5124	5264	1790	5262	5278	5197	5246	4768
XM_011543671	5273	5260	5125	5265	7635	5263	5279	5198	5247	4769
XM_011543709	5274	5261	104	5266	4625	5264	5280	5199	5248	4770
XM_011543758	5275	5262	1001	5267	1750	5265	5281	5200	5249	4771
XM_011543774	5276	5263	126	5268	4626	5266	5282	5201	5250	4772
XM_011543786	5277	5264	5126	5269	1867	5267	5283	5202	5251	4773
XM_011543818	5278	5265	5127	26	4627	5268	5284	5203	5252	4774
XM_011543884	5279	5266	5128	5270	749	5269	5285	5204	5253	4775
XM_011543904	5280	5267	5129	5271	4628	5270	5286	5205	5254	736
XM_011543909	5281	5268	924	5272	4629	5271	5287	5206	5255	4776
XM_011544000	5282	5269	5130	5273	7205	5272	5288	5207	5256	4777
XM_011544030	5283	5270	5131	5274	302	5273	5289	5208	5257	4778
XM_011544033	5284	5271	5132	5275	5959	5274	5290	5209	5258	4779
XM_011544074	5285	5272	872	5276	4630	5275	5291	5210	5259	4780
XM_011544132	5286	5273	643	5277	6753	5276	5292	5211	5260	4781
XM_011544135	5287	5274	1216	5278	5776	5277	5293	5212	5261	4782
XM_011544173	5288	5275	5133	5279	1576	5278	5294	5213	5262	4783
XM_011544184	5289	5276	5134	5280	1870	5279	5295	5214	5263	1180
XM_011544237	5290	5277	5135	5281	5631	5280	5296	7497	5264	7135
XM_011544269	5291	5278	5136	126	6913	5281	5297	5215	5265	6731
XM_011544271	5292	5279	5137	5282	1356	5282	5298	5216	5266	313
XM_011544314	5293	5280	5138	5283	1187	5283	5299	5217	5267	1393
XM_011544315	5294	5281	1449	5284	594	5284	5300	5218	5268	4784
XM_011544346	5295	5282	5139	5285	167	5285	5301	5219	5269	4785
XM_011544393	5296	5283	172	5286	4631	5286	5302	5220	5270	4786
XM_011544428	5297	5284	1071	5287	1233	5287	5303	5221	5271	4787
XM_011544456	191	5285	1535	5288	5404	5288	5304	5222	5272	4788
XM_011544469	5298	5286	5140	5289	654	5289	5305	5223	5273	4789
XM_011544508	5299	5287	5141	5290	4632	5290	5306	7672	5274	4790
XM_011544554	106	5288	5142	5291	2485	5291	5307	5224	5275	4791
XM_011544575	5300	5289	5143	5292	522	5292	5308	5225	5276	4792
XM_011544587	5301	5290	5144	5293	7751	5293	5309	5226	5277	4793
XM_011544635	5302	5291	695	5294	4633	5294	5310	5227	5278	4794
XM_011544689	5303	5292	5145	5295	1263	5295	5311	5228	5279	4795
XM_011544694	5304	5293	1047	5296	4634	5296	5312	5229	5280	4796
XM_011544773	5305	5294	436	5297	4635	5297	5313	5230	5281	4797
XM_011544777	5306	5295	1218	5298	2193	5298	5314	5231	5282	500
XM_011544878	5307	5296	514	5299	5619	5299	5315	5232	5283	1069
XM_011544893	5308	5297	1357	5300	1666	5300	5316	5233	5284	4798
XM_011545002	5309	5298	1516	5301	1357	5301	5317	5234	5285	4799
XM_011545026	5310	7802	5146	5302	1577	5302	5318	5235	5286	4800
XM_011545061	5311	5299	5147	5303	4636	5303	5319	5236	5287	7391
XM_011545064	5312	5300	5148	5304	6335	5304	5320	5237	5288	6984
XM_011545087	5313	5301	297	5305	4637	5305	5321	5238	5289	4801
XM_011545099	5314	5302	5149	5306	2343	5306	5322	5239	5290	4802
XM_011545131	5315	5303	5150	5307	6721	5307	5323	5240	5291	4803
XM_011545160	5316	5304	5151	5308	7630	5308	5324	5241	5292	4804
XM_011545164	5317	5305	644	5309	5554	5309	5325	5242	5293	4805
XM_011545216	5318	5306	5152	5310	2418	5310	5326	5243	5294	670
XM_011545227	5319	5307	5153	5311	344	5311	5327	5244	5295	4806
XM_011545266	5320	5308	5154	5312	2405	5312	5328	5245	5296	4807
XM_011545292	5321	5309	5155	5313	2217	5313	5329	5246	5297	4808
XM_011545303	5322	5310	5156	5314	2061	5314	5330	5247	5298	4809
XM_011545306	5323	5311	1315	5315	6694	5315	5331	5248	5299	4810
XM_011545333	5324	5312	1283	5316	1243	5316	5332	5249	5300	4811
XM_011545342	5325	5313	1474	5317	1069	5317	5333	293	5301	554
XM_011545353	5326	5314	5157	5318	1289	5318	5334	5250	5302	1395
XM_011545388	5327	5315	5158	5319	181	5319	5335	5251	5303	4812
XM_011545416	5328	5316	5159	7765	4638	5320	5336	5252	5304	4813
XM_011545449	5329	5317	5160	5320	4639	5321	5337	5253	5305	511
XM_011545503	5330	5318	5161	5321	6123	5322	5338	5254	5306	4814
XM_011545540	5331	5319	5162	5322	6336	5323	5339	5255	5307	4815
XM_011545583	5332	5320	5163	5323	1116	5324	5340	5256	5308	4816
XM_011545866	5333	5321	5164	5324	4640	5325	5341	5257	5309	774
XM_011546001	5334	5322	5165	5325	4641	5326	5342	202	5310	4817
XM_016999988	5335	5323	7764	5326	4642	5327	5343	5258	5311	4818
XM_016999990	5336	5324	292	5327	4643	5328	5344	5259	5312	4819
XM_017000123	5337	5325	5166	5328	1431	5329	5345	5260	5313	986
XM_017000233	5338	5326	7285	5329	7514	5330	5346	5261	5314	4820
XM_017000245	5339	5327	5167	5330	2238	5331	5347	5262	5315	4821
XM_017000290	5340	5328	5168	5331	2062	5332	5348	5263	5316	4822
XM_017000291	5341	5329	5169	5332	1606	5333	5349	5264	5317	4823
XM_017000294	5342	5330	5170	5333	4644	5334	5350	5265	5318	7605
XM_017000341	5343	5331	5171	5334	4645	5335	5351	5266	5319	7426
XM_017000457	5344	5332	5172	5335	229	5336	5352	5267	5320	4824
XM_017000487	5345	5333	5173	5336	6440	5337	5353	5268	5321	4825
XM_017000551	5346	5334	531	5337	4646	5338	5354	5269	5322	4826
XM_017000560	5347	5335	635	5338	4647	5339	5355	5270	5323	4827
XM_017000774	5348	5336	5174	5339	4648	5340	5356	5271	5324	390
XM_017000800	5349	5337	5175	5340	321	5341	5357	5272	5325	4828
XM_017000837	5350	5338	1048	5341	4649	5342	5358	5273	5326	4829
XM_017000889	5351	5339	733	5342	4650	5343	5359	5274	5327	7212
XM_017000953	5352	5340	5176	5343	7210	5344	5360	5275	5328	4830
XM_017000966	5353	5341	5177	5344	1823	5345	5361	5276	5329	4831
XM_017000967	5354	5342	5178	5345	811	5346	5362	5277	5330	4832
XM_017001002	5355	5343	5179	5346	812	5347	5363	5278	5331	4833
XM_017001004	5356	5344	5180	5347	1007	5348	5364	5279	5332	4834
XM_017001035	5357	5345	5181	5348	1912	5349	5365	5280	5333	4835
XM_017001038	5358	5346	5182	5349	5917	5350	5366	5281	5334	4836
XM_017001139	5359	5347	5183	5350	7717	5351	5367	5282	5335	6763
XM_017001145	5360	5348	5184	5351	2226	5352	5368	5283	5336	4837
XM_017001150	5361	5349	5185	5352	611	5353	5369	5284	5337	6761
XM_017001163	5362	5350	5186	5353	987	5354	5370	5285	5338	4838
XM_017001164	5363	5351	1051	5354	4651	5355	5371	5286	5339	6969
XM_017001247	5364	5352	5187	5355	4652	5356	5372	5287	5340	7421
XM_017001268	5365	5353	5188	5356	2313	5357	5373	5288	5341	4839
XM_017001402	5366	5354	5189	5357	6386	5358	5374	5289	5342	4840
XM_017001417	5367	5355	1522	5358	282	5359	5375	5290	5343	4841
XM_017001422	5368	5356	5190	5359	1028	5360	5376	5291	5344	4842
XM_017001450	5369	5357	5191	5360	735	5361	5377	5292	5345	6783
XM_017001506	5370	5358	294	5361	4653	5362	5378	5293	5346	4843
XM_017001518	5371	5359	397	5362	277	5363	5379	5294	5347	4844
XM_017001530	5372	5360	5192	5363	2133	5364	5380	5295	5348	1059
XM_017001564	5373	5361	5193	5364	7321	5365	5381	5296	5349	4845
XM_017001573	5374	5362	7030	5365	1791	5366	5382	5297	5350	4846
XM_017001582	5375	5363	5194	5366	453	5367	5383	5298	5351	4847
XM_017001627	5376	5364	1320	5367	1493	5368	5384	5299	5352	6791
XM_017001838	5377	5365	5195	5368	4654	5369	5385	5300	5353	7376
XM_017001852	5378	5366	1088	5369	7160	5370	5386	5301	5354	7292
XM_017001882	5379	5367	5196	5370	7605	5371	5387	5302	5355	1243
XM_017001914	5380	5368	5197	5371	2587	5372	5388	5303	5356	1016
XM_017001958	5381	5369	5198	5372	6629	5373	5389	5304	5357	4848
XM_017002036	5382	5370	5199	5373	5840	5374	5390	5305	5358	4849
XM_017002077	5383	5371	5200	5374	1387	5375	5391	5306	5359	4850
XM_017002084	5384	5372	985	5375	4655	5376	5392	5307	5360	4851
XM_017002094	5385	5373	5201	5376	5727	5377	5393	5308	5361	4852
XM_017002105	5386	5374	5202	5377	1792	5378	5394	5309	5362	4853
XM_017002127	5387	5375	1013	5378	5974	5379	5395	5310	5363	4854
XM_017002144	5388	5376	7104	5379	6854	5380	5396	5311	5364	4855
XM_017002211	5389	5377	5203	5380	854	5381	5397	258	5365	4856
XM_017002224	5390	5378	5204	5381	1206	5382	5398	5312	5366	4857
XM_017002241	5391	5379	5205	5382	6251	5383	5399	5313	5367	4858
XM_017002260	5392	5380	5206	5383	705	5384	5400	5314	5368	4859
XM_017002261	5393	5381	5207	5384	6754	5385	5401	5315	5369	4860
XM_017002263	5394	5382	5208	5385	6029	5386	5402	5316	5370	4861
XM_017002337	5395	5383	1024	5386	4656	5387	5403	5317	5371	4862
XM_017002362	5396	5384	5209	5387	7562	5388	5404	5318	5372	4863
XM_017002363	5397	5385	5210	5388	7001	5389	5405	5319	5373	4864
XM_017002365	5398	5386	5211	5389	5415	5390	5406	5320	5374	7270
XM_017002378	5399	5387	5212	5390	1967	5391	5407	5321	5375	4865
XM_017002419	5400	5388	1089	5391	468	5392	5408	5322	5376	4866
XM_017002424	5401	5389	936	5392	797	5393	5409	5323	5377	4867
XM_017002432	5402	5390	5213	5393	1824	5394	5410	5324	5378	4868
XM_017002538	5403	5391	1014	5394	7544	5395	5411	5325	5379	4869
XM_017002599	5404	5392	5214	5395	4657	5396	5412	5326	5380	7608
XM_017002722	5405	5393	881	5396	4658	5397	5413	5327	5381	4870
XM_017002754	5406	5394	5215	5397	668	5398	5414	5328	5382	4871
XM_017002810	5407	5395	5216	5398	439	5399	5415	5329	5383	4872
XM_017002841	5408	5396	5217	5399	7278	5400	5416	5330	5384	4873
XM_017002856	5409	5397	5218	5400	920	5401	5417	5331	5385	4874
XM_017002868	5410	5398	5219	5401	4659	5402	5418	167	5386	6874
XM_017003004	5411	5399	917	5402	4660	5403	5419	5332	5387	4875
XM_017003066	5412	5400	7686	5403	4661	5404	5420	5333	5388	4876
XM_017003108	5413	5401	5220	5404	449	5405	5421	7681	5389	4877
XM_017003110	5414	5402	5221	5405	5666	5406	5422	5334	5390	4878
XM_017003114	5415	5403	852	5406	4662	5407	5423	5335	5391	4879
XM_017003147	5416	5404	7031	5407	1008	5408	5424	5336	5392	4880
XM_017003153	5417	5405	5222	5408	1631	5409	5425	5337	5393	4881
XM_017003356	5418	5406	5223	5409	6838	5410	5426	5338	5394	4882
XM_017003369	5419	5407	269	5410	4663	5411	5427	5339	5395	4883
XM_017003413	5420	5408	7780	5411	7002	5412	5428	5340	5396	4884
XM_017003427	5421	5409	7786	5412	4664	5413	5429	5341	5397	182
XM_017003431	5422	5410	5224	5413	542	5414	5430	5342	5398	4885
XM_017003530	5423	5411	1120	5414	4665	5415	5431	5343	5399	843
XM_017003559	5424	5412	7371	5415	6231	5416	5432	5344	5400	6853
XM_017003595	5425	5413	5225	5416	1411	5417	5433	5345	5401	4886
XM_017003599	5426	5414	5226	5417	4666	5418	5434	5346	5402	7189
XM_017003633	5427	5415	1037	5418	4667	5419	5435	5347	5403	4887
XM_017003654	5428	5416	5227	5419	5545	5420	5436	5348	5404	7146
XM_017003770	5429	5417	5228	5420	142	5421	5437	5349	5405	4888
XM_017003808	5430	5418	5229	5421	7326	5422	5438	5350	5406	4889
XM_017003815	5431	5419	5230	5422	1527	5423	5439	5351	5407	6908
XM_017003973	5432	5420	5231	5423	4668	5424	5440	5352	5408	323
XM_017004055	5433	5421	5232	5424	4669	5425	5441	70	5409	4890
XM_017004082	5434	5422	662	5425	4670	5426	5442	5353	5410	4891
XM_017004083	5435	5423	589	5426	784	5427	5443	5354	5411	1072
XM_017004096	5436	5424	5233	5427	4671	5428	5444	311	5412	7507
XM_017004167	5437	5425	5234	5428	1388	5429	5445	5355	5413	4892
XM_017004187	5438	5426	5235	5429	469	5430	5446	5356	5414	4893
XM_017004212	5439	5427	538	5430	4672	5431	5447	5357	5415	4894
XM_017004231	5440	5428	5236	5431	798	5432	5448	164	5416	4895
XM_017004257	5441	57	5237	5432	2352	5433	5449	5358	5417	4896
XM_017004259	5442	5429	5238	5433	4673	5434	5450	5359	5418	7430
XM_017004292	5443	5430	5239	5434	5960	5435	5451	5360	5419	4897
XM_017004309	5444	5431	5240	5435	414	5436	5452	5361	5420	4898
XM_017004313	5445	5432	5241	5436	957	5437	5453	5362	5421	4899
XM_017004322	5446	5433	1008	5437	5556	5438	5454	5363	5422	4900
XM_017004404	5447	5434	5242	5438	988	5439	5455	5364	5423	4901
XM_017004449	5448	5435	766	5439	4674	5440	5456	5365	5424	4902
XM_017004570	5449	5436	5243	5440	1494	5441	5457	5366	5425	4903
XM_017004625	5450	5437	204	5441	1667	5442	5458	5367	5426	4904
XM_017004701	5451	5438	5244	5442	7283	5443	5459	5368	5427	4905
XM_017004816	5452	5439	5245	5443	7479	5444	5460	5369	5428	6744
XM_017004818	5453	5440	7331	5444	6071	5445	5461	5370	5429	4906
XM_017004888	5454	5441	5246	5445	4675	5446	5462	5371	5430	732
XM_017004892	5455	5442	5247	5446	1825	5447	5463	5372	5431	4907
XM_017004911	5456	5443	5248	5447	4676	5448	5464	5373	5432	981
XM_017004967	5457	5444	1430	5448	7507	5449	5465	5374	5433	4908
XM_017004977	5458	7797	5249	5449	553	5450	5466	5375	5434	4909
XM_017004996	5459	5445	5250	5450	266	5451	5467	5376	5435	4910
XM_017005000	5460	5446	5251	5451	1264	5452	5468	5377	5436	4911
XM_017005045	5461	5447	5252	5452	4677	5453	5469	5378	5437	513
XM_017005076	5462	5448	5253	5453	4678	5454	5470	5379	5438	7719
XM_017005077	5463	5449	5254	5454	4679	5455	5471	5380	5439	7312
XM_017005102	5464	5450	5255	5455	1412	5456	5472	5381	5440	4912
XM_017005123	5465	5451	5256	5456	6798	5457	5473	5382	5441	6819
XM_017005138	5466	5452	340	5457	4680	5458	5474	5383	5442	4913
XM_017005170	5467	5453	5257	5458	7078	5459	5475	5384	5443	4914
XM_017005195	5468	5454	5258	219	1117	5460	5476	5385	5444	7290
XM_017005213	5469	5455	5259	5459	1358	5461	5477	5386	5445	4915
XM_017005301	5470	5456	5260	5460	695	5462	5478	5387	5446	4916
XM_017005378	5471	5457	177	5461	4681	5463	5479	5388	5447	4917
XM_017005449	5472	5458	626	5462	4682	5464	5480	5389	5448	637
XM_017005479	5473	5459	1252	5463	4683	5465	5481	5390	5449	4918
XM_017005483	5474	5460	5261	5464	1556	5466	5482	5391	5450	4919
XM_017005497	5475	5461	5262	5465	7365	5467	5483	5392	5451	4920
XM_017005520	5476	5462	5263	5466	1389	5468	5484	5393	5452	4921
XM_017005560	5477	5463	1049	5467	4684	5469	5485	5394	5453	4922
XM_017005561	5478	5464	1551	5468	1064	5470	5486	5395	5454	4923
XM_017005562	5479	5465	1090	5469	813	5471	5487	5396	5455	4924
XM_017005654	5480	5466	5264	5470	7003	5472	5488	5397	5456	4925
XM_017005661	5481	5467	5265	5471	288	5473	5489	5398	5457	4926
XM_017005682	5482	5468	5266	5472	4685	5474	5490	5399	5458	7370
XM_017005687	5483	5469	5267	5473	4686	5475	5491	7775	5459	4927
XM_017005717	5484	5470	5268	5474	7745	5476	5492	5400	5460	4928
XM_017005792	5485	5471	5269	5475	677	5477	5493	5401	5461	4929
XM_017005853	5486	5472	5270	5476	799	5478	5494	5402	5462	4930
XM_017005856	5487	5473	5271	5477	7206	5479	5495	5403	5463	4931
XM_017005874	5488	5474	5272	5478	2363	5480	5496	86	5464	4932
XM_017005918	5489	5475	1309	5479	1632	5481	5497	5404	5465	4933
XM_017005927	5490	5476	5273	5480	487	5482	5498	5405	5466	4934
XM_017005930	5491	5477	5274	5481	951	5483	5499	5406	5467	7042
XM_017005944	5492	5478	7090	5482	5594	5484	5500	7622	5468	849
XM_017006088	5493	5479	5275	5483	376	5485	5501	5407	5469	6692
XM_017006127	5494	5480	686	5484	2364	5486	5502	5408	5470	7251
XM_017006168	5495	5481	5276	5485	5620	5487	5503	94	5471	6896
XM_017006185	5496	5482	5277	5486	7640	5488	5504	5409	5472	4935
XM_017006195	5497	5483	5278	5487	470	5489	5505	5410	5473	4936
XM_017006202	5498	5484	5279	5488	6573	5490	5506	5411	5474	4937
XM_017006255	5499	5485	5280	5489	901	5491	5507	5412	5475	4938
XM_017006276	5500	5486	5281	5490	1234	5492	5508	5413	5476	4939
XM_017006293	5501	5487	5282	5491	79	5493	5509	5414	5477	4940
XM_017006299	5502	5488	5283	5492	7649	5494	5510	5415	5478	4941
XM_017006347	5503	5489	5284	5493	725	5495	5511	5416	5479	4942
XM_017006380	5504	5490	5285	5494	6673	5496	5512	5417	5480	4943
XM_017006469	5505	5491	5286	5495	4687	5497	5513	5418	5481	7271
XM_017006496	5506	5492	5287	5496	6158	5498	5514	5419	5482	4944
XM_017006548	5507	5493	5288	5497	5961	5499	5515	5420	5483	1286
XM_017006670	5508	5494	5289	5498	1557	5500	5516	5421	5484	4945
XM_017006758	5509	5495	5290	5499	6212	5501	5517	5422	5485	4946
XM_017006811	5510	5496	5291	5500	1390	5502	5518	5423	5486	4947
XM_017006839	5511	5497	490	5501	4688	5503	5519	5424	5487	4948
XM_017006863	5512	5498	5292	5502	7431	5504	5520	5425	5488	4949
XM_017006872	5513	5499	5293	5503	4689	5505	5521	5426	5489	7726
XM_017007015	5514	5500	5294	5504	1708	5506	5522	5427	5490	4950
XM_017007022	5515	5501	5295	5505	1633	5507	5523	5428	5491	6885
XM_017007063	5516	5502	5296	5506	2094	5508	5524	5429	5492	4951
XM_017007112	5517	5503	5297	5507	278	5509	5525	5430	5493	4952
XM_017007126	5518	5504	5298	5508	57	5510	5526	5431	5494	4953
XM_017007127	5519	5505	5299	5509	785	5511	5527	5432	5495	6793
XM_017007176	5520	5506	5300	5510	7227	5512	5528	5433	5496	4954
XM_017007309	5521	5507	847	5511	4690	5513	5529	5434	5497	4955
XM_017007321	5522	5508	620	5512	4691	5514	5530	5435	5498	4956
XM_017007413	5523	5509	5301	5513	6356	5515	5531	5436	5499	1320
XM_017007420	5524	5510	7452	5514	7094	5516	5532	5437	5500	4957
XM_017007443	5525	5511	5302	5515	6275	5517	5533	5438	5501	6980
XM_017007460	5526	5512	5303	5516	405	5518	5534	5439	5502	4958
XM_017007463	5527	5513	5304	5517	4692	5519	5535	5440	5503	671
XM_017007509	5528	5514	5305	5518	4693	5520	5536	5441	5504	555
XM_017007526	5529	5515	289	5519	4694	5521	5537	5442	5505	4959
XM_017007536	5530	5516	5306	5520	4695	5522	5538	5443	5506	942
XM_017007540	5531	5517	5307	5521	7246	5523	5539	5444	5507	4960
XM_017007580	5532	5518	1450	5522	7015	5524	5540	5445	5508	4961
XM_017007594	5533	5519	5308	5523	98	5525	5541	5446	5509	4962
XM_017007597	5534	5520	5309	5524	7050	5526	5542	5447	5510	4963
XM_017007608	5535	5521	5310	5525	4696	5527	5543	223	5511	4964
XM_017007622	5536	5522	1528	5526	4697	5528	5544	5448	5512	7281
XM_017007653	5537	5523	451	5527	5785	5529	5545	5449	5513	4965
XM_017007717	5538	5524	5311	5528	6610	5530	5546	5450	5514	4966
XM_017007883	5539	5525	5312	5529	4698	5531	5547	5451	5515	7075
XM_017008018	5540	5526	5313	212	4699	5532	5548	5452	5516	93
XM_017008041	5541	5527	5314	5530	4700	5533	5549	5453	5517	464
XM_017008141	5542	5528	5315	5531	6072	5534	5550	5454	5518	4967
XM_017008173	5543	5529	5316	5532	7466	5535	5551	5455	5519	4968
XM_017008176	5544	5530	5317	5533	6413	5536	5552	5456	5520	4969
XM_017008205	5545	5531	5318	5534	750	5537	5553	5457	5521	1397
XM_017008254	5546	5532	5319	5535	2025	5538	5554	5458	5522	4970
XM_017008297	5547	5533	5320	5536	7111	5539	5555	5459	5523	4971
XM_017008306	5548	5534	5321	5537	1118	5540	5556	5460	5524	4972
XM_017008358	5549	5535	5322	5538	7397	5541	5557	7597	5525	4973
XM_017008380	5550	5536	590	5539	4701	5542	5558	5461	5526	951
XM_017008383	142	5537	5323	163	4702	5543	5559	5462	5527	4974
XM_017008408	5551	5538	5324	5540	2169	5544	5560	7531	5528	4975
XM_017008410	5552	5539	1444	5541	1221	5545	5561	5463	5529	6886
XM_017008412	5553	5540	604	5542	2379	5546	5562	5464	5530	4976
XM_017008471	5554	5541	1091	5543	1166	5547	5563	5465	5531	1423
XM_017008507	5555	5542	5325	250	440	5548	5564	5466	5532	4977
XM_017008530	5556	5543	7398	5544	4703	5549	5565	5467	5533	4978
XM_017008568	5557	5544	5326	5545	6414	5550	5566	5468	5534	4979
XM_017008576	5558	5545	5327	5546	2142	5551	5567	5469	5535	539
XM_017008583	5559	5546	5328	5547	1495	5552	5568	5470	5536	4980
XM_017008588	5560	5547	1279	5548	1188	5553	5569	5471	5537	4981
XM_017008615	5561	5548	5329	5549	1913	5554	5570	5472	5538	4982
XM_017008634	5562	5549	5330	5550	472	5555	5571	5473	5539	4983
XM_017008687	5563	5550	7112	5551	5488	5556	5572	5474	5540	7305
XM_017008693	5564	5551	5331	5552	4704	5557	5573	105	5541	4984
XM_017008699	5565	5552	5332	5553	1119	5558	5574	5475	5542	4985
XM_017008783	5566	5553	7629	5554	4705	5559	5575	5476	5543	4986
XM_017008834	5567	5554	5333	5555	800	5560	5576	5477	5544	4987
XM_017008860	5568	5555	5334	5556	635	5561	5577	5478	5545	4988
XM_017008873	5569	5556	5335	5557	7051	5562	5578	5479	5546	4989
XM_017008881	5570	5557	5336	5558	4706	5563	5579	5480	5547	7593
XM_017008888	5571	5558	1100	5559	6006	5564	5580	5481	5548	7740
XM_017008890	5572	5559	5337	5560	4707	5565	5581	5482	5549	7587
XM_017008943	5573	5560	5338	5561	5690	5566	5582	5483	5550	4990
XM_017008944	5574	5561	135	5562	4708	5567	5583	5484	5551	4991
XM_017008947	123	5562	5339	5563	4709	5568	5584	163	5552	6811
XM_017008955	5575	5563	5340	5564	4710	5569	5585	5485	5553	7568
XM_017008956	5576	5564	5341	5565	706	5570	5586	5486	5554	4992
XM_017008957	5577	5565	5342	5566	4711	5571	5587	5487	5555	680
XM_017008961	5578	5566	7673	5567	2309	5572	5588	5488	5556	4993
XM_017008988	5579	5567	978	5568	1826	5573	5589	5489	5557	4994
XM_017008990	5580	5568	1041	5569	2260	5574	5590	5490	5558	4995
XM_017008992	5581	5569	5343	5570	1413	5575	5591	5491	5559	4996
XM_017008993	5582	5570	583	5571	4712	5576	5592	5492	5560	4997
XM_017008997	5583	5571	605	5572	4713	5577	5593	5493	5561	4998
XM_017008999	5584	5572	1610	5573	5656	5578	5594	5494	5562	4999
XM_017009015	5585	5573	659	5574	6306	5579	5595	5495	5563	883
XM_017009027	5586	5574	1596	5575	6276	5580	5596	5496	5564	5000
XM_017009036	5587	5575	5344	5576	441	5581	5597	5497	5565	5001
XM_017009060	5588	5576	5345	5577	2026	5582	5598	5498	5566	5002
XM_017009071	5589	5577	1274	5578	4714	5583	5599	5499	5567	5003
XM_017009111	5590	5578	5346	5579	4715	5584	5600	5500	5568	7699
XM_017009127	5591	5579	5347	5580	5918	5585	5601	5501	5569	5004
XM_017009138	5592	5580	896	5581	5571	5586	5602	5502	5570	5005
XM_017009147	5593	5581	5348	5582	6574	5587	5603	5503	5571	5006
XM_017009149	5594	5582	5349	5583	1235	5588	5604	5504	5572	5007
XM_017009205	5595	5583	5350	5584	1751	5589	5605	5505	5573	5008
XM_017009218	5596	5584	5351	5585	434	5590	5606	5506	5574	5009
XM_017009239	5597	5585	548	5586	4716	5591	5607	5507	5575	7028
XM_017009242	5598	5586	5352	5587	2286	5592	5608	242	5576	7410
XM_017009262	5599	5587	5353	5588	6938	5593	5609	5508	5577	5010
XM_017009278	5600	5588	598	5589	4717	5594	5610	5509	5578	5011
XM_017009298	5601	5589	5354	5590	7194	5595	5611	5510	5579	5012
XM_017009300	5602	5590	1015	5591	1752	5596	5612	5511	5580	5013
XM_017009424	5603	5591	222	5592	4718	5597	5613	5512	5581	5014
XM_017009434	5604	5592	636	5593	4719	5598	5614	5513	5582	1362
XM_017009453	5605	5593	5355	5594	7480	5599	5615	5514	5583	5015
XM_017009484	5606	5594	321	5595	4720	5600	5616	5515	5584	5016
XM_017009485	5607	5595	558	5596	4721	5601	5617	5516	5585	5017
XM_017009522	5608	5596	751	5597	4722	5602	5618	5517	5586	5018
XM_017009549	5609	5597	5356	5598	1452	5603	5619	5518	5587	5019
XM_017009586	5610	5598	5357	5599	5919	5604	5620	5519	5588	5020
XM_017009606	5611	5599	648	5600	4723	5605	5621	5520	5589	5021
XM_017009630	5612	5600	778	5601	6855	5606	5622	5521	5590	5022
XM_017009632	5613	5601	910	5602	249	5607	5623	5522	5591	5023
XM_017009655	5614	5602	5358	5603	1882	5608	5624	5523	5592	5024
XM_017009686	5615	5603	663	5604	4724	5609	5625	5524	5593	5025
XM_017009693	5616	5604	1487	5605	902	5610	5626	5525	5594	5026
XM_017009716	5617	5605	5359	5606	1721	5611	5627	5526	5595	5027
XM_017009783	5618	5606	5360	5607	4725	5612	5628	5527	5596	7311
XM_017009790	5619	5607	236	5608	4726	5613	5629	5528	5597	1159
XM_017009803	5620	5608	5361	5609	1167	5614	5630	5529	5598	5028
XM_017009820	5621	5609	619	5610	304	5615	5631	5530	5599	5029
XM_017009844	5622	5610	5362	5611	6108	5616	5632	5531	5600	5030
XM_017009896	5623	5611	678	5612	4727	5617	5633	5532	5601	5031
XM_017009995	5624	5612	19	5613	4728	5618	5634	5533	5602	5032
XM_017010000	5625	5613	5363	5614	4729	5619	5635	5534	5603	764
XM_017010010	5626	5614	1236	5615	5830	5620	5636	5535	5604	5033
XM_017010056	5627	5615	362	5616	7257	5621	5637	5536	5605	5034
XM_017010109	5628	5616	5364	7769	4730	5622	5638	5537	5606	5035
XM_017010114	5629	5617	134	5617	2198	5623	5639	5538	5607	885
XM_017010129	5630	5618	5365	5618	6124	5624	5640	5539	5608	5036
XM_017010172	5631	5619	7425	5619	1634	5625	5641	5540	5609	5037
XM_017010175	5632	5620	5366	5620	1881	5626	5642	5541	5610	5038
XM_017010197	5633	5621	1629	5621	2264	5627	5643	5542	5611	5039
XM_017010233	5634	5622	181	5622	4731	5628	5644	5543	5612	5040
XM_017010252	5635	5623	5367	5623	4732	5629	5645	5544	5613	7192
XM_017010268	5636	5624	5368	5624	7519	5630	5646	5545	5614	5041
XM_017010302	5637	5625	1349	5625	95	5631	5647	5546	5615	5042
XM_017010435	5638	5626	5369	5626	5920	5632	5648	5547	5616	5043
XM_017010479	5639	5627	5370	5627	1496	5633	5649	5548	5617	5044
XM_017010573	5640	5628	5371	5628	7118	5634	5650	5549	5618	5045
XM_017010589	5641	5629	5372	5629	855	5635	5651	5550	5619	5046
XM_017010590	5642	5630	5373	5630	6441	5636	5652	5551	5620	5047
XM_017010650	5643	5631	5374	5631	1528	5637	5653	5552	5621	5048
XM_017010652	5644	5632	5375	5632	786	5638	5654	5553	5622	5049
XM_017010655	5645	5633	5376	5633	943	5639	5655	5554	5623	5050
XM_017010797	5646	5634	5377	5634	1862	5640	5656	5555	5624	5051
XM_017010799	5647	5635	859	5635	1914	5641	5657	5556	5625	5052
XM_017010810	5648	5636	5378	5636	5463	5642	5658	5557	5626	377
XM_017010812	5649	5637	793	5637	5689	5643	5659	5558	5627	557
XM_017010867	5650	5638	5379	5638	461	5644	5660	5559	5628	5053
XM_017010911	5651	5639	5380	5639	4733	5645	5661	5560	5629	983
XM_017010926	5652	5640	5381	5640	7496	5646	5662	5561	5630	5054
XM_017010929	5653	5641	5382	5641	4734	5647	5663	5562	5631	7599
XM_017010984	5654	5642	5383	5642	7299	5648	5664	5563	5632	5055
XM_017011005	5655	5643	5384	5643	4735	5649	5665	5564	5633	7475
XM_017011019	5656	5644	783	5644	4736	5650	5666	5565	5634	1305
XM_017011021	5657	5645	5385	5645	770	5651	5667	5566	5635	5056
XM_017011043	5658	5646	5386	5646	2395	5652	5668	5567	5636	6892
XM_017011059	5659	5647	5387	5647	2111	5653	5669	5568	5637	5057
XM_017011087	5660	5648	5388	5648	7217	5654	5670	5569	5638	5058
XM_017011088	5661	5649	5389	5649	1391	5655	5671	5570	5639	5059
XM_017011122	5662	5650	5390	5650	1189	5656	5672	5571	5640	5060
XM_017011154	5663	5651	882	5651	4737	5657	5673	5572	5641	6820
XM_017011305	5664	5652	1621	5652	1308	5658	5674	344	5642	5061
XM_017011381	5665	5653	5391	5653	1168	5659	5675	5573	5643	1418
XM_017011404	5666	5654	860	5654	4738	5660	5676	5574	5644	5062
XM_017011453	5667	5655	1555	5655	6542	5661	5677	5575	5645	5063
XM_017011459	5668	5656	5392	5656	1327	5662	5678	5576	5646	5064
XM_017011489	5669	5657	5393	5657	208	5663	5679	5577	5647	5065
XM_017011591	5670	5658	5394	5658	7504	5664	5680	5578	5648	5066
XM_017011749	5671	5659	5395	5659	1607	5665	5681	5579	5649	916
XM_017011849	5672	5660	5396	5660	6073	5666	5682	5580	5650	5067
XM_017011881	5673	5661	1325	5661	7021	5667	5683	5581	5651	5068
XM_017011894	5674	5662	5397	5662	6307	5668	5684	5582	5652	5069
XM_017011961	5675	5663	41	5663	4739	5669	5685	5583	5653	5070
XM_017011968	5676	5664	1574	5664	6277	5670	5686	5584	5654	5071
XM_017012056	5677	5665	1451	5665	2063	5671	5687	5585	5655	5072
XM_017012089	5678	5666	1424	5666	2407	5672	5688	5586	5656	5073
XM_017012102	5679	5667	5398	5667	190	5673	5689	5587	5657	5074
XM_017012203	5680	5668	658	5668	4740	5674	5690	5588	5658	5075
XM_017012211	173	5669	5399	5669	6159	5675	5691	5589	5659	5076
XM_017012223	5681	5670	962	5670	4741	5676	5692	5590	5660	5077
XM_017012289	5682	5671	687	5671	4742	5677	5693	5591	5661	5078
XM_017012327	5683	5672	5400	5672	1915	5678	5694	5592	5662	5079
XM_017012388	5684	5673	5401	5673	163	5679	5695	5593	5663	6685
XM_017012442	5685	5674	5402	5674	1968	5680	5696	5594	5664	5080
XM_017012449	5686	5675	5403	5675	1146	5681	5697	5595	5665	5081
XM_017012456	5687	5676	5404	5676	4743	5682	5698	5596	5666	526
XM_017012467	5688	5677	7645	5677	4744	5683	5699	5597	5667	5082
XM_017012472	5689	5678	210	5678	4745	5684	5700	5598	5668	290
XM_017012501	5690	5679	5405	5679	7122	5685	5701	5599	5669	924
XM_017012526	5691	5680	1419	5680	1133	5686	5702	5600	5670	5083
XM_017012538	5692	5681	5406	5681	4746	5687	5703	5601	5671	7428
XM_017012567	5693	5682	5407	5682	2112	5688	5704	249	5672	5084
XM_017012597	5694	5683	5408	5683	2095	5689	5705	5602	5673	5085
XM_017012616	5695	5684	5409	5684	1190	5690	5706	5603	5674	5086
XM_017012648	5696	5685	5410	5685	6543	5691	5707	5604	5675	5087
XM_017012659	5697	5686	5411	5686	636	5692	5708	5605	5676	7057
XM_017012674	5698	5687	5412	5687	6213	5693	5709	5606	5677	5088
XM_017012689	5699	5688	734	5688	4747	5694	5710	5607	5678	5089
XM_017012696	5700	5689	5413	5689	6387	5695	5711	5608	5679	5090
XM_017012706	5701	5690	1092	5690	944	5696	5712	5609	5680	5091
XM_017012719	5702	5691	735	5691	4748	5697	5713	5610	5681	5092
XM_017012724	5703	5692	819	5692	2365	5698	5714	5611	5682	5093
XM_017012734	5704	5693	76	5693	1529	5699	5715	5612	5683	6965
XM_017012738	5705	5694	5414	5694	1265	5700	5716	5613	5684	5094
XM_017012745	5706	5695	7232	5695	4749	5701	5717	5614	5685	993
XM_017012771	5707	5696	5415	5696	6308	5702	5718	5615	5686	1246
XM_017012792	5708	5697	115	5697	4750	5703	5719	5616	5687	5095
XM_017012798	5709	5698	132	5698	4751	5704	5720	5617	5688	5096
XM_017012811	5710	5699	5416	5699	6252	5705	5721	5618	5689	5097
XM_017012837	5711	5700	5417	5700	339	5706	5722	5619	5690	5098
XM_017012904	5712	5701	1497	5701	4752	5707	5723	346	5691	7748
XM_017012924	5713	5702	5418	5702	1009	5708	5724	5620	5692	7103
XM_017012934	5714	5703	5419	5703	245	5709	5725	5621	5693	6825
XM_017012949	5715	5704	50	5704	4753	5710	5726	5622	5694	5099
XM_017012971	5716	5705	5420	5705	989	5711	5727	5623	5695	5100
XM_017012983	5717	5706	5421	5706	1558	5712	5728	5624	5696	7086
XM_017012984	5718	5707	1059	5707	4754	5713	5729	5625	5697	5101
XM_017013043	5719	5708	5422	5708	424	5714	5730	5626	5698	5102
XM_017013145	5720	5709	5423	5709	4755	5715	5731	8	5699	7754
XM_017013331	5721	5710	5424	5710	707	5716	5732	5627	5700	5103
XM_017013332	5722	5711	213	5711	462	5717	5733	5628	5701	5104
XM_017013337	5723	5712	5425	5712	6950	5718	5734	5629	5702	5105
XM_017013397	5724	5713	5426	5713	4756	5719	5735	5630	5703	7348
XM_017013467	5725	5714	342	5714	6125	5720	5736	5631	5704	5106
XM_017013586	5726	5715	5427	5715	7450	5721	5737	5632	5705	5107
XM_017013603	5727	5716	5428	5716	7727	5722	5738	5633	5706	5108
XM_017013616	5728	5717	7046	5717	6914	5723	5739	5634	5707	5109
XM_017013703	5729	5718	5429	5718	6007	5724	5740	5635	5708	5110
XM_017013716	5730	5719	5430	5719	1668	5725	5741	5636	5709	5111
XM_017013735	5731	5720	5431	7786	5550	5726	5742	5637	5710	5112
XM_017013758	5732	5721	5432	5720	856	5727	5743	5638	5711	5113
XM_017013782	5733	5722	5433	5721	7052	5728	5744	5639	5712	5114
XM_017013830	5734	5723	609	5722	4757	5729	5745	5640	5713	5115
XM_017013861	5735	5724	1248	5723	5522	5730	5746	5641	5714	5116
XM_017013866	5736	5725	5434	5724	6475	5731	5747	5642	5715	5117
XM_017013870	5737	5726	1416	5725	945	5732	5748	5643	5716	5118
XM_017013884	5738	5727	5435	5726	5464	5733	5749	2	5717	5119
XM_017013956	5739	5728	5436	5727	1608	5734	5750	5644	5718	5120
XM_017014122	5740	5729	5437	5728	7634	5735	5751	5645	5719	5121
XM_017014127	5741	5730	120	5729	435	5736	5752	5646	5720	5122
XM_017014247	5742	5731	5438	5730	6755	5737	5753	5647	5721	5123
XM_017014279	5743	5732	1055	5731	4758	5738	5754	5648	5722	5124
XM_017014313	5744	5733	1322	5732	6812	5739	5755	5649	5723	6698
XM_017014333	5745	5734	5439	5733	7348	5740	5756	5650	5724	5125
XM_017014339	5746	5735	5440	5734	4759	5741	5757	5651	5725	574
XM_017014358	5747	5736	5441	5735	6705	5742	5758	5652	5726	5126
XM_017014376	5748	5737	5442	5736	4760	5743	5759	7782	5727	7359
XM_017014382	5749	5738	5443	5737	4761	5744	5760	5653	5728	7487
XM_017014428	5750	5739	5444	5738	7670	5745	5761	5654	5729	5127
XM_017014436	5751	5740	5445	5739	7028	5746	5762	7669	5730	5128
XM_017014473	5752	5741	1387	5740	5988	5747	5763	5655	5731	47
XM_017014486	5753	5742	5446	5741	1453	5748	5764	5656	5732	5129
XM_017014567	5754	5743	5447	5742	5921	5749	5765	5657	5733	954
XM_017014597	5755	5744	5448	5743	5812	5750	5766	5658	5734	5130
XM_017014612	35	5745	5449	194	4762	5751	5767	174	5735	5131
XM_017014640	5756	5746	1310	5744	199	5752	5768	5659	5736	5132
XM_017014789	5757	5747	5450	5745	6074	5753	5769	5660	5737	5133
XM_017014864	5758	5748	5451	5746	787	5754	5770	5661	5738	5134
XM_017014930	5759	5749	5452	5747	4763	5755	5771	5662	5739	481
XM_017014935	5760	5750	5453	5748	7137	5756	5772	5663	5740	6720
XM_017014996	5761	5751	5454	5749	1984	5757	5773	5664	5741	5135
XM_017015002	5762	5752	5455	5750	6278	5758	5774	5665	5742	5136
XM_017015041	5763	5753	5456	5751	1290	5759	5775	5666	5743	5137
XM_017015044	5764	5754	5457	5752	745	5760	5776	5667	5744	5138
XM_017015107	5765	5755	5458	5753	4764	5761	5777	5668	5745	7247
XM_017015129	5766	5756	347	5754	4765	5762	5778	5669	5746	5139
XM_017015133	5767	5757	5459	5755	7404	5763	5779	5670	5747	5140
XM_017015164	5768	5758	5460	5756	1753	5764	5780	5671	5748	5141
XM_017015166	5769	5759	5461	5757	836	5765	5781	5672	5749	5142
XM_017015211	5770	5760	5462	5758	4766	5766	5782	5673	5750	7327
XM_017015224	5771	5761	5463	5759	1083	5767	5783	5674	5751	1368
XM_017015232	5772	5762	7732	5760	2413	5768	5784	5675	5752	7123
XM_017015265	5773	5763	5464	5761	7414	5769	5785	5676	5753	5143
XM_017015277	5774	5764	5465	5762	837	5770	5786	5677	5754	5144
XM_017015283	5775	5765	5466	5763	581	5771	5787	5678	5755	5145
XM_017015393	5776	5766	7269	5764	4767	5772	5788	5679	5756	246
XM_017015394	5777	5767	625	123	4768	5773	5789	5680	5757	5146
XM_017015401	5778	5768	5467	5765	2153	5774	5790	5681	5758	5147
XM_017015409	206	5769	5468	5766	1969	5775	5791	5682	5759	1234
XM_017015412	7798	5770	5469	5767	2561	5776	5792	5683	5760	412
XM_017015459	5779	5771	861	5768	43	5777	5793	5684	5761	5148
XM_017015466	5780	5772	5470	5769	5671	5778	5794	5685	5762	648
XM_017015490	5781	5773	5471	5770	881	5779	5795	5686	5763	5149
XM_017015585	5782	5774	5472	5771	6963	5780	5796	5687	5764	5150
XM_017015603	5783	5775	5473	5772	6030	5781	5797	5688	5765	5151
XM_017015612	5784	5776	5474	5773	135	5782	5798	5689	5766	5152
XM_017015710	5785	5777	1196	5774	2247	5783	5799	5690	5767	7154
XM_017015719	5786	5778	5475	5775	6803	5784	5800	5691	5768	1374
XM_017015791	5787	5779	5476	5776	5528	5785	5801	5692	5769	7684
XM_017015835	5788	5780	5477	5777	6214	5786	5802	5693	5770	5153
XM_017015863	5789	5781	5478	5778	6442	5787	5803	5694	5771	5154
XM_017015932	5790	5782	5479	5779	104	5788	5804	5695	5772	5155
XM_017015945	5791	5783	7032	5780	2096	5789	5805	5696	5773	5156
XM_017015990	5792	5784	5480	5781	1592	5790	5806	5697	5774	5157
XM_017016028	5793	5785	5481	5782	678	5791	5807	5698	5775	5158
XM_017016095	5794	5786	5482	5783	1497	5792	5808	5699	5776	5159
XM_017016101	5795	5787	1009	5784	4769	5793	5809	5700	5777	5160
XM_017016107	5796	5788	5483	5785	7300	5794	5810	5701	5778	5161
XM_017016167	5797	5789	353	5786	4770	5795	5811	5702	5779	5162
XM_017016175	5798	5790	402	5787	4771	5796	5812	5703	5780	5163
XM_017016205	5799	5791	5484	5788	5786	5797	5813	5704	5781	932
XM_017016224	5800	5792	5485	5789	958	5798	5814	5705	5782	5164
XM_017016275	5801	5793	981	5790	5538	5799	5815	5706	5783	5165
XM_017016311	5802	5794	463	5791	4772	5800	5816	5707	5784	6686
XM_017016347	5803	5795	5486	5792	865	5801	5817	5708	5785	5166
XM_017016350	5804	5796	5487	5793	761	5802	5818	5709	5786	5167
XM_017016358	5805	5797	5488	5794	1947	5803	5819	5710	5787	5168
XM_017016360	5806	5798	5489	5795	5714	5804	5820	5711	5788	5169
XM_017016396	5807	5799	5490	5796	669	5805	5821	262	5789	1232
XM_017016536	5808	5800	5491	5797	6839	5806	5822	5712	5790	5170
XM_017016543	5809	5801	5492	5798	4773	5807	5823	7685	5791	414
XM_017016636	5810	5802	5493	5799	543	5808	5824	5713	5792	5171
XM_017016658	5811	5803	5494	5800	5882	5809	5825	5714	5793	6925
XM_017016677	5812	5804	5495	5801	4774	5810	5826	5715	5794	7173
XM_017016841	5813	5805	5496	5802	4775	5811	5827	5716	5795	7323
XM_017016855	5814	5806	5497	5803	1043	5812	5828	5717	5796	5172
XM_017016928	5815	5807	5498	5804	582	5813	5829	5718	5797	5173
XM_017017053	5816	5808	5499	5805	2097	5814	5830	5719	5798	5174
XM_017017079	5817	5809	5500	7773	4776	5815	5831	5720	5799	5175
XM_017017085	5818	5810	873	5806	4777	5816	5832	5721	5800	5176
XM_017017100	5819	5811	5501	5807	6674	5817	5833	5722	5801	5177
XM_017017164	5820	5812	5502	5808	391	5818	5834	5723	5802	5178
XM_017017391	5821	5813	5503	5809	1432	5819	5835	5724	5803	5179
XM_017017411	5822	5814	5504	5810	6075	5820	5836	5725	5804	5180
XM_017017425	5823	5815	5505	5811	7209	5821	5837	5726	5805	5181
XM_017017455	5824	5816	5506	5812	4778	5822	5838	34	5806	7014
XM_017017515	5825	5817	5507	5813	1207	5823	5839	5727	5807	5182
XM_017017540	5826	5818	5508	5814	340	5824	5840	5728	5808	1355
XM_017017541	5827	5819	612	5815	4779	5825	5841	334	5809	5183
XM_017017548	5828	5820	5509	5816	7068	5826	5842	5729	5810	5184
XM_017017573	5829	5821	5510	5817	649	5827	5843	5730	5811	5185
XM_017017600	5830	5822	1182	5818	2372	5828	5844	5731	5812	5186
XM_017017662	5831	5823	929	5819	2522	5829	5845	5732	5813	5187
XM_017017789	5832	5824	5511	5820	1635	5830	5846	5733	5814	5188
XM_017017801	5833	5825	5512	5821	6126	5831	5847	5734	5815	5189
XM_017017881	5834	5826	700	5822	4780	5832	5848	5735	5816	5190
XM_017017925	5835	5827	5513	5823	736	5833	5849	5736	5817	5191
XM_017017942	5836	5828	5514	5824	6337	5834	5850	5737	5818	5192
XM_017017961	5837	5829	5515	5825	1793	5835	5851	5738	5819	5193
XM_017017987	5838	5830	5516	5826	6357	5836	5852	5739	5820	5194
XM_017017988	5839	5831	5517	5827	2358	5837	5853	5740	5821	5195
XM_017018084	5840	5832	5518	5828	1578	5838	5854	5741	5822	5196
XM_017018107	5841	5833	5519	5829	6675	5839	5855	5742	5823	5197
XM_017018133	5842	5834	5520	5830	4781	5840	5856	5743	5824	395
XM_017018152	5843	5835	5521	5831	5922	5841	5857	5744	5825	5198
XM_017018171	5844	5836	5522	5832	140	5842	5858	5745	5826	5199
XM_017018189	5845	5837	1217	5833	2579	5843	5859	5746	5827	5200
XM_017018220	5846	5838	5523	5834	788	5844	5860	5747	5828	5201
XM_017018240	5847	5839	645	5835	4782	5845	5861	5748	5829	5202
XM_017018396	5848	5840	5524	5836	333	5846	5862	5749	5830	5203
XM_017018404	5849	5841	5525	5837	7486	5847	5863	5750	5831	5204
XM_017018451	5850	5842	1016	5838	2254	5848	5864	41	5832	5205
XM_017018477	5851	5843	1452	5839	2104	5849	5865	5751	5833	5206
XM_017018514	5852	5844	7193	5840	7600	5850	5866	5752	5834	1263
XM_017018526	5853	5845	5526	5841	1827	5851	5867	5753	5835	5207
XM_017018666	5854	5846	1517	5842	1609	5852	5868	5754	5836	5208
XM_017018688	5855	19	5527	5843	133	5853	5869	5755	5837	5209
XM_017018724	5856	5847	5528	5844	6184	5854	5870	5756	5838	5210
XM_017018765	5857	5848	688	5845	4783	5855	5871	5757	5839	5211
XM_017018790	5858	5849	1532	5846	6388	5856	5872	5758	5840	6703
XM_017018807	5859	5850	7612	5847	4784	5857	5873	5759	5841	5212
XM_017018819	5860	5851	5529	5848	47	5858	5874	5760	5842	5213
XM_017018905	5861	5852	5530	5849	1359	5859	5875	5761	5843	5214
XM_017018981	5862	5853	1489	5850	7566	5860	5876	5762	5844	5215
XM_017018983	5863	5854	5531	5851	4785	5861	5877	5763	5845	7467
XM_017018989	5864	5855	5532	5852	737	5862	5878	5764	5846	5216
XM_017018993	5865	5856	5533	5853	6127	5863	5879	5765	5847	5217
XM_017019047	5866	5857	5534	5854	2064	5864	5880	5766	5848	5218
XM_017019174	5867	5858	5535	5855	1636	5865	5881	5767	5849	5219
XM_017019241	5868	5859	5536	5856	5982	5866	5882	5768	5850	5220
XM_017019242	5869	5860	1323	5857	7539	5867	5883	5769	5851	5221
XM_017019247	5870	5861	5537	5858	4786	5868	58	79	5852	7672
XM_017019314	5871	5862	5538	5859	1291	5869	5884	5770	5853	5222
XM_017019330	5872	5863	5539	5860	7356	5870	5885	5771	5854	5223
XM_017019356	5873	5864	5540	5861	2284	5871	5886	5772	5855	5224
XM_017019378	5874	5865	5541	5862	6739	5872	5887	5773	5856	5225
XM_017019386	5875	5866	232	5863	4787	5873	5888	5774	5857	1089
XM_017019501	5876	5867	5542	5864	7655	5874	5889	5775	5858	5226
XM_017019506	5877	5868	5543	5865	6128	5875	5890	5776	5859	5227
XM_017019511	5878	5869	5544	5866	7652	5876	5891	5777	5860	5228
XM_017019621	5879	5870	5545	5867	1610	5877	5892	5778	5861	5229
XM_017019622	5880	5871	5546	5868	6443	5878	5893	5779	5862	5230
XM_017019676	5881	5872	5547	5869	7029	5879	5894	5780	5863	5231
XM_017019774	5882	5873	5548	5870	1084	5880	5895	5781	5864	5232
XM_017019786	5883	5874	559	5871	4788	5881	5896	5782	5865	5233
XM_017019789	5884	5875	5549	5872	6476	5882	5897	5783	5866	5234
XM_017019800	5885	5876	5550	5873	4789	5883	5898	5784	5867	198
XM_017019820	5886	5877	5551	5874	5710	5884	5899	5785	5868	5235
XM_017019904	5887	5878	5552	290	2127	5885	5900	5786	5869	7222
XM_017019971	153	5879	5553	5875	211	5886	5901	5787	5870	5236
XM_017019985	5888	5880	7507	5876	4790	5887	5902	5788	5871	988
XM_017020000	5889	5881	768	5877	4791	5888	5903	5789	5872	5237
XM_017020006	5890	5882	5554	5878	5683	5889	5904	5790	5873	7600
XM_017020145	5891	5883	5555	5879	7455	5890	5905	5791	5874	5238
XM_017020192	5892	5884	5556	5880	6256	5891	5906	5792	5875	5239
XM_017020197	5893	5885	5557	5881	1794	5892	5907	5793	5876	5240
XM_017020257	5894	5886	5558	5882	1454	5893	5908	5794	5877	5241
XM_017020381	5895	5887	5559	5883	771	5894	5909	5795	5878	5242
XM_017020403	5896	5888	5560	5884	4792	5895	3	5796	5879	5243
XM_017020406	5897	5889	143	5885	4793	5896	5910	5797	5880	5244
XM_017020414	5898	5890	5561	5886	7228	5897	5911	7520	5881	5245
XM_017020434	5899	5891	7560	5887	4794	5898	5912	5798	5882	5246
XM_017020440	5900	5892	5562	5888	6215	5899	5913	5799	5883	5247
XM_017020442	5901	5893	5563	5889	6840	5900	5914	5800	5884	5248
XM_017020443	5902	5894	5564	5890	5789	5901	5915	5801	5885	5249
XM_017020448	5903	5895	5565	5891	5923	5902	5916	5802	5886	5250
XM_017020469	5904	5896	5566	5892	6216	5903	5917	5803	5887	5251
XM_017020528	5905	5897	1197	5893	4795	5904	5918	5804	5888	5252
XM_017020549	5906	5898	5567	5894	406	5905	5919	5805	5889	5253
XM_017020561	5907	5899	637	5895	2098	5906	5920	5806	5890	5254
XM_017020644	5908	5900	5568	5896	7541	5907	5921	5807	5891	5255
XM_017020650	5909	5901	379	5897	2491	5908	5922	5808	5892	5256
XM_017020670	5910	5902	6951	5898	2322	5909	5923	5809	5893	5257
XM_017020672	5911	5903	5569	5899	91	5910	5924	5810	5894	5258
XM_017020675	5912	5904	5570	5900	1828	5911	5925	5811	5895	5259
XM_017020706	5913	5905	5571	5901	6756	5912	5926	5812	5896	5260
XM_017020740	5914	5906	5572	5902	4796	5913	5927	5813	5897	278
XM_017020776	5915	5907	7300	5903	7711	5914	5928	5814	5898	5261
XM_017020794	5916	5908	154	5904	2312	5915	5929	5815	5899	6775
XM_017020854	5917	5909	5573	5905	12	5916	5930	5816	5900	5262
XM_017020855	5918	5910	5574	5906	2172	5917	5931	5817	5901	6749
XM_017020877	5919	5911	5575	5907	6338	5918	5932	5818	5902	5263
XM_017020885	5920	5912	5576	5908	4797	5919	5933	5819	5903	275
XM_017020899	5921	5913	5577	5909	4798	5920	5934	5820	5904	751
XM_017020909	5922	5914	1335	5910	4799	5921	5935	303	5905	7132
XM_017020912	5923	18	5578	5911	4800	5922	5936	7653	5906	5264
XM_017021006	5924	5915	5579	5912	4801	5923	5937	7666	5907	5265
XM_017021007	5925	5916	5580	5913	903	5924	5938	5821	5908	5266
XM_017021016	5926	5917	5581	5914	6902	5925	5939	7510	5909	5267
XM_017021057	5927	5918	5582	5915	6358	5926	5940	5822	5910	1257
XM_017021067	5928	5919	230	5916	4802	5927	5941	5823	5911	6854
XM_017021080	5929	5920	5583	5917	360	5928	5942	5824	5912	5268
XM_017021125	5930	5921	5584	5918	7426	5929	5943	5825	5913	1248
XM_017021143	5931	5922	862	5919	7323	5930	5944	5826	5914	5269
XM_017021157	5932	5923	5585	5920	1360	5931	5945	5827	5915	5270
XM_017021221	5933	5924	1375	5921	1916	5932	5946	5828	5916	5271
XM_017021290	5934	5925	5586	5922	6544	5933	5947	5829	5917	5272
XM_017021393	5935	5926	5587	5923	801	5934	5948	5830	5918	5273
XM_017021435	5936	5927	5588	5924	488	5935	5949	326	5919	5274
XM_017021468	5937	5928	5589	5925	2477	5936	5950	5831	5920	984
XM_017021479	5938	5929	5590	5926	2113	5937	5951	5832	5921	5275
XM_017021568	5939	5930	5591	5927	1637	5938	5952	5833	5922	5276
XM_017021595	5940	5931	5592	5928	6359	5939	5953	5834	5923	6722
XM_017021610	5941	5932	5593	5929	4803	5940	5954	7722	5924	413
XM_017021617	5942	5933	5594	5930	934	5941	5955	5835	5925	5277
XM_017021646	5943	5934	5595	5931	1559	5942	5956	5836	5926	5278
XM_017021647	5944	5935	5596	5932	5800	5943	5957	5837	5927	5279
XM_017021654	5945	5936	5597	5933	7266	5944	5958	5838	5928	5280
XM_017021670	5946	5937	5598	5934	7016	5945	5959	5839	5929	6746
XM_017021756	5947	5938	5599	5935	691	5946	5960	5840	5930	5281
XM_017021761	5948	5939	5600	5936	6477	5947	5961	5841	5931	5282
XM_017021811	5949	5940	5601	5937	2065	5948	5962	5842	5932	5283
XM_017021839	5950	5941	5602	5938	6444	5949	5963	5843	5933	5284
XM_017021845	5951	5942	5603	5939	5455	5950	5964	5844	5934	7024
XM_017021895	5952	5943	820	5940	5621	5951	5965	5845	5935	5285
XM_017021901	5953	5944	5604	5941	5883	5952	5966	5846	5936	1302
XM_017021950	5954	5945	5605	5942	1829	5953	5967	5847	5937	5286
XM_017021978	5955	5946	5606	5943	7591	5954	5968	5848	5938	5287
XM_017021984	5956	5947	1498	5944	5537	5955	5969	5849	5939	258
XM_017022001	5957	5948	5607	5945	7442	5956	5970	5850	5940	5288
XM_017022052	5958	5949	5608	5946	4804	5957	5971	5851	5941	7681
XM_017022057	5959	5950	794	5947	5399	5958	5972	5852	5942	5289
XM_017022074	5960	5951	5609	5948	935	5959	5973	5853	5943	5290
XM_017022172	5961	5952	5610	5949	1044	5960	5974	5854	5944	6888
XM_017022173	5962	5953	5611	5950	4805	5961	5975	5855	5945	959
XM_017022179	5963	5954	5612	5951	751	5962	5976	5856	5946	7004
XM_017022197	5964	5955	5613	5952	120	5963	5977	5857	5947	5291
XM_017022206	5965	5956	5614	5953	398	5964	5978	5858	5948	5292
XM_017022239	5966	5957	438	5954	4806	5965	5979	5859	5949	540
XM_017022298	5967	5958	5615	5955	455	5966	5980	5860	5950	5293
XM_017022301	5968	5959	5616	5956	1638	5967	5981	5861	5951	1370
XM_017022432	5969	5960	5617	5957	1334	5968	5982	5862	5952	5294
XM_017022463	5970	5961	5618	5958	1239	5969	5983	5863	5953	5295
XM_017022505	5971	5962	105	5959	4807	5970	5984	304	5954	5296
XM_017022543	5972	5963	982	5960	990	5971	5985	5864	5955	1200
XM_017022635	5973	5964	5619	5961	921	5972	5986	5865	5956	7081
XM_017022637	5974	5965	831	5962	415	5973	5987	5866	5957	5297
XM_017022706	5975	5966	5620	5963	1309	5974	5988	5867	5958	5298
XM_017022711	5976	5967	5621	5964	6129	5975	5989	5868	5959	5299
XM_017022774	5977	5968	5622	264	4808	5976	5990	201	135	5300
XM_017022850	5978	5969	7069	5965	1134	5977	5991	5869	5960	5301
XM_017022859	5979	5970	5623	5966	7267	5978	5992	5870	5961	5302
XM_017022894	5980	5971	708	5967	2366	5979	5993	5871	5962	1346
XM_017022959	5981	5972	5624	5968	4809	5980	5994	5872	5963	132
XM_017022960	5982	5973	569	5969	4810	5981	5995	367	5964	5303
XM_017023020	5983	5974	295	180	1010	5982	5996	5873	5965	7025
XM_017023021	5984	5975	889	5970	5787	5983	5997	5874	5966	5304
XM_017023022	5985	5976	1380	5971	936	5984	5998	5875	5967	1181
XM_017023082	5986	5977	5625	5972	838	5985	5999	5876	5968	5305
XM_017023097	5987	5978	1101	5973	1530	5986	6000	5877	5969	5306
XM_017023105	5988	5979	5626	5974	2114	5987	6001	5878	5970	5307
XM_017023118	5989	5980	5627	5975	6076	5988	6002	5879	5971	5308
XM_017023243	5990	5981	5628	5976	1917	5989	6003	5880	5972	5309
XM_017023279	5991	5982	524	5977	1611	5990	6004	5881	5973	5310
XM_017023312	5992	5983	5629	5978	4811	5991	6005	5882	5974	502
XM_017023317	5993	5984	5630	5979	4812	5992	6006	5883	5975	296
XM_017023346	5994	5985	5631	5980	6520	5993	6007	5884	5976	5311
XM_017023376	5995	5986	5632	5981	4813	5994	6008	5885	5977	7360
XM_017023429	5996	5987	5633	5982	4814	5995	6009	7698	5978	5312
XM_017023513	5997	5988	5634	5983	1266	5996	6010	7638	5979	5313
XM_017023545	5998	5989	5635	7804	4815	5997	6011	5886	5980	5314
XM_017023563	5999	5990	140	5984	2392	5998	6012	5887	5981	5315
XM_017023575	6000	5991	137	5985	5423	5999	6013	5888	5982	5316
XM_017023660	6001	5992	5636	5986	7258	6000	6014	5889	5983	5317
XM_017023703	6002	5993	5637	5987	6031	6001	6015	5890	5984	5318
XM_017023717	6003	5994	5638	5988	514	6002	6016	5891	5985	5319
XM_017023775	6004	59	5639	5989	7471	6003	6017	5892	5986	5320
XM_017023779	6005	5995	5640	5990	1045	6004	6018	5893	5987	5321
XM_017023815	6006	5996	5641	5991	873	6005	6019	5894	5988	5322
XM_017023882	6007	5997	5642	5992	6611	6006	6020	5895	5989	6847
XM_017023895	6008	5998	5643	5993	904	6007	6021	5896	5990	5323
XM_017023908	6009	5999	5644	5994	225	6008	6022	5897	5991	835
XM_017023912	6010	6000	5645	5995	2179	6009	6023	5898	5992	5324
XM_017023964	6011	6001	5646	5996	4816	6010	6024	5899	5993	7560
XM_017023984	6012	6002	128	5997	5736	6011	6025	5900	5994	5325
XM_017024017	6013	6003	5647	5998	6822	6012	6026	5901	5995	5326
XM_017024019	6014	6004	477	5999	4817	6013	6027	5902	5996	5327
XM_017024026	6015	6005	722	6000	4818	6014	6028	5903	5997	5328
XM_017024027	6016	6006	723	6001	4819	6015	6029	308	5998	6933
XM_017024033	6017	6007	5648	6002	7123	6016	6030	5904	5999	5329
XM_017024116	6018	6008	5649	6003	7611	6017	6031	7628	6000	5330
XM_017024141	6019	6009	5650	6004	557	6018	6032	5905	6001	5331
XM_017024149	6020	6010	5651	6005	1531	6019	6033	5906	6002	5332
XM_017024160	6021	6011	5652	6006	1267	6020	6034	5907	6003	5333
XM_017024187	6022	6012	5653	6007	6775	6021	6035	5908	6004	5334
XM_017024243	6023	6013	5654	6008	310	6022	6036	5909	6005	5335
XM_017024259	6024	6014	1194	116	4820	6023	6037	5910	6006	5336
XM_017024270	6025	6015	5655	6009	4821	6024	6038	5911	6007	7520
XM_017024279	6026	6016	545	6010	4822	6025	6039	5912	6008	911
XM_017024280	6027	6017	5656	6011	489	6026	6040	5913	6009	5337
XM_017024290	6028	6018	606	6012	4823	6027	6041	5914	6010	5338
XM_017024325	6029	6019	5657	6013	7229	6028	6042	5915	6011	5339
XM_017024346	6030	6020	1102	6014	6217	6029	6043	5916	6012	5340
XM_017024354	6031	6021	5658	6015	1830	6030	6044	5917	6013	6725
XM_017024373	6032	6022	1245	6016	1054	6031	6045	5918	6014	5341
XM_017024407	6033	6023	5659	6017	4824	6032	6046	5919	6015	354
XM_017024427	6034	6024	5660	6018	6939	6033	6047	5920	6016	5342
XM_017024431	6035	6025	5661	6019	544	6034	6048	5921	6017	5343
XM_017024486	6036	6026	5662	6020	1056	6035	6049	5922	6018	5344
XM_017024523	6037	6027	274	6021	4825	6036	6050	5923	6019	5345
XM_017024560	6038	6028	5663	6022	1918	6037	6051	5924	6020	5346
XM_017024624	6039	6029	5664	6023	6130	6038	6052	5925	6021	5347
XM_017024645	6040	6030	5665	6024	1831	6039	6053	5926	6022	5348
XM_017024761	6041	6031	97	6025	4826	6040	6054	5927	6023	5349
XM_017024847	6042	6032	426	6026	5414	6041	6055	5928	6024	5350
XM_017024857	6043	6033	264	6027	4827	6042	6056	144	6025	6713
XM_017024896	6044	6034	892	6028	2188	6043	6057	5929	6026	5351
XM_017024901	6045	6035	874	6029	4828	6044	6058	5930	6027	5352
XM_017024980	6046	6036	5666	6030	6360	6045	6059	5931	6028	5353
XM_017024987	6047	6037	386	6031	4829	6046	6060	5932	6029	5354
XM_017025013	6048	6038	5667	6032	6032	6047	6061	5933	6030	5355
XM_017025129	6049	6039	5668	6033	2275	6048	6062	5934	6031	5356
XM_017025152	6050	6040	5669	6034	214	6049	6063	5935	6032	5357
XM_017025165	6051	6041	5670	6035	1832	6050	6064	5936	6033	5358
XM_017025237	6052	6042	5671	6036	182	6051	6065	297	6034	5359
XM_017025280	6053	6043	5672	6037	6695	6052	6066	5937	6035	5360
XM_017025281	6054	6044	1277	6038	6478	6053	6067	5938	6036	1336
XM_017025296	6055	6045	5673	6039	6503	6054	6068	5939	6037	5361
XM_017025502	6056	6046	5674	6040	637	6055	6069	5940	6038	5362
XM_017025511	6057	6047	1112	6041	4830	6056	6070	5941	6039	5363
XM_017025535	6058	6048	5675	6042	4831	6057	6071	5942	6040	7774
XM_017025536	6059	6049	5676	6043	4832	6058	6072	5943	6041	7628
XM_017025538	6060	6050	5677	6044	4833	6059	6073	5944	6042	7644
XM_017025574	6061	6051	5678	6045	7083	6060	6074	5945	6043	1338
XM_017025873	6062	6052	5679	6046	1498	6061	6075	5946	6044	5364
XM_017025892	6063	6053	5680	6047	385	6062	6076	5947	6045	5365
XM_017025919	6064	6054	144	6048	2495	6063	6077	5948	6046	506
XM_017026044	6065	6055	5681	6049	1560	6064	6078	5949	6047	5366
XM_017026090	6066	6056	5682	6050	814	6065	6079	5950	6048	5367
XM_017026111	6067	6057	5683	6051	4834	6066	6080	130	6049	5368
XM_017026179	6068	6058	5684	6052	392	6067	6081	5951	6050	6804
XM_017026243	6069	6059	5685	6053	373	6068	6082	5952	6051	5369
XM_017026297	6070	6060	389	6054	4835	6069	6083	5953	6052	5370
XM_017026301	6071	6061	5686	6055	6160	6070	6084	5954	6053	5371
XM_017026313	6072	6062	5687	6056	1011	6071	6085	5955	6054	5372
XM_017026331	6073	6063	5688	6057	1208	6072	6086	5956	6055	5373
XM_017026354	6074	6064	5689	6058	6185	6073	6087	5957	6056	5374
XM_017026449	6075	6065	311	6059	4836	6074	6088	5958	6057	5375
XM_017026458	6076	6066	5690	6060	2115	6075	6089	5959	6058	5376
XM_017026468	6077	6067	5691	6061	5924	6076	6090	278	6059	5377
XM_017026481	6078	6068	5692	6062	4837	6077	6091	5960	6060	765
XM_017026500	6079	6069	5693	6063	1268	6078	6092	5961	6061	5378
XM_017026536	6080	6070	1280	6064	6903	6079	6093	5962	6062	5379
XM_017026554	6081	6071	5694	6065	1499	6080	6094	5963	6063	5380
XM_017026557	6082	6072	927	6066	4838	6081	6095	5964	6064	5381
XM_017026605	6083	6073	5695	6067	7500	6082	6096	5965	6065	5382
XM_017026709	6084	6074	5696	6068	46	6083	6097	5966	6066	5383
XM_017026741	6085	6075	1346	6069	7106	6084	6098	5967	6067	1377
XM_017026771	6086	6076	1172	6070	4839	6085	6099	5968	6068	5384
XM_017026805	6087	6077	1258	6071	4840	6086	6100	5969	6069	5385
XM_017026811	6088	6078	945	6072	1669	6087	6101	5970	6070	7546
XM_017026812	6089	6079	7052	6073	5793	6088	6102	5971	6071	7576
XM_017026822	6090	6080	822	6074	4841	6089	6103	5972	6072	5386
XM_017026833	6091	6081	5697	6075	5925	6090	6104	5973	6073	6806
XM_017026852	6092	6082	5698	6076	4842	6091	6105	5974	6074	7443
XM_017026863	6093	6083	1045	6077	7290	6092	6106	5975	6075	5387
XM_017026869	6094	6084	1371	6078	423	6093	6107	5976	6076	5388
XM_017026872	6095	6085	5699	6079	4843	6094	6108	146	6077	5389
XM_017026873	69	6086	5700	280	2456	6095	6109	299	6078	5390
XM_017026923	6096	6087	1178	6080	4844	6096	6110	5977	6079	5391
XM_017027021	6097	6088	5701	6081	239	6097	6111	5978	6080	5392
XM_017027055	6098	6089	5702	6082	7030	6098	6112	5979	6081	5393
XM_017027092	6099	6090	784	6083	1970	6099	6113	5980	6082	1266
XM_017027110	6100	6091	5703	6084	7039	6100	6114	269	6083	7448
XM_017027113	6101	6092	5704	6085	407	6101	6115	5981	6084	5394
XM_017027131	6102	6093	5705	6086	7316	6102	6116	5982	6085	5395
XM_017027189	6103	6094	5706	6087	959	6103	6117	5983	6086	6964
XM_017027232	6104	6095	7231	6088	7459	6104	6118	5984	6087	5396
XM_017027260	6105	6096	5707	6089	7595	6105	6119	5985	6088	5397
XM_017027284	6106	6097	736	6090	4845	6106	6120	5986	6089	1341
XM_017027314	6107	6098	570	6091	4846	6107	6121	5987	6090	5398
XM_017027336	6108	6099	5708	6092	805	6108	6122	312	6091	5399
XM_017027356	6109	6100	5709	6093	1696	6109	6123	5988	6092	5400
XM_017027357	6110	6101	5710	6094	4847	6110	6124	5989	6093	7361
XM_017027358	6111	6102	5711	6095	7339	6111	6125	5990	6094	5401
XM_017027362	6112	6103	7733	6096	4848	6112	6126	5991	6095	5402
XM_017027388	6113	6104	5712	6097	259	6113	6127	5992	6096	5403
XM_017027389	6114	6105	5713	6098	2468	6114	6128	195	6097	1079
XM_017027396	6115	6106	5714	6099	6521	6115	6129	5993	6098	5404
XM_017027414	110	6107	5715	298	4849	6116	6130	5994	6099	5405
XM_017027504	6116	6108	5716	6100	4850	6117	6131	5995	6100	7065
XM_017027551	6117	6109	216	6101	4851	6118	6132	5996	6101	5406
XM_017027568	6118	6110	5717	6102	2222	6119	6133	5997	6102	5407
XM_017027573	6119	6111	618	6103	2194	6120	6134	5998	6103	1311
XM_017027591	6120	6112	5718	6104	1191	6121	6135	5999	6104	707
XM_017027692	6121	6113	5719	6105	5926	6122	6136	6000	6105	5408
XM_017027728	6122	6114	5720	6106	7342	6123	6137	6001	6106	5409
XM_017027747	6123	6115	5721	6107	416	6124	6138	6002	6107	5410
XM_017027754	6124	6116	1029	6108	4852	6125	6139	6003	6108	5411
XM_017027784	6125	6117	704	6109	1532	6126	6140	6004	6109	5412
XM_017027839	6126	6118	5722	6110	4853	6127	6141	6005	6110	678
XM_017027845	6127	6119	33	6111	4854	6128	6142	6006	6111	5413
XM_017027873	6128	6120	5723	6112	6522	6129	6143	6007	6112	5414
XM_017027893	6129	6121	5724	6113	1833	6130	6144	6008	6113	5415
XM_017027950	6130	6122	960	6114	4855	6131	6145	6009	6114	5416
XM_017027970	6131	6123	5725	6115	6309	6132	6146	6010	6115	919
XM_017027990	6132	6124	759	6116	5500	6133	6147	6011	6116	5417
XM_017028003	6133	6125	256	6117	4856	6134	6148	6012	6117	5418
XM_017028060	6134	6126	5726	6118	1319	6135	6149	6013	6118	7038
XM_017028075	6135	6127	952	6119	4857	6136	6150	6014	6119	5419
XM_017028086	6136	6128	5727	113	4858	6137	6151	6015	6120	5420
XM_017028088	6137	6129	5728	6120	4859	6138	6152	52	6121	5421
XM_017028092	6138	6130	5729	6121	4860	6139	6153	6016	6122	7095
XM_017028104	6139	6131	5730	6122	820	6140	6154	6017	6123	5422
XM_017028107	6140	6132	5731	6123	4861	6141	6155	6018	6124	717
XM_017028127	6141	6133	7340	6124	6389	6142	6156	6019	6125	5423
XM_017028183	6142	6134	5732	6125	6103	6143	6157	6020	6126	1415
XM_017028367	6143	6135	5733	6126	4862	6144	6158	6021	6127	594
XM_017028374	6144	6136	1132	6127	4863	6145	6159	6022	6128	5424
XM_017028385	6145	6137	5734	6128	2592	6146	6160	6023	6129	376
XM_017028406	6146	6138	5735	6129	4864	6147	6161	6024	6130	791
XM_017028412	6147	6139	990	6130	4865	6148	6162	6025	6131	5425
XM_017028465	6148	6140	7496	6131	4866	6149	6163	6026	6132	5426
XM_017028526	6149	6141	7787	6132	4867	6150	6164	7686	6133	6796
XM_017028533	6150	6142	5736	6133	6696	6151	6165	6027	6134	5427
XM_017028539	6151	6143	3	6134	1085	6152	6166	6028	6135	5428
XM_017028541	6152	6144	263	6135	4868	6153	6167	6029	6136	5429
XM_017028569	6153	6145	5737	6136	7700	6154	6168	6030	6137	5430
XM_017028641	6154	6146	1575	6137	1414	6155	6169	6031	6138	5431
XM_017028642	6155	6147	5738	167	2525	6156	6170	6032	6139	5432
XM_017028736	6156	6148	5739	6138	6649	6157	6171	6033	6140	5433
XM_017028750	6157	6149	5740	6139	1795	6158	6172	6034	6141	5434
XM_017028803	6158	6150	231	6140	4869	6159	6173	6035	6142	6855
XM_017028806	6159	6151	257	6141	4870	6160	6174	6036	6143	6776
XM_017028808	6160	6152	5741	6142	839	6161	6175	6037	6144	5435
XM_017028821	6161	6153	267	6143	2316	6162	6176	6038	6145	5436
XM_017028889	6162	6154	5742	6144	638	6163	6177	6039	6146	5437
XM_017028924	6163	6155	5743	6145	679	6164	6178	6040	6147	5438
XM_017028927	6164	6156	1124	6146	816	6165	6179	6041	6148	5439
XM_017028935	6165	6157	621	6147	4871	6166	6180	6042	6149	6875
XM_017028948	6166	6158	5744	239	7017	6167	6181	6043	6150	5440
XM_017028951	6167	6159	5745	230	1392	6168	6182	6044	6151	7418
XM_017029011	6168	6160	5746	6148	1639	6169	6183	6045	6152	5441
XM_017029023	6169	6161	5747	6149	5728	6170	6184	6046	6153	5442
XM_017029034	6170	6162	219	6150	4872	6171	6185	6047	6154	6690
XM_017029164	6171	6163	5748	47	2577	6172	6186	6048	68	920
XM_017029174	6172	6164	7289	6151	670	6173	6187	6049	6155	5443
XM_017029237	6173	6165	7196	6152	6279	6174	6188	6050	6156	5444
XM_017029238	6174	6166	5749	6153	2116	6175	6189	6051	6157	5445
XM_017029262	6175	6167	5750	6154	7119	6176	6190	6052	6158	5446
XM_017029294	6176	6168	5751	6155	222	6177	6191	6053	6159	5447
XM_017029351	6177	6169	5752	6156	2027	6178	6192	6054	6160	5448
XM_017029378	6178	6170	5753	6157	94	6179	6193	6055	6161	5449
XM_017029423	6179	6171	5754	6158	6339	6180	6194	6056	6162	5450
XM_017029487	6180	6172	5755	6159	1500	6181	6195	6057	6163	5451
XM_017029568	6181	6173	5756	6160	639	6182	6196	6058	6164	5452
XM_017029575	6182	6174	1584	6161	6077	6183	6197	6059	6165	5453
XM_017029596	6183	6175	5757	6162	1086	6184	6198	6060	6166	5454
XM_017029597	6184	6176	5758	6163	1919	6185	6199	6061	6167	5455
XM_017029653	6185	6177	5759	6164	6361	6186	6200	6062	6168	1256
XM_017029658	6186	6178	5760	6165	822	6187	6201	6063	6169	5456
XM_017029722	6187	6179	5761	6166	1101	6188	6202	6064	6170	5457
XM_017029755	6188	6180	5762	6167	4873	6189	6203	6065	6171	176
XM_017029779	6189	6181	5763	6168	2416	6190	6204	6066	6172	5458
XM_017029789	6190	6182	5764	6169	6340	6191	6205	6067	6173	5459
XM_017029803	6191	6183	7800	6170	2143	6192	6206	6068	6174	322
XM_017029855	6192	6184	5765	6171	509	6193	6207	6069	6175	5460
XM_017029904	6193	6185	5766	6172	4874	6194	6208	6070	6176	489
XM_017029908	146	6186	1401	6173	4875	6195	6209	6071	6177	6986
XM_017029920	6194	6187	5767	6174	293	6196	6210	6072	6178	5461
XM_017029952	6195	6188	7543	6175	5983	6197	6211	6073	6179	5462
XM_017030005	6196	6189	5768	6176	7107	6198	6212	6074	6180	6
XM_017030006	6197	6190	101	6177	4876	6199	6213	6075	6181	5463
XM_017030015	6198	6191	5769	6178	408	6200	6214	6076	6182	5464
XM_017030171	6199	6192	571	6179	4877	6201	6215	6077	6183	5465
XM_024446115	6200	6193	5770	6180	1433	6202	6216	6078	6184	5466
XM_024446129	6201	6194	5771	6181	279	6203	6217	6079	6185	5467
XM_024446140	6202	6195	5772	6182	1501	6204	6218	6080	6186	5468
XM_024446160	6203	6196	5773	6183	772	6205	6219	6081	6187	5469
XM_024446165	6204	6197	5774	6184	991	6206	6220	6082	6188	5470
XM_024446169	6205	6198	5775	6185	1876	6207	6221	6083	6189	1264
XM_024446248	6206	6199	118	6186	4878	6208	6222	6084	6190	5471
XM_024446283	6207	6200	7096	6187	4879	6209	6223	6085	6191	645
XM_024446288	6208	6201	1558	7768	4880	6210	6224	6086	6192	5472
XM_024446308	6209	6202	5776	6188	6008	6211	6225	6087	6193	5473
XM_024446315	6210	6203	1359	6189	905	6212	6226	6088	6194	5474
XM_024446350	6211	6204	5777	6190	7268	6213	6227	6089	6195	5475
XM_024446351	6212	6205	5778	104	2489	6214	6228	6090	103	6934
XM_024446385	6213	6206	5779	6191	1533	6215	6229	6091	6196	7168
XM_024446421	6214	6207	383	6192	6310	6216	6230	6092	6197	1244
XM_024446444	6215	6208	452	6193	4881	6217	6231	6093	6198	5476
XM_024446464	6216	6209	1619	6194	164	6218	6232	6094	6199	5477
XM_024446496	6217	6210	5780	6195	6445	6219	6233	6095	6200	5478
XM_024446532	46	6211	5781	97	4882	6220	6234	21	6201	5479
XM_024446613	6218	6212	5782	6196	6697	6221	6235	6096	6202	5480
XM_024446648	6219	6213	5783	6197	4883	6222	6236	6097	6203	7781
XM_024446660	6220	6214	5784	6198	5648	6223	6237	6098	6204	5481
XM_024446695	6221	6215	7117	6199	2145	6224	6238	138	6205	5482
XM_024446723	6222	6216	958	6200	4884	6225	6239	6099	6206	5483
XM_024446762	6223	6217	5785	6201	1169	6226	6240	6100	6207	5484
XM_024446785	6224	6218	5786	6202	450	6227	6241	6101	6208	5485
XM_024446814	6225	6219	655	6203	4885	6228	6242	6102	6209	5486
XM_024446822	6226	6220	5787	6204	6757	6229	6243	6103	6210	5487
XM_024446829	6227	6221	5788	6205	746	6230	6244	6104	6211	6717
XM_024446837	6228	6222	5789	6206	7609	6231	6245	6105	6212	5488
XM_024446844	6229	6223	84	6207	4886	6232	6246	6106	6213	5489
XM_024446849	6230	6224	5790	6208	2176	6233	6247	6107	6214	5490
XM_024446854	6231	6225	5791	6209	1209	6234	6248	6108	6215	5491
XM_024446858	6232	6226	5792	6210	137	6235	6249	6109	6216	5492
XM_024446891	6233	6227	5793	6211	6311	6236	6250	6110	6217	5493
XM_024446932	6234	6228	763	6212	4887	6237	6251	6111	6218	5494
XM_024446958	6235	6229	5794	6213	7022	6238	6252	6112	6219	5495
XM_024446981	6236	6230	212	6214	4888	6239	6253	6113	6220	5496
XM_024447009	6237	6231	5795	6215	4889	6240	6254	7777	6221	5497
XM_024447048	6238	6232	937	6216	7398	6241	6255	6114	6222	5498
XM_024447131	6239	6233	5796	6217	1796	6242	6256	6115	6223	5499
XM_024447164	6240	6234	5797	6218	6841	6243	6257	6116	6224	5500
XM_024447234	6241	6235	5798	6219	1244	6244	6258	6117	6225	365
XM_024447351	6242	6236	5799	6220	1102	6245	6259	6118	6226	5501
XM_024447353	6243	6237	7109	6221	627	6246	6260	6119	6227	921
XM_024447378	6244	6238	5800	6222	2213	6247	6261	6120	6228	5502
XM_024447385	6245	6239	5801	6223	4890	6248	6262	6121	6229	7295
XM_024447395	6246	6240	78	6224	4891	6249	6263	6122	6230	5503
XM_024447431	6247	6241	5802	6225	1612	6250	6264	6123	6231	5504
XM_024447455	6248	6242	5803	6226	4892	6251	6265	6124	6232	766
XM_024447476	6249	6243	5804	6227	6823	6252	6266	6125	6233	5505
XM_024447478	6250	6244	5805	209	4893	6253	6267	6126	6234	5506
XM_024447488	6251	6245	5806	165	2028	6254	6268	6127	6235	5507
XM_024447571	6252	6246	1523	6228	6479	6255	6269	6128	6236	6810
XM_024447584	6253	6247	525	6229	4894	6256	6270	6129	6237	5508
XM_024447586	6254	6248	5807	6230	1222	6257	6271	6130	6238	5509
XM_024447606	6255	6249	5808	6231	4895	6258	6272	6131	6239	7124
XM_024447636	6256	6250	5809	6232	7665	6259	6273	6132	6240	5510
XM_024447678	6257	6251	5810	6233	2099	6260	6274	6133	6241	5511
XM_024447712	6258	6252	1161	6234	2029	6261	6275	6134	6242	5512
XM_024447726	6259	6253	5811	6235	5884	6262	6276	6135	6243	1340
XM_024447727	6260	6254	5812	6236	7269	6263	6277	6136	6244	5513
XM_024447735	6261	6255	5813	6237	866	6264	6278	6137	6245	5514
XM_024447892	6262	6256	5814	6238	6758	6265	6279	6138	6246	5515
XM_024447901	6263	6257	5815	6239	6390	6266	6280	6139	6247	5516
XM_024447914	6264	6258	5816	6240	7291	6267	6281	6140	6248	5517
XM_024447922	6265	6259	5817	6241	726	6268	6282	6141	6249	5518
XM_024447928	6266	6260	5818	6242	7053	6269	6283	6142	6250	5519
XM_024447970	6267	6261	124	6243	5825	6270	6284	6143	6251	7130
XM_024447994	6268	6262	5819	6244	4896	6271	6285	7738	6252	886
XM_024448027	210	6263	938	6245	2124	6272	6286	256	6253	5520
XM_024448037	6269	6264	5820	6246	4897	6273	6287	6144	6254	7468
XM_024448126	6270	6265	5821	6247	1971	6274	6288	6145	6255	5521
XM_024448149	6271	6266	5822	6248	6698	6275	6289	6146	6256	5522
XM_024448151	6272	6267	5823	6249	680	6276	6290	6147	6257	5523
XM_024448238	6273	6268	5824	6250	351	6277	6291	6148	6258	5524
XM_024448281	6274	6269	7541	6251	4898	6278	6292	7540	6259	5525
XM_024448309	6275	6270	191	6252	4899	6279	6293	6149	6260	5526
XM_024448321	6276	6271	5825	6253	6842	6280	6294	6150	6261	5527
XM_024448354	6277	6272	5826	6254	2100	6281	6295	6151	6262	5528
XM_024448376	6278	6273	481	6255	4900	6282	6296	6152	6263	5529
XM_024448402	6279	6274	5827	6256	4901	6283	6297	6153	6264	483
XM_024448428	6280	6275	5828	6257	1393	6284	6298	6154	6265	5530
XM_024448431	6281	6276	5829	6258	7523	6285	6299	253	6266	5531
XM_024448436	6282	6277	5830	224	2272	6286	6300	6155	6267	5532
XM_024448440	6283	6278	421	6259	4902	6287	6301	6156	6268	5533
XM_024448449	6284	6279	288	6260	5737	6288	6302	6157	6269	1242
XM_024448462	6285	6280	7023	6261	4903	6289	6303	6158	6270	393
XM_024448502	6286	6281	5831	6262	747	6290	6304	6159	6271	5534
XM_024448522	6287	6282	5832	6263	409	6291	6305	6160	6272	458
XM_024448525	6288	6283	5833	6264	7230	6292	6306	6161	6273	5535
XM_024448565	6289	6284	5834	6265	6776	6293	6307	6162	6274	5536
XM_024448586	6290	6285	546	6266	4904	6294	6308	6163	6275	5537
XM_024448605	6291	6286	5835	6267	115	6295	6309	6164	6276	5538
XM_024448606	6292	6287	5836	6268	1670	6296	6310	6165	6277	5539
XM_024448692	6293	6288	5837	6269	4905	6297	6311	6166	6278	929
XM_024448716	6294	6289	5838	6270	6396	6298	6312	6167	6279	5540
XM_024448724	6295	6290	5839	6271	1920	6299	6313	6168	6280	1113
XM_024448757	6296	6291	5840	6272	681	6300	6314	6169	6281	5541
XM_024448764	6297	6292	116	6273	2588	6301	6315	6170	6282	5542
XM_024448780	6298	6293	478	6274	4906	6302	6316	6171	6283	5543
XM_024448801	6299	6294	5841	6275	763	6303	6317	6172	6284	5544
XM_024448832	6300	6295	7195	6276	4907	6304	6318	6173	6285	524
XM_024448863	6301	6296	5842	6277	5833	6305	6319	6174	6286	5545
XM_024448871	6302	6297	5843	6278	5927	6306	6320	6175	6287	5546
XM_024448874	6303	6298	5844	6279	427	6307	6321	6176	6288	5547
XM_024448960	154	6299	7074	6280	4908	6308	6322	6177	6289	5548
XM_024448999	6304	6300	7596	6281	4909	6309	6323	6178	6290	5549
XM_024449018	6305	6301	330	6282	4910	6310	6324	6179	6291	6827
XM_024449112	6306	6302	5845	6283	6545	6311	6325	6180	6292	5550
XM_024449130	6307	6303	5846	6284	682	6312	6326	6181	6293	5551
XM_024449171	6308	6304	5847	6285	7778	6313	6327	6182	6294	622
XM_024449175	6309	6305	5848	6286	671	6314	6328	6183	6295	6777
XM_024449179	6310	6306	5849	6287	906	6315	6329	6184	6296	872
XM_024449180	6311	6307	5850	6288	1921	6316	6330	6185	6297	5552
XM_024449212	6312	6308	5851	6289	1065	6317	6331	6186	6298	5553
XM_024449229	6313	6309	5852	6290	4911	6318	6332	6187	6299	465
XM_024449247	6314	6310	5853	6291	610	6319	6333	6188	6300	5554
XM_024449371	6315	6311	5854	20	4912	6320	6334	6189	6301	1394
XM_024449407	6316	6312	5855	6292	1046	6321	6335	6190	6302	5555
XM_024449415	6317	6313	5856	6293	7715	6322	6336	6191	6303	5556
XM_024449420	6318	6314	5857	6294	6676	6323	6337	6192	6304	5557
XM_024449426	6319	6315	5858	6295	1640	6324	6338	6193	6305	5558
XM_024449429	6320	6316	5859	6296	6824	6325	6339	6194	6306	5559
XM_024449458	6321	6317	471	6297	4913	6326	6340	6195	6307	6859
XM_024449475	6322	6318	5860	6298	4914	6327	6341	6196	6308	7218
XM_024449656	6323	6319	5861	6299	2066	6328	6342	6197	6309	5560
XM_024449713	6324	6320	5862	6300	1120	6329	6343	6198	6310	5561
XM_024449807	6325	6321	5863	6301	6391	6330	6344	6199	6311	352
XM_024449818	6326	6322	1453	6302	7585	6331	6345	6200	6312	5562
XM_024449913	6327	6323	5864	6303	6218	6332	6346	6201	6313	5563
XM_024449957	6328	6324	5865	6304	1087	6333	6347	6202	6314	5564
XM_024449988	6329	6325	5866	6305	1210	6334	6348	6203	6315	6848
XM_024450001	6330	6326	5867	6306	4915	6335	6349	6204	6316	7805
XM_024450041	6331	6327	922	6307	4916	6336	6350	6205	6317	5565
XM_024450072	6332	6328	532	6308	2229	6337	6351	6206	6318	5566
XM_024450131	6333	6329	5868	6309	2146	6338	6352	6207	6319	7272
XM_024450156	6334	6330	5869	6310	4917	6339	6353	6208	6320	537
XM_024450159	6335	6331	5870	6311	7446	6340	6354	6209	6321	5567
XM_024450188	6336	6332	5871	6312	840	6341	6355	6210	6322	5568
XM_024450190	6337	6333	1496	6313	5730	6342	6356	6211	6323	5569
XM_024450200	6338	6334	5872	6314	640	6343	6357	6212	6324	5570
XM_024450213	6339	6335	5873	6315	1170	6344	6358	6213	6325	5571
XM_024450219	6340	6336	5874	6316	6219	6345	6359	6214	6326	5572
XM_024450262	6341	6337	5875	6317	5962	6346	6360	6215	6327	5573
XM_024450477	6342	6338	1388	6318	7520	6347	6361	6216	6328	5574
XM_024450502	6343	6339	518	6319	294	6348	6362	6217	6329	5575
XM_024450539	6344	6340	5876	6320	1171	6349	6363	6218	6330	5576
XM_024450544	6345	6341	5877	6321	1310	6350	6364	6219	6331	5577
XM_024450556	6346	6342	5878	6322	473	6351	6365	6220	6332	5578
XM_024450562	6347	6343	5879	6323	87	6352	6366	6221	6333	5579
XM_024450574	6348	6344	5880	6324	6630	6353	6367	6222	6334	5580
XM_024450582	6349	6345	5881	6325	7574	6354	6368	6223	6335	5581
XM_024450712	6350	6346	167	6326	4918	6355	6369	6224	6336	5582
XM_024450736	6351	6347	5882	6327	6131	6356	6370	6225	6337	5583
XM_024450747	7794	6348	5883	6328	4919	6357	6371	6226	6338	135
XM_024450768	6352	6349	5884	6329	341	6358	6372	6227	6339	5584
XM_024450778	6353	6350	1303	6330	4920	6359	6373	6228	6340	7345
XM_024450803	6354	6351	170	6331	4921	6360	6374	246	6341	5585
XM_024450804	6355	6352	5885	6332	1012	6361	6375	6229	6342	5586
XM_024450814	6356	6353	1069	6333	1029	6362	6376	6230	6343	5587
XM_024450913	6357	6354	5886	6334	7270	6363	6377	6231	6344	5588
XM_024450914	6358	6355	5887	6335	952	6364	6378	6232	6345	5589
XM_024450994	6359	6356	7436	6336	1641	6365	6379	6233	6346	5590
XM_024451016	6360	6357	7621	6337	4922	6366	6380	6234	6347	5591
XM_024451019	6361	6358	5888	6338	388	6367	6381	6235	6348	5592
XM_024451024	6362	6359	1267	6339	4923	6368	6382	6236	6349	5593
XM_024451026	6363	6360	5889	6340	7464	6369	6383	6237	6350	5594
XM_024451046	6364	6361	5890	6341	157	6370	6384	6238	6351	940
XM_024451050	6365	6362	5891	6342	2273	6371	6385	6239	6352	5595
XM_024451053	6366	6363	5892	6343	2067	6372	6386	6240	6353	5596
XM_024451055	6367	6364	1230	6344	4924	6373	6387	6241	6354	5597
XM_024451060	6368	6365	5893	6345	1361	6374	6388	6242	6355	5598
XM_024451065	6369	6366	577	6346	4925	6375	6389	6243	6356	7328
XM_024451070	6370	6367	5894	6347	1754	6376	6390	6244	6357	5599
XM_024451105	6371	6368	5895	6348	802	6377	6391	6245	6358	5600
XM_024451166	6372	6369	1630	6349	1755	6378	6392	6246	6359	5601
XM_024451224	6373	6370	246	6350	4926	6379	6393	6247	6360	5602
XM_024451227	6374	6371	5896	6351	992	6380	6394	6248	6361	7293
XM_024451242	6375	6372	737	6352	4927	6381	6395	6249	6362	5603
XM_024451287	6376	6373	5897	6353	7057	6382	6396	6250	6363	5604
XM_024451291	6377	6374	5898	6354	7112	6383	6397	6251	6364	5605
XM_024451310	6378	6375	5899	6355	1797	6384	6398	6252	6365	5606
XM_024451328	6379	6376	5900	6356	7785	6385	6399	6253	6366	7548
XM_024451332	6380	6377	5901	6357	183	6386	6400	6254	6367	5607
XM_024451346	6381	6378	1019	6358	6446	6387	6401	6255	6368	5608
XM_024451473	6382	6379	432	6359	4928	6388	6402	6256	6369	5609
XM_024451479	6383	6380	5902	6360	6033	6389	6403	6257	6370	5610
XM_024451517	6384	6381	1301	6361	7138	6390	6404	7544	6371	5611
XM_024451536	6385	6382	5903	6362	960	6391	6405	280	6372	5612
XM_024451544	6386	6383	316	6363	1561	6392	6406	6258	6373	1133
XM_024451548	6387	6384	1434	6364	1103	6393	6407	6259	6374	5613
XM_024451561	6388	6385	5904	6365	1922	6394	6408	6260	6375	5614
XM_024451629	6389	6386	1143	6366	4929	6395	6409	6261	6376	5615
XM_024451634	6390	6387	5905	6367	7472	6396	6410	6262	6377	5616
XM_024451636	6391	6388	911	6368	4930	6397	6411	6263	6378	6943
XM_024451657	6392	6389	5906	6369	4931	6398	6412	391	6379	7240
XM_024451670	6393	6390	5907	6370	7563	6399	6413	6264	6380	1226
XM_024451687	6394	6391	5908	6371	119	6400	6414	6265	6381	5617
XM_024451694	6395	6392	7429	6372	1051	6401	6415	6266	6382	5618
XM_024451706	6396	6393	5909	6373	223	6402	6416	6267	6383	5619
XM_024451734	6397	6394	5910	6374	857	6403	6417	6268	6384	5620
XM_024451751	6398	6395	5911	6375	1052	6404	6418	6269	6385	5621
XM_024451752	6399	6396	215	6376	2480	6405	6419	6270	6386	5622
XM_024451771	6400	6397	5912	6377	6132	6406	6420	6271	6387	5623
XM_024451774	6401	6398	5913	6378	7327	6407	6421	6272	6388	5624
XM_024451806	6402	6399	5914	6379	6078	6408	6422	6273	6389	5625
XM_024451808	6403	6400	7103	6380	5963	6409	6423	6274	6390	5626
XM_024451830	6404	6401	5915	6381	6777	6410	6424	6275	6391	5627
XM_024451860	6405	6402	299	6382	4932	6411	6425	6276	6392	5628
XM_024451871	6406	6403	5916	6383	1292	6412	6426	7596	6393	5629
XM_024451877	6407	6404	1435	6384	7424	6413	6427	7620	6394	653
XM_024451933	6408	6405	996	6385	5783	6414	6428	6277	6395	5630
XM_024451954	6409	6406	5917	6386	6964	6415	6429	6278	6396	5631
XM_024451970	6410	6407	188	6387	2373	6416	6430	6279	6397	549
XM_024451998	6411	6408	5918	6388	583	6417	6431	6280	6398	5632
XM_024452011	6412	6409	5919	6389	4933	6418	6432	6281	6399	7393
XM_024452023	6413	6410	5920	6390	1013	6419	6433	6282	6400	5633
XM_024452027	6414	6411	5921	6391	4934	6420	6434	6283	6401	105
XM_024452155	6415	6412	5922	6392	6612	6421	6435	6284	6402	5634
XM_024452163	6416	6413	5923	6393	6778	6422	6436	6285	6403	5635
XM_024452195	6417	6414	5924	6394	2321	6423	6437	6286	6404	5636
XM_024452198	6418	6415	849	6395	4935	6424	6438	6287	6405	5637
XM_024452218	6419	6416	7302	6396	4936	6425	6439	6288	6406	7332
XM_024452238	6420	6417	5925	6397	7084	6426	6440	6289	6407	1303
XM_024452239	6421	6418	5926	6398	4937	6427	6441	230	6408	5638
XM_024452275	6422	6419	5927	253	454	6428	6442	6290	6409	7012
XM_024452294	6423	6420	7210	6399	6620	6429	6443	6291	6410	5639
XM_024452302	6424	6421	5928	6400	2117	6430	6444	6292	6411	5640
XM_024452338	6425	6422	5929	6401	389	6431	6445	7648	6412	5641
XM_024452357	6426	6423	5930	6402	4938	6432	6446	6293	6413	387
XM_024452368	6427	6424	5931	6403	953	6433	6447	6294	6414	5642
XM_024452383	6428	6425	5932	6404	6799	6434	6448	6295	6415	5643
XM_024452394	6429	6426	5933	6405	7473	6435	6449	6296	6416	5644
XM_024452399	6430	6427	5934	6406	474	6436	6450	6297	6417	5645
XM_024452421	6431	6428	7706	6407	4939	6437	6451	302	6418	5646
XM_024452425	6432	6429	5935	6408	7324	6438	6452	6298	6419	5647
XM_024452490	6433	6430	5936	6409	4940	6439	6453	193	6420	767
XM_024452497	6434	6431	5937	6410	4941	6440	6454	136	6421	5648
XM_024452537	6435	6432	312	6411	236	6441	6455	6299	6422	5649
XM_024452725	6436	6433	5938	6412	1192	6442	6456	6300	6423	5650
XM_024452732	6437	6434	5939	6413	7571	6443	6457	6301	6424	5651
XM_024452737	6438	6435	5940	6414	922	6444	6458	6302	6425	5652
XM_024452764	6439	6436	1137	6415	6392	6445	6459	6303	6426	5653
XM_024452783	6440	6437	5941	6416	4942	6446	6460	6304	6427	499
XM_024452798	6441	6438	5942	6417	248	6447	6461	6305	6428	5654
XM_024452879	6442	6439	5943	6418	563	6448	6462	6306	6429	5655
XM_024452941	6443	6440	5944	6419	1236	6449	6463	6307	6430	5656
XM_024452945	6444	6441	472	6420	4943	6450	6464	6308	6431	5657
XM_024452960	6445	6442	5945	6421	7277	6451	6465	6309	6432	5658
XM_024452971	6446	6443	1381	6422	4944	6452	6466	6310	6433	801
XM_024452998	6447	6444	5946	6423	1269	6453	6467	6311	6434	5659
XM_024453128	6448	6445	5947	6424	6447	6454	6468	6312	6435	5660
XM_024453187	6449	6446	5948	6425	6079	6455	6469	6313	6436	1195
XM_024453213	6450	6447	5949	6426	33	6456	6470	6314	6437	5661
XM_024453247	6451	6448	5950	6427	6034	6457	6471	6315	6438	5662
XM_024453251	6452	6449	22	6428	4945	6458	6472	6316	6439	5663
XM_024453266	6453	6450	7307	6429	4946	6459	6473	6317	6440	7053
XM_024453270	6454	6451	7661	6430	4947	6460	6474	6318	6441	5664
XM_024453286	6455	6452	220	6431	4948	6461	6475	6319	6442	5665
XM_024453292	6456	6453	5951	6432	1434	6462	6476	6320	6443	5666
XM_024453327	6457	6454	5952	6433	1798	6463	6477	6321	6444	7011
XM_024453343	6458	6455	5953	6434	5928	6464	6478	6322	6445	6824
XM_024453348	6459	6456	5954	6435	6341	6465	6479	6323	6446	5667
XM_024453362	6460	6457	5955	6436	6856	6466	6480	137	6447	5668
XM_024453364	6461	6458	5956	6437	6891	6467	6481	6324	6448	1378
XM_024453415	6462	6459	6997	6438	2374	6468	6482	6325	6449	820
XM_024453436	6463	6460	5957	6439	6613	6469	6483	6326	6450	1274
XM_024453440	6464	6461	5958	6440	1415	6470	6484	6327	6451	5669
XM_024453460	6465	6462	417	6441	4949	6471	6485	6328	6452	5670
XM_024453484	6466	6463	1154	6442	492	6472	6486	6329	6453	5671
XM_024453538	6467	6464	5959	6443	773	6473	6487	6330	6454	5672
XM_024453553	6468	6465	5960	6444	6883	6474	6488	6331	6455	5673
XM_024453589	6469	6466	5961	6445	4950	6475	6489	6332	6456	971
XM_024453595	6470	6467	5962	6446	4951	6476	6490	226	6457	7006
XM_024453605	6471	6468	5963	6447	1562	6477	6491	6333	6458	5674
XM_024453651	6472	6469	5964	6448	1563	6478	6492	6334	6459	5675
XM_024453714	6473	6470	5965	6449	907	6479	6493	6335	6460	5676
XM_024453731	6474	6471	5966	6450	6699	6480	6494	6336	6461	5677
XM_024453742	6475	6472	526	6451	789	6481	6495	6337	6462	5678
XM_024453798	6476	6473	5967	6452	4952	6482	6496	6338	6463	7090
XM_024453813	6477	6474	1398	6453	4953	6483	6497	7574	6464	7276
XM_024453855	6478	6475	349	6454	4954	6484	6498	6339	6465	1253
XM_024453871	6479	6476	951	6455	4955	6485	6499	275	6466	5679
XM_024454093	6480	6477	1611	6456	1172	6486	6500	6340	6467	5680
XM_024454128	6481	6478	5968	6457	4956	6487	6501	7740	6468	5681
XM_024454133	136	6479	5969	6458	4957	6488	6502	6341	6469	5682
XM_024454159	6482	6480	198	6459	4958	6489	6503	6342	6470	5683
XM_024454161	6483	6481	5970	243	1416	6490	6504	6343	6471	5684
XM_024454162	6484	6482	946	6460	1584	6491	6505	6344	6472	545
XM_024454179	6485	6483	7037	6461	4959	6492	6506	6345	6473	661
XM_024454237	6486	35	161	6462	4960	6493	6507	6346	6474	5685
XM_024454239	6487	6484	5971	6463	313	6494	6508	6347	6475	5686
XM_024454317	6488	6485	5972	6464	2132	6495	6509	6348	6476	7614
XM_024454343	6489	6486	93	6465	4961	6496	6510	6349	6477	5687
XM_024454356	6490	6487	7538	6466	4962	6497	6511	6350	6478	5688
XM_024454379	6491	6488	5973	6467	4963	6498	6512	6351	6479	796
XM_024454388	6492	6489	5974	6468	7108	6499	6513	6352	6480	5689
XR_001736924	83	6490	5975	115	2494	6500	6514	6353	6481	610
XR_001736965	6493	6491	5976	6469	7177	6501	6515	6354	6482	5690
XR_001737026	6494	6492	5977	6470	7007	6502	6516	6355	6483	5691
XR_001737103	6495	6493	5978	6471	5929	6503	6517	6356	6484	5692
XR_001737129	6496	6494	308	6472	4964	6504	6518	6357	6485	5693
XR_001737203	137	53	5979	15	4965	6505	6519	321	6486	5694
XR_001737234	6497	6495	5980	6473	993	6506	6520	6358	6487	5695
XR_001737244	6498	6496	1163	6474	4966	6507	6521	6359	6488	5696
XR_001737248	6499	6497	5981	6475	1671	6508	6522	6360	6489	5697
XR_001737335	6500	6498	5982	6476	558	6509	6523	6361	6490	5698
XR_001737344	6501	6499	5983	6477	882	6510	6524	6362	6491	5699
XR_001737388	6502	6500	5984	6478	7188	6511	6525	6363	6492	5700
XR_001737395	6503	6501	5985	6479	7325	6512	6526	6364	6493	6802
XR_001737405	6504	6502	5986	6480	602	6513	6527	6365	6494	5701
XR_001737482	6505	6503	1211	6481	4967	6514	6528	6366	6495	5702
XR_001737586	6506	6504	5987	6482	4968	6515	7805	6367	6496	5703
XR_001737618	6507	6505	5988	6483	7764	6516	6529	6368	6497	5704
XR_001737631	6508	6506	5989	6484	5839	6517	6530	6369	6498	5705
XR_001737668	6509	6507	5990	6485	4969	6518	6531	73	6499	5706
XR_001737736	104	38	7107	6486	4970	6519	6532	6370	6500	5707
XR_001737758	6510	6508	5991	6487	5598	6520	6533	6371	6501	5708
XR_001737764	6511	6509	5992	6488	2606	6521	6534	6372	6502	7078
XR_001737772	6512	6510	5993	6489	69	6522	6535	6373	6503	5709
XR_001737869	6513	6511	183	6490	4971	6523	6536	6374	6504	651
XR_001737961	6514	6512	5994	6491	6700	6524	6537	6375	6505	5710
XR_001737967	6515	6513	5995	6492	4972	6525	6538	6376	6506	446
XR_001737972	6516	6514	5996	262	4973	6526	37	6377	6507	5711
XR_001737980	6517	6515	5997	6493	6940	6527	6539	7660	6508	5712
XR_001738027	6518	6516	7501	6494	4974	6528	6540	6378	6509	6764
XR_001738036	6519	6517	1553	6495	130	6529	6541	6379	6510	7427
XR_001738080	6520	6518	5998	6496	1066	6530	6542	6380	6511	5713
XR_001738100	6521	6519	5999	6497	7567	6531	6543	6381	6512	5714
XR_001738123	6522	6520	6000	6498	4975	6532	6544	6382	6513	7683
XR_001738131	6523	6521	6001	6499	7551	6533	6545	6383	6514	5715
XR_001738138	6524	6522	6002	6500	1030	6534	6546	6384	6515	5716
XR_001738142	6525	6523	6003	6501	1293	6535	6547	6385	6516	5717
XR_001738185	6526	6524	280	174	4976	6536	6548	6386	6517	5718
XR_001738188	6527	6525	6004	6502	6976	6537	6549	6387	6518	5719
XR_001738239	6528	6526	6005	6503	7447	6538	6550	6388	6519	5720
XR_001738245	6529	6527	6006	6504	2339	6539	6551	6389	6520	5721
XR_001738265	6530	6528	6007	6505	4977	6540	6552	6390	6521	7170
XR_001738296	6531	6529	6008	6506	4978	6541	6553	6391	6522	7579
XR_001738297	6532	6530	6009	6507	4979	6542	6554	38	6523	7105
XR_001738304	6533	6531	6010	6508	1193	6543	6555	6392	6524	5722
XR_001738314	6534	6532	738	6509	4980	6544	6556	6393	6525	698
XR_001738315	6535	6533	1300	6510	961	6545	6557	6394	6526	5723
XR_001738316	6536	6534	455	6511	4981	6546	6558	6395	6527	5724
XR_001738322	6537	6535	6011	6512	113	6547	6559	6396	6528	5725
XR_001738398	6538	6536	6012	6513	1055	6548	6560	6397	6529	5726
XR_001738428	6539	6537	1332	6514	1394	6549	6561	6398	6530	5727
XR_001738443	6540	6538	6013	6515	2030	6550	53	124	6531	5728
XR_001738445	6541	6539	6014	6516	6985	6551	6562	6399	6532	5729
XR_001738478	6542	6540	6015	6517	4982	6552	6563	120	6533	5730
XR_001738497	6543	6541	6016	6518	6393	6553	6564	6400	6534	5731
XR_001738532	6544	6542	1406	6519	6238	6554	6565	6401	6535	5732
XR_001738535	6545	6543	6017	6520	5930	6555	6566	6402	6536	790
XR_001738536	6546	6544	6018	6521	7165	6556	6567	390	6537	5733
XR_001738550	6547	6545	6019	6522	7054	6557	6568	6403	6538	5734
XR_001738563	6548	6546	6020	6523	7328	6558	6569	6404	6539	5735
XR_001738572	6549	6547	6021	6524	1067	6559	6570	6405	6540	5736
XR_001738589	6550	6548	7148	6525	6312	6560	6571	6406	6541	582
XR_001738756	6551	6549	6022	6526	4983	6561	6572	168	6542	5737
XR_001738783	6552	6550	6023	6527	643	6562	6573	6407	6543	5738
XR_001738788	6553	6551	1115	6528	4984	6563	6574	6408	6544	5739
XR_001738847	6554	6552	639	6529	4985	6564	6575	6409	6545	1277
XR_001738850	6555	6553	6024	6530	7317	6565	6576	6410	6546	5740
XR_001738855	6556	6554	646	6531	6523	6566	6577	6411	6547	5741
XR_001738871	6557	6555	6025	6532	1672	6567	6578	6412	6548	5742
XR_001738874	6558	6556	992	6533	4986	6568	6579	6413	6549	5743
XR_001738900	6559	6557	6026	6534	1294	6569	6580	6414	6550	5744
XR_001738928	6560	6558	6027	6535	5931	6570	6581	6415	6551	5745
XR_001738943	6561	6559	689	6536	5509	6571	6582	6416	6552	1097
XR_001738975	6562	6560	6028	6537	2607	6572	6583	6417	6553	848
XR_001739003	6563	6561	6029	6538	31	6573	6584	6418	6554	5746
XR_001739082	6564	6562	1291	6539	4987	6574	6585	6419	6555	601
XR_001739092	6565	6563	6030	6540	6884	6575	6586	6420	6556	5747
XR_001739138	6566	6564	834	6541	4988	6576	6587	6421	6557	5748
XR_001739148	6567	6565	745	6542	4989	6577	6588	6422	6558	5749
XR_001739152	6568	6566	6031	6543	692	6578	6589	6423	6559	5750
XR_001739164	6569	6567	519	6544	4990	6579	6590	6424	6560	5751
XR_001739258	6570	6568	1148	6545	6280	6580	6591	6425	6561	5752
XR_001739313	6571	6569	7675	6546	4991	6581	6592	6426	6562	5753
XR_001739409	6572	6570	6032	6547	4992	6582	6593	6427	6563	7136
XR_001739415	6573	6571	6033	6548	4993	6583	6594	6428	6564	7351
XR_001739418	6574	6572	883	6549	4994	6584	6595	6429	6565	5754
XR_001739424	6575	6573	6034	6550	4995	6585	6596	28	6566	5755
XR_001739471	6576	6574	7514	6551	267	6586	6597	6430	6567	5756
XR_001739576	6577	6575	6035	6552	1031	6587	6598	6431	6568	5757
XR_001739580	6578	6576	6036	6553	7055	6588	6599	7678	6569	5758
XR_001739595	6579	6577	1093	6554	6394	6589	6600	6432	6570	7059
XR_001739605	6580	6578	6037	6555	1435	6590	6601	6433	6571	5759
XR_001739606	6581	6579	6038	6556	6843	6591	6602	6434	6572	5760
XR_001739612	67	6580	6039	6557	4996	6592	6603	6435	6573	5761
XR_001739678	6582	6581	6040	6558	525	6593	6604	6436	6574	5762
XR_001739707	6583	6582	7205	6559	4997	6594	6605	6437	6575	7482
XR_001739785	6584	6583	7092	6560	4998	6595	6606	6438	6576	7469
XR_001739825	6585	6584	6041	6561	7644	6596	6607	6439	6577	5763
XR_001739866	6586	6585	6042	6562	7643	6597	6608	6440	6578	5764
XR_001739969	6587	6586	6043	6563	4999	6598	6609	7726	6579	5765
XR_001740027	6588	6587	6044	6564	5000	6599	6610	6441	6580	7415
XR_001740090	6589	6588	6045	6565	1534	6600	6611	6442	6581	5766
XR_001740091	6590	6589	6046	6566	545	6601	6612	6443	6582	5767
XR_001740098	6591	6590	6047	6567	6825	6602	6613	6444	6583	5768
XR_001740138	6592	6591	6048	6568	5001	6603	6614	6445	6584	824
XR_001740175	6593	6592	6049	6569	1173	6604	6615	6446	6585	5769
XR_001740199	6594	6593	6050	6570	1436	6605	6616	6447	6586	5770
XR_001740225	6595	6594	6051	6571	7739	6606	6617	6448	6587	5771
XR_001740249	6596	6595	6052	6572	1535	6607	6618	6449	6588	5772
XR_001740253	6597	6596	6053	6573	1320	6608	6619	6450	6589	5773
XR_001740258	6598	6597	6054	6574	7582	6609	6620	6451	6590	5774
XR_001740272	6599	6598	6055	6575	5792	6610	6621	7500	6591	5775
XR_001740350	6600	6599	6056	6576	1834	6611	6622	6452	6592	5776
XR_001740421	6601	6600	6057	6577	1068	6612	6623	6453	6593	5777
XR_001740428	6602	6601	1597	6578	7306	6613	6624	6454	6594	5778
XR_001740433	6603	6602	6058	6579	6977	6614	6625	7651	6595	832
XR_001740491	6604	6603	6059	6580	7516	6615	6626	358	6596	5779
XR_001740492	6605	6604	6060	6581	5002	6616	6627	6455	6597	723
XR_001740536	6606	6605	6061	6582	2298	6617	6628	6456	6598	5780
XR_001740605	6607	6606	6062	6583	6362	6618	6629	6457	6599	5781
XR_001740606	6608	6607	6063	6584	6448	6619	6630	6458	6600	5782
XR_001740625	6609	6608	6064	6585	6813	6620	6631	6459	6601	1205
XR_001740680	6610	6609	6065	6586	1135	6621	6632	384	6602	5783
XR_001740681	6611	6610	6066	6587	335	6622	6633	6460	6603	5784
XR_001740699	6612	6611	6067	6588	6035	6623	6634	6461	6604	5785
XR_001740702	6613	6612	6068	6589	7284	6624	6635	6462	6605	5786
XR_001740729	6614	6613	6069	6590	7244	6625	6636	6463	6606	5787
XR_001740859	6615	6614	6070	6591	5003	6626	35	6464	6607	5788
XR_001740861	6616	6615	6071	74	5004	6627	6637	6465	6608	5789
XR_001740862	6617	6616	6072	195	5005	6628	6638	6466	6609	5790
XR_001740865	6618	6617	6073	6592	5006	6629	6639	7604	6610	7761
XR_001740882	6619	6618	6074	6593	7139	6630	6640	7675	6611	5791
XR_001740928	6620	6619	6075	6594	5007	6631	6641	7759	6612	5792
XR_001740956	6621	6620	6076	6595	7218	6632	6642	7799	6613	5793
XR_001740978	6622	6621	1203	6596	7429	6633	6643	6467	6614	5794
XR_001740985	6623	6622	6077	6597	1642	6634	6644	6468	6615	5795
XR_001740993	6624	6623	967	6598	5008	6635	6645	6469	6616	5796
XR_001740998	6625	6624	6078	6599	5009	6636	6646	6470	6617	123
XR_001741020	6626	6625	6079	6600	6098	6637	6647	6471	6618	5797
XR_001741041	6627	6626	6080	6601	7746	6638	6648	6472	6619	5798
XR_001741042	6628	6627	6081	6602	7200	6639	6649	301	6620	5799
XR_001741047	6629	6628	6082	6603	7271	6640	6650	6473	6621	5800
XR_001741050	6630	6629	1431	6604	100	6641	6651	6474	6622	5801
XR_001741057	6631	6630	6083	6605	5010	6642	6652	7699	6623	7210
XR_001741067	6632	6631	6084	6606	6546	6643	6653	6475	6624	5802
XR_001741069	127	6632	6085	6607	5011	6644	6654	7765	6625	5803
XR_001741095	6633	6633	6086	6608	1455	6645	6655	6476	6626	5804
XR_001741148	6634	6634	6087	6609	7201	6646	6656	6477	6627	5805
XR_001741170	6635	6635	6088	6610	5012	6647	6657	6478	6628	7419
XR_001741188	6636	6636	6089	6611	6915	6648	6658	6479	6629	5806
XR_001741189	6637	6637	6090	6612	6080	6649	6659	6480	6630	5807
XR_001741215	6638	6638	6091	6613	6313	6650	6660	6481	6631	5808
XR_001741225	6639	6639	6092	6614	6101	6651	6661	6482	6632	5809
XR_001741284	6640	6640	7795	6615	5013	6652	6662	6483	6633	5810
XR_001741287	6641	6641	6093	6616	5752	6653	6663	6484	6634	5811
XR_001741326	6642	6642	560	6617	5014	6654	6664	6485	6635	5812
XR_001741378	6643	6643	6094	6618	536	6655	6665	6486	6636	1343
XR_001741394	6644	6644	6095	6619	6957	6656	6666	6487	6637	5813
XR_001741421	6645	6645	6096	6620	5584	6657	6667	6488	6638	7194
XR_001741431	6646	6646	6097	6621	5015	6658	6668	6489	6639	7416
XR_001741441	6647	66	6098	6622	5741	6659	6669	6490	6640	5814
XR_001741442	6648	6647	6099	6623	5609	6660	6670	6491	6641	6879
XR_001741443	6649	6648	6100	6624	6866	6661	6671	6492	6642	5815
XR_001741447	6650	6649	1479	6625	1835	6662	6672	6493	6643	1103
XR_001741520	6651	6650	6101	6626	5016	6663	6673	40	6644	5816
XR_001741546	6652	6651	331	6627	5017	6664	6674	288	6645	5817
XR_001741550	6653	6652	1518	6628	603	6665	6675	6494	6646	5818
XR_001741551	6654	6653	6102	6629	2031	6666	6676	6495	6647	5819
XR_001741553	6655	6654	6103	6630	5018	6667	6677	6496	6648	748
XR_001741563	6656	6655	696	6631	5019	6668	6678	7502	6649	5820
XR_001741564	6657	6656	6104	6632	132	6669	6679	6497	6650	5821
XR_001741566	6658	6657	6950	6633	5020	6670	6680	7773	6651	5822
XR_001741608	6659	6658	7487	6634	5021	6671	6681	6498	6652	5823
XR_001741660	6660	6659	6105	6635	6258	6672	6682	6499	6653	5824
XR_001741691	6661	6660	7182	6636	5022	6673	6683	6500	6654	647
XR_001741723	6662	6661	6106	6637	399	6674	6684	6501	6655	5825
XR_001741737	6663	6662	6107	6638	6281	6675	6685	6502	6656	5826
XR_001741746	6664	6663	6108	67	2411	6676	6686	6503	6657	5827
XR_001741747	6665	6664	6109	6639	6986	6677	6687	69	6658	5828
XR_001741764	6666	6665	6110	6640	5023	6678	6688	7784	6659	5829
XR_001741791	6667	6666	6111	6641	6363	6679	6689	6504	6660	7005
XR_001741804	6668	6667	6112	6642	5932	6680	6690	6505	6661	5830
XR_001741843	6669	6668	750	6643	5024	6681	6691	7721	6662	5831
XR_001741853	6670	6669	6113	6644	2393	6682	6692	6506	6663	5832
XR_001741926	6671	6670	6114	6645	5025	6683	6693	7760	6664	5833
XR_001741965	6672	6671	6115	6646	246	6684	6694	6507	6665	5834
XR_001741991	6673	6672	1331	6647	1121	6685	6695	6508	6666	5835
XR_001742017	6674	6673	6116	6648	6220	6686	6696	6509	6667	174
XR_001742018	6675	6674	955	6649	7505	6687	6697	6510	6668	529
XR_001742062	6676	6675	6117	6650	1088	6688	6698	6511	6669	6748
XR_001742101	6677	6676	6118	6651	7686	6689	6699	6512	6670	5836
XR_001742140	6678	6677	6119	6652	7159	6690	6700	6513	6671	6950
XR_001742327	6679	6678	6120	6653	1225	6691	6701	6514	6672	5837
XR_001742339	6680	6679	6121	6654	5026	6692	6702	7733	6673	5838
XR_001742411	6681	6680	6122	6655	6701	6693	6703	6515	6674	5839
XR_001742413	6682	6681	6123	6656	1923	6694	6704	6516	6675	5840
XR_001742414	6683	6682	6124	6657	6904	6695	7804	6517	6676	5841
XR_001742445	6684	6683	6125	6658	242	6696	6705	6518	6677	5842
XR_001742456	6685	6684	6126	6659	5027	6697	6706	6519	6678	1
XR_001742463	6686	6685	6127	6660	1014	6698	6707	6520	6679	5843
XR_001742472	6687	6686	6128	6661	7427	6699	6708	7785	6680	5844
XR_001742481	6688	6687	6129	6662	5028	6700	5	6521	6681	5845
XR_001742510	6689	6688	6130	6663	7435	6701	6709	6522	6682	5846
XR_001742517	6690	6689	6131	6664	6874	6702	6710	6523	6683	5847
XR_001742640	98	6690	6132	6665	5029	6703	6711	7575	6684	5848
XR_001742653	6691	6691	894	6666	5030	6704	6712	6524	6685	864
XR_001742668	6692	6692	499	6667	5031	6705	6713	6525	6686	5849
XR_001742743	6693	6693	6133	6668	5032	6706	6714	7769	6687	5850
XR_001742758	6694	6694	6134	6669	5033	6707	6715	6526	6688	7499
XR_001742814	6695	6695	6135	6670	1536	6708	6716	6527	6689	5851
XR_001742822	6696	6696	6136	6671	7702	6709	6717	6528	6690	5852
XR_001742826	6697	6697	6137	6672	6036	6710	6718	6529	6691	5853
XR_001742859	6698	6698	6138	6673	6504	6711	6719	6530	6692	5854
XR_001742867	6699	6699	6139	6674	6779	6712	6720	6531	6693	5855
XR_001742872	6700	6700	6140	6675	7800	6713	6721	6532	6694	5856
XR_001742887	6701	6701	6141	6676	7383	6714	6722	6533	6695	5857
XR_001742895	6702	6702	671	6677	5034	6715	6723	6534	6696	5858
XR_001742909	6703	6703	6142	6678	533	6716	6724	6535	6697	5859
XR_001742936	6704	6704	6143	6679	1089	6717	6725	6536	6698	5860
XR_001742962	6705	6705	7485	6680	5035	6718	6726	6537	6699	6718
XR_001742993	6706	6706	6144	6681	6826	6719	6727	6538	6700	5861
XR_001743012	6707	6707	572	6682	5036	6720	6728	6539	6701	5862
XR_001743043	90	6708	6145	6683	5037	6721	6729	6540	6702	5863
XR_001743060	6708	70	1420	6684	7366	6722	6730	6541	6703	5864
XR_001743245	6709	6709	6146	6685	273	6723	6731	6542	6704	5865
XR_001743281	6710	6710	6147	6686	1311	6724	6732	6543	6705	5866
XR_001743328	6711	6711	6148	6687	6009	6725	6733	6544	6706	5867
XR_001743504	6712	6712	6149	6688	1924	6726	6734	6545	6707	5868
XR_001743548	6713	6713	6150	6689	1465	6727	6735	6546	6708	5869
XR_001743601	6714	6714	6151	6690	2402	6728	6736	6547	6709	368
XR_001743702	6715	6715	6152	6691	5038	6729	56	123	6710	5870
XR_001743730	6716	6716	6153	6692	6575	6730	6737	6548	6711	5871
XR_001743795	6717	6717	6154	6693	7095	6731	6738	6549	6712	5872
XR_001743796	6718	7796	6155	6694	289	6732	6739	6550	6713	5873
XR_001743897	6719	6718	6156	7780	5039	6733	6740	6551	6714	5874
XR_001743918	6720	6719	1624	6695	7597	6734	6741	6552	6715	5875
XR_001743932	6721	6720	6157	6696	7556	6735	6742	6553	6716	7115
XR_001743986	6722	6721	6158	7783	5040	6736	6743	6554	6717	5876
XR_001744057	6723	6722	6992	6697	5041	6737	6744	7647	6718	7454
XR_001744070	6724	6723	6159	109	7023	6738	6745	6555	6719	5877
XR_001744078	6725	6724	6160	6698	5042	6739	6746	6556	6720	980
XR_001744085	6726	6725	6161	6699	7758	6740	6747	6557	100	5878
XR_001744100	6727	6726	6162	6700	1122	6741	6748	6558	6721	5879
XR_001744158	6728	6727	6163	6701	1194	6742	6749	6559	6722	5880
XR_001744167	6729	6728	875	6702	5043	6743	6750	6560	6723	5881
XR_001744197	6730	6729	6164	6703	5044	6744	6751	7	6724	5882
XR_001744299	6731	6730	6165	6704	6282	6745	6752	6561	6725	7346
XR_001744337	6732	6731	6166	6705	7448	6746	6753	6562	6726	5883
XR_001744345	6733	6732	7500	6706	567	6747	6754	6563	6727	5884
XR_001744360	6734	6733	6167	6707	6087	6748	6755	6564	6728	5885
XR_001744401	6735	6734	964	6708	5402	6749	6756	6565	6729	5886
XR_001744422	6736	6735	6168	6709	2101	6750	6757	6566	6730	5887
XR_001744431	6737	6736	6169	6710	6037	6751	6758	383	6731	5888
XR_001744435	6738	6737	6170	6711	5045	6752	6759	115	6732	5889
XR_001744464	6739	6738	530	6712	5557	6753	6760	7602	6733	375
XR_001744471	6740	6739	6171	6713	5046	6754	6761	6567	6734	891
XR_001744474	6741	6740	6172	6714	841	6755	6762	6568	6735	5890
XR_001744627	6742	6741	6173	6715	6625	6756	6763	6569	6736	5891
XR_001744826	6743	6742	6174	6716	6342	6757	6764	6570	6737	5892
XR_001744838	6744	6743	6175	6717	352	6758	6765	6571	6738	1154
XR_001744845	6745	6744	6176	6718	175	6759	6766	6572	6739	5893
XR_001744875	6746	6745	884	6719	6827	6760	6767	6573	6740	5894
XR_001744903	6747	6746	6177	6720	6343	6761	6768	6574	6741	5895
XR_001744931	6748	6747	6178	6721	5047	6762	6769	6575	6742	870
XR_001744934	6749	6748	6179	6722	1321	6763	6770	6576	6743	5896
XR_001744936	6750	6749	6180	6723	93	6764	6771	6577	6744	5897
XR_001744956	6751	6750	6181	6724	166	6765	6772	6578	6745	5898
XR_001744975	6752	6751	6182	6725	268	6766	6773	6579	6746	6834
XR_001745007	6753	6752	38	6726	5048	6767	6774	6580	6747	5899
XR_001745042	6754	6753	6183	6727	5049	6768	6775	6581	6748	428
XR_001745046	6755	6754	473	6728	1537	6769	6776	6582	6749	6968
XR_001745064	6756	6755	808	6729	5050	6770	6777	6583	6750	5900
XR_001745071	6757	6756	6184	6730	6283	6771	6778	6584	6751	5901
XR_001745076	6758	6757	6185	6731	305	6772	6779	6585	6752	5902
XR_001745108	6759	6758	6186	6732	1587	6773	6780	6586	6753	1139
XR_001745167	6760	6759	6187	6733	1362	6774	6781	6587	6754	5903
XR_001745190	6761	6760	6188	11	2102	6775	6782	6588	6755	5904
XR_001745202	6762	6761	6189	6734	6104	6776	6783	6589	6756	5905
XR_001745243	6763	6762	6190	6735	5542	6777	6784	6590	6757	7364
XR_001745256	6764	6763	1026	6736	5051	6778	6785	6591	6758	5906
XR_001745269	6765	6764	6191	6737	5964	6779	6786	6592	6759	5907
XR_001745276	6766	6765	6192	6738	5052	6780	6787	53	6760	5908
XR_001745287	6767	6766	6193	6739	6364	6781	6788	6593	6761	5909
XR_001745291	6768	6767	6194	6740	6941	6782	6789	6594	6762	5910
XR_001745317	6769	6768	6195	6741	7384	6783	6790	6595	6763	5911
XR_001745381	6770	6769	6196	6742	591	6784	6791	6596	6764	5912
XR_001745382	6771	6770	6197	6743	6221	6785	6792	6597	6765	5913
XR_001745384	6772	6771	6198	6744	2412	6786	6793	6598	6766	700
XR_001745386	6773	6772	6199	6745	7096	6787	6794	6599	6767	5914
XR_001745387	6774	6773	527	6746	5832	6788	6795	6600	6768	5915
XR_001745392	6775	6774	6200	6747	6702	6789	6796	6601	6769	5916
XR_001745425	6776	6775	6201	256	672	6790	6797	6602	6770	5917
XR_001745427	6777	6776	176	6748	1395	6791	6798	6603	6771	5918
XR_001745433	6778	6777	6202	6749	7166	6792	6799	6604	6772	5919
XR_001745464	6779	6778	6203	6750	6547	6793	6800	7744	6773	455
XR_001745465	6780	6779	7245	6751	5053	6794	6801	6605	6774	493
XR_001745538	6781	6780	6204	6752	7653	6795	6802	6606	6775	5920
XR_001745539	6782	6781	1486	6753	6010	6796	6803	6607	6776	5921
XR_001745545	6783	6782	1174	6754	102	6797	6804	6608	6777	5922
XR_001745552	6784	6783	6205	6755	946	6798	6805	6609	6778	5923
XR_001745579	6785	6784	6206	6756	5054	6799	6806	317	6779	7267
XR_001745596	6786	6785	939	6757	1613	6800	6807	6610	6780	5924
XR_001745657	6787	6786	1347	6758	5055	6801	6808	6611	6781	7696
XR_001745658	6788	6787	6207	6759	5056	6802	6809	6612	6782	7686
XR_001745684	6789	6788	6208	6760	5057	6803	6810	7701	6783	1414
XR_001745769	6790	6789	6209	6761	5058	6804	6811	6613	6784	7403
XR_001745818	6791	6790	654	6762	5059	6805	6812	6614	6785	5925
XR_001745827	6792	6791	117	6763	5060	6806	6813	6615	6786	5926
XR_001745844	6793	6792	6210	6764	6631	6807	6814	6616	6787	5927
XR_001745877	6794	6793	6211	6765	5965	6808	6815	6617	6788	5928
XR_001745895	6795	6794	6212	6766	1836	6809	6816	6618	6789	5929
XR_001745898	6796	6795	6213	6767	7330	6810	6817	6619	6790	5930
XR_001745919	6797	6796	6214	6768	5061	6811	6818	6620	6791	7800
XR_001745946	6798	6797	6215	6769	1756	6812	6819	6621	6792	5931
XR_001745952	6799	6798	6216	6770	2068	6813	6820	6622	6793	5932
XR_001746022	6800	6799	6217	6771	923	6814	6821	6623	6794	5933
XR_001746028	6801	6800	6218	6772	7704	6815	6822	6624	6795	5934
XR_001746048	6802	6801	6219	6773	1579	6816	6823	6625	6796	7077
XR_001746051	6803	6802	6220	6774	417	6817	6824	6626	6797	7224
XR_001746080	6804	6803	6221	6775	6916	6818	6825	6627	6798	5935
XR_001746134	6805	6804	7294	6776	1580	6819	6826	6628	6799	5936
XR_001746135	6806	6805	102	6777	5062	6820	6827	6629	6800	5937
XR_001746172	6807	6806	6222	191	5063	6821	6828	306	6801	5938
XR_001746229	6808	6807	1614	6778	169	6822	6829	7616	6802	5939
XR_001746284	6809	6808	776	6779	6873	6823	6830	6630	6803	5940
XR_001746323	6810	6809	6223	6780	2123	6824	6831	6631	6804	5941
XR_001746339	6811	6810	6224	6781	1983	6825	6832	6632	6805	5942
XR_001746346	6812	6811	6225	6782	6780	6826	6833	6633	6806	5943
XR_001746356	6813	6812	718	6783	5064	6827	6834	6634	6807	5944
XR_001746383	6814	6813	1329	6784	2211	6828	6835	6635	6808	1349
XR_001746387	6815	6814	392	6785	5065	6829	6836	6636	6809	5945
XR_001746421	6816	6815	6226	7731	5066	6830	6837	6637	6810	200
XR_001746427	6817	6816	1631	6786	7693	6831	6838	6638	6811	5946
XR_001746428	6818	6817	6227	6787	5067	6832	15	218	6812	5947
XR_001746464	6819	6818	6228	6788	6614	6833	6839	6639	6813	5948
XR_001746520	6820	6819	258	6789	5068	6834	6840	6640	6814	5949
XR_001746568	6821	6820	6229	6790	584	6835	6841	6641	6815	5950
XR_001746604	6822	6821	6230	6791	1123	6836	6842	7798	6816	5951
XR_001746653	6823	6822	6231	6792	6892	6837	6843	6642	6817	5952
XR_001746688	6824	6823	7550	6793	7537	6838	6844	6643	6818	5953
XR_001746700	6825	6824	697	6794	5069	6839	6845	6644	6819	5954
XR_001746733	6826	6825	6232	6795	2248	6840	6846	9	6820	5955
XR_001746759	6827	6826	6233	6796	5070	6841	6847	7730	6821	5956
XR_001746828	6828	6827	6234	6797	7438	6842	6848	6645	6822	5957
XR_001746830	6829	6828	1612	6798	5071	6843	6849	64	6823	5958
XR_001746839	6830	6829	6235	6799	5072	6844	6850	6646	6824	7488
XR_001746847	6831	6830	6236	6800	5073	6845	6851	6647	6825	7120
XR_001746873	6832	6831	6237	6801	5742	6846	6852	6648	6826	5959
XR_001746888	6833	6832	6238	6802	5074	6847	6853	6649	6827	383
XR_001746892	6834	6833	6239	6803	1363	6848	6854	6650	6828	5960
XR_001746899	6835	6834	6240	6804	5075	6849	6855	39	6829	5961
XR_001746900	6836	6835	775	6805	5076	6850	6856	6651	6830	5962
XR_001746907	6837	6836	6241	6806	6942	6851	6857	6652	6831	5963
XR_001746908	6838	6837	1403	6807	5077	6852	6858	6653	6832	987
XR_001746918	6839	6838	6242	6808	1136	6853	6859	6654	6833	5964
XR_001746924	6840	6839	6243	6809	7439	6854	6860	7598	6834	5965
XR_001746926	6841	6840	6244	6810	7387	6855	6861	6655	6835	1292
XR_001746939	6842	6841	445	6811	1104	6856	6862	6656	6836	5966
XR_001746955	6843	6842	6245	6812	2544	6857	6863	6657	6837	7565
XR_001746960	6844	6843	6246	6813	5078	6858	6864	6658	6838	7299
XR_001746978	6845	6844	6247	6814	6576	6859	6865	6659	6839	5967
XR_001747010	6846	6845	6248	6815	5079	6860	6866	6660	6840	982
XR_001747051	6847	6846	429	6816	5080	6861	6867	6661	6841	938
XR_001747065	6848	6847	537	6817	6081	6862	6868	6662	6842	5968
XR_001747075	6849	6848	6249	6818	6314	6863	6869	6663	6843	5969
XR_001747115	6850	6849	6250	6819	5966	6864	6870	6664	6844	5970
XR_001747246	6851	6850	6251	6820	2218	6865	6871	6665	6845	5971
XR_001747255	6852	6851	6252	6821	1799	6866	6872	6666	6846	5972
XR_001747258	6853	6852	6253	6822	7657	6867	6873	6667	6847	5973
XR_001747259	6854	6853	6254	6823	1643	6868	6874	6668	6848	5974
XR_001747275	6855	6854	6255	6824	7667	6869	6875	6669	6849	5975
XR_001747341	6856	6855	6256	6825	7318	6870	6876	6670	6850	7254
XR_001747388	6857	6856	1492	6826	7483	6871	6877	6671	6851	5976
XR_001747421	6858	6857	6257	6827	5885	6872	6878	6672	6852	5977
XR_001747439	6859	6858	6258	6828	6800	6873	6879	6673	6853	5978
XR_001747446	6860	6859	6981	6829	6368	6874	6880	6674	6854	5979
XR_001747452	6861	6860	6259	6830	5081	6875	6881	75	6855	5980
XR_001747455	6862	6861	6260	6831	5082	6876	6882	6675	6856	7707
XR_001747456	6863	6862	6261	6832	5083	6877	6883	6676	6857	7636
XR_001747495	6864	6863	638	6833	2181	6878	6884	6677	6858	6838
XR_001747513	6865	6864	6262	6834	7793	6879	6885	6678	6859	5981
XR_001747528	6866	6865	336	6835	5084	6880	6886	6679	6860	5982
XR_001747529	6867	6866	6263	6836	1591	6881	6887	6680	6861	5983
XR_001747541	229	6867	6264	182	5085	6882	6888	6681	6862	5984
XR_001747551	6868	6868	6265	6837	6781	6883	6889	6682	6863	5985
XR_001747558	6869	6869	6266	6838	2235	6884	6890	6683	6864	5986
XR_001747560	93	6870	6267	6839	6917	6885	6891	7506	6865	5987
XR_001747564	6870	6871	6268	6840	1417	6886	6892	6684	6866	5988
XR_001747604	6871	6872	6269	7734	7748	6887	6893	6685	6867	5989
XR_001747606	6872	6873	6270	6841	5086	6888	2	6686	6868	5990
XR_001747630	6873	6874	6271	6842	151	6889	6894	6687	6869	7206
XR_001747650	6874	6875	505	6843	2335	6890	6895	6688	6870	5991
XR_001747686	6875	6876	6272	6844	6788	6891	6896	6689	6871	5992
XR_001747703	6876	6877	6273	7742	7490	6892	6897	6690	6872	5993
XR_001747803	6877	6878	6274	6845	6480	6893	6898	6691	6873	5994
XR_001747865	6878	6879	809	6846	2255	6894	6899	6692	6874	5995
XR_001747949	6879	6880	474	6847	5087	6895	6900	6693	6875	5996
XR_001748051	6880	6881	6275	6848	1137	6896	6901	6694	6876	5997
XR_001748091	6881	6882	6276	6849	5808	6897	6902	6695	6877	5998
XR_001748100	6882	6883	6277	6850	1237	6898	6903	6696	6878	5999
XR_001748136	6883	6884	6278	6851	5088	6899	6904	7700	6879	6000
XR_001748143	6884	6885	6279	6852	5089	6900	6905	6697	6880	614
XR_001748147	6885	6886	6280	6853	774	6901	6906	6698	6881	6001
XR_001748156	6886	6887	6281	6854	6011	6902	6907	6699	6882	6002
XR_001748180	6887	6888	1187	6855	6038	6903	6908	6700	6883	6003
XR_001748236	6888	6889	6282	6856	6978	6904	6909	6701	6884	6004
XR_001748245	6889	6890	6283	6857	2249	6905	6910	6702	6885	7747
XR_001748246	6890	6891	400	6858	6782	6906	6911	6703	6886	6005
XR_001748257	6891	6892	6284	6859	6186	6907	6912	6704	6887	6006
XR_001748264	6892	6893	6285	6860	6577	6908	6913	6705	6888	6007
XR_001748386	6893	6894	6286	6861	1538	6909	6914	6706	6889	6008
XR_001748410	6894	6895	7682	6862	2331	6910	6915	6707	6890	6009
XR_001748444	6895	6896	6287	6863	6893	6911	6916	6708	6891	1219
XR_001748465	6896	6897	690	6864	5090	6912	6917	6709	6892	6010
XR_001748470	6897	6898	6288	6865	5091	6913	6918	6710	6893	7609
XR_001748472	6898	6899	1625	6866	7331	6914	6919	6711	6894	6914
XR_001748501	6899	6900	6289	6867	5092	6915	6920	7797	6895	6011
XR_001748530	6900	6901	7170	108	5093	6916	6921	6712	6896	7615
XR_001748531	6901	6902	6290	6868	5726	6917	6922	6713	6897	6012
XR_001748532	6902	6903	6291	6869	5094	6918	6923	6714	6898	7336
XR_001748539	6903	6904	6292	6870	1138	6919	6924	6715	6899	6013
XR_001748559	6904	6905	6293	6871	5843	6920	6925	6716	6900	6014
XR_001748560	6905	6906	6294	6872	1032	6921	6926	6717	6901	6015
XR_001748601	6906	6907	6295	6873	937	6922	6927	6718	6902	6016
XR_001748725	6907	6908	6296	269	6222	6923	62	6719	6903	6017
XR_001748766	6908	6909	6297	6874	6857	6924	6928	6720	6904	6018
XR_001748866	6909	6910	378	6875	5432	6925	6929	6721	6905	6019
XR_001748876	6910	6911	6298	6876	1090	6926	6930	6722	6906	6020
XR_001748909	6911	6912	6299	6877	6524	6927	6931	6723	6907	6021
XR_001748993	6912	6913	6300	6878	5095	6928	6932	6724	6908	292
XR_001749083	6913	6914	6301	6879	908	6929	6933	6725	6909	1252
XR_001749112	6914	6915	6302	6880	7721	6930	6934	6726	6910	6022
XR_001749148	6915	6916	6303	6881	5096	6931	6935	118	6911	7470
XR_001749161	6916	6917	6304	6882	6548	6932	6936	6727	6912	6023
XR_001749167	6917	6918	6305	6883	7579	6933	6937	6728	6913	6024
XR_001749168	6918	6919	6306	6884	5097	6934	6938	7768	6914	6025
XR_001749188	6919	6920	6307	6885	874	6935	6939	6729	6915	6026
XR_001749214	6920	6921	6308	6886	7343	6936	6940	6730	6916	6027
XR_001749273	6921	6922	6309	6887	2551	6937	6941	6731	6917	7378
XR_001749276	6922	6923	195	6888	5098	6938	6942	6732	6918	6695
XR_001749292	6923	6924	6310	6889	6082	6939	6943	6733	6919	6028
XR_001749293	6924	6925	1417	6890	595	6940	6944	6734	6920	6029
XR_001749296	6925	6926	6311	6891	1238	6941	6945	6735	6921	6030
XR_001749428	6926	6927	244	6892	5575	6942	6946	7670	6922	6031
XR_001749523	6927	6928	6312	6893	1614	6943	6947	6736	6923	6032
XR_001749538	6928	6929	1094	6894	5099	6944	6948	6737	6924	7745
XR_001749630	6929	6930	6313	6895	1124	6945	6949	6738	6925	6033
XR_001749675	6930	6931	6314	6896	994	6946	6950	6739	6926	6034
XR_001749815	6931	6932	6315	6897	5100	6947	6951	10	6927	6035
XR_001749853	6932	6933	6316	77	2032	6948	6952	6740	6928	6036
XR_001749856	6933	6934	6317	6898	5101	6949	6953	7737	6929	6037
XR_001749867	6934	6935	6318	6899	6525	6950	6954	6741	6930	6038
XR_001749930	6935	6936	6319	6900	5102	6951	6955	6742	6931	82
XR_001750038	6936	6937	6320	6901	1981	6952	6956	6743	6932	6039
XR_001750048	6937	6938	6321	6902	290	6953	6957	6744	6933	6040
XR_001750051	6938	6939	325	6903	5103	6954	6958	6745	6934	6041
XR_001750084	6939	6940	6322	6904	5104	6955	6959	6746	6935	7657
XR_001750105	6940	6941	6323	7782	5105	6956	6960	7693	6936	6042
XR_001750107	6941	6942	6324	7805	5106	6957	6961	7707	6937	6043
XR_001750155	6942	6943	6325	6905	5548	6958	6962	6747	6938	7423
XR_001750164	6943	6944	6326	6906	6578	6959	6963	6748	6939	6044
XR_001750375	6944	6945	1238	6907	561	6960	6964	6749	6940	6045
XR_001750472	6945	6946	6327	6908	1437	6961	6965	6750	6941	6046
XR_001750481	6946	6947	6328	6909	5107	6962	6966	6751	6942	934
XR_001750551	6947	6948	6329	6910	480	6963	6967	6752	6943	6047
XR_001750627	6948	6949	6330	6911	1211	6964	6968	6753	6944	6048
XR_001750649	6949	6950	6331	6912	497	6965	6969	6754	6945	6049
XR_001750720	6950	6951	6332	6913	683	6966	6970	6755	6946	6050
XR_001750762	6951	6952	6333	137	5108	6967	6971	6756	6947	6051
XR_001750790	6952	6953	6334	6914	1364	6968	6972	6757	6948	6052
XR_001750792	6953	6954	6335	6915	161	6969	6973	6758	6949	1175
XR_001750808	6954	6955	6336	6916	7363	6970	6974	6759	6950	6053
XR_001750830	6955	6956	6337	6917	708	6971	6975	6760	6951	6054
XR_001750858	6956	6957	6338	6918	2324	6972	6976	6761	6952	6055
XR_001750859	6957	6958	6339	6919	6615	6973	6977	6762	6953	6056
XR_001750894	6958	6959	6340	6920	7074	6974	6978	6763	6954	6057
XR_001750901	6959	6960	7495	6921	5109	6975	6979	6764	6955	6058
XR_001750982	6960	6961	977	6922	5110	6976	6980	6765	6956	6059
XR_001751265	6961	6962	6341	6923	1972	6977	6981	6766	6957	6060
XR_001751285	6962	6963	6342	6924	202	6978	6982	6767	6958	6061
XR_001751313	6963	6964	6343	6925	6284	6979	6983	6768	6959	6062
XR_001751368	6964	6965	6344	131	5572	6980	6984	6769	6960	6063
XR_001751379	6965	6966	6345	6926	1418	6981	6985	6770	6961	6064
XR_001751386	6966	6967	6346	6927	6650	6982	6986	6771	6962	6065
XR_001751474	6967	6968	6347	6928	684	6983	6987	6772	6963	6066
XR_001751508	6968	6969	6348	6929	5111	6984	6988	7702	6964	6067
XR_001751510	183	6970	6349	6930	6223	6985	6989	6773	6965	6068
XR_001751541	6969	6971	607	6931	5112	6986	6990	6774	6966	6069
XR_001751558	6970	6972	6350	6932	7388	6987	6991	6775	6967	6070
XR_001751577	6971	6973	6351	6933	5113	6988	6992	6776	6968	7623
XR_001751661	6972	6974	6352	6934	5114	6989	6993	88	6969	6071
XR_001751667	6973	6975	6353	6935	2205	6990	6994	6777	6970	952
XR_001751686	6974	6976	6354	6936	5115	6991	6995	6778	6971	7595
XR_001751714	6975	6977	840	6937	5116	6992	6996	6779	6972	6072
XR_001751733	6976	6978	453	6938	5117	6993	6997	6780	6973	6073
XR_001751772	6977	6979	6355	6939	2233	6994	6998	6781	6974	6074
XR_001751783	6978	6980	6356	6940	6783	6995	6999	6782	6975	6075
XR_001751786	6979	6981	6357	6941	6703	6996	7000	6783	6976	6076
XR_001751795	6980	6982	6358	6942	628	6997	7001	6784	6977	6077
XR_001751799	6981	6983	6359	6943	7240	6998	7002	6785	6978	6078
XR_001751876	6982	6984	374	6944	5118	6999	7003	319	6979	6079
XR_001751932	6983	6985	250	6945	5777	7000	7004	6786	6980	6080
XR_001752055	6984	6986	6360	6946	5119	7001	7005	6787	6981	259
XR_001752061	6985	6987	6361	6947	7743	7002	7006	7553	6982	6081
XR_001752089	6986	6988	6362	6948	331	7003	7007	6788	6983	6082
XR_001752099	6987	6989	6363	6949	2174	7004	7008	6789	6984	6083
XR_001752103	6988	6990	6364	6950	1460	7005	7009	6790	6985	6084
XR_001752116	6989	6991	7116	6951	7724	7006	7010	6791	6986	6085
XR_001752221	6990	6992	6365	6952	6187	7007	7011	6792	6987	6086
XR_001752227	6991	6993	6366	6953	6315	7008	7012	7586	6988	6087
XR_001752232	6992	6994	6367	6954	5700	7009	7013	6793	6989	1306
XR_001752245	6993	6995	6368	6955	5120	7010	7014	7704	6990	6088
XR_001752247	6994	6996	6369	6956	500	7011	7015	6794	6991	6089
XR_001752298	6995	6997	1543	6957	5121	7012	7016	6795	6992	7325
XR_001752395	6996	6998	6370	6958	5122	7013	7017	6796	6993	72
XR_001752400	6997	6999	7582	6959	6905	7014	7018	6797	6994	1148
XR_001752466	6998	7000	1383	6960	5123	7015	7019	6798	6995	7389
XR_001752467	6999	7001	6371	6961	7097	7016	7020	6799	6996	6090
XR_001752491	7000	7002	6372	6962	585	7017	7021	6800	6997	7213
XR_001752501	7001	7003	647	6963	5124	7018	7022	6801	6998	6091
XR_001752509	7002	7004	6373	6964	1948	7019	7023	6802	6999	6092
XR_001752540	7003	7005	6374	6965	909	7020	7024	6803	7000	6093
XR_001752557	7004	7006	900	6966	5125	7021	7025	6804	7001	6094
XR_001752566	7005	7007	6375	6967	107	7022	7026	6805	7002	6095
XR_001752600	7006	7008	898	6968	5126	7023	7027	6806	7003	6096
XR_001752629	7007	7009	6376	6969	6253	7024	7028	6807	7004	6097
XR_001752663	7008	7010	6377	6970	6867	7025	7029	6808	7005	6098
XR_001752674	7009	7011	6378	6971	5573	7026	7030	254	7006	7590
XR_001752712	7010	7012	6379	6972	6505	7027	7031	6809	7007	6099
XR_001752716	7011	64	163	6973	5127	7028	7032	6810	7008	6100
XR_001752766	7012	7013	6380	7774	5128	7029	7033	6811	7009	6101
XR_001752772	7013	7014	6381	6974	6161	7030	7034	6812	7010	6102
XR_001752777	167	7015	1251	6975	5129	7031	7035	6813	7011	6996
XR_001752778	7014	7016	6382	6976	5130	7032	7036	6814	7012	599
XR_001752793	7015	7017	6383	6977	5633	7033	7037	6815	7013	6103
XR_001752800	79	7018	6384	147	5131	7034	7038	6816	7014	6104
XR_001752852	108	7019	6385	220	5132	7035	7039	6817	7015	6105
XR_001752867	7016	7020	6386	6978	319	7036	7040	7629	7016	6106
XR_001752869	7017	7021	1253	6979	5133	7037	7041	6818	7017	6107
XR_001752876	7018	7022	6387	6980	5134	7038	7042	81	7018	6108
XR_001752881	7019	7023	6388	6981	6958	7039	7043	6819	7019	6109
XR_001752884	7020	7024	6389	6982	7538	7040	7044	6820	7020	6110
XR_001752899	7021	7025	6390	6983	5967	7041	7045	6821	7021	6111
XR_001752903	7022	7026	919	6984	5135	7042	7046	6822	7022	6112
XR_001752929	7023	7027	6391	6985	7056	7043	7047	6823	7023	6113
XR_001752961	7024	7028	6392	6986	5136	7044	7048	6824	7024	7637
XR_001752981	7025	7029	6393	6987	6579	7045	7049	6825	7025	6114
XR_001752986	7026	7030	6394	7770	5137	7046	7050	192	7026	6115
XR_001753032	7027	7031	6395	6988	6481	7047	7801	6826	7027	6116
XR_001753035	7028	7032	6396	6989	5851	7048	7051	6827	7028	6841
XR_001753042	7029	7033	6397	6990	1644	7049	7052	6828	7029	663
XR_001753050	7030	7034	242	6991	5138	7050	7053	6829	7030	7802
XR_001753098	7031	7035	6398	6992	5139	7051	7054	6830	7031	901
XR_001753119	7032	7036	1382	6993	5886	7052	7055	6831	7032	6117
XR_001753330	7033	7037	6399	6994	6224	7053	7056	6832	7033	6118
XR_001753363	7034	7038	6400	6995	2103	7054	7057	6833	7034	6935
XR_001753444	7035	7039	192	6996	5140	7055	7058	6834	7035	6119
XR_001753446	7036	7040	6401	6997	5141	7056	7059	215	7036	6120
XR_001753461	7037	7041	6402	6998	250	7057	7060	6835	7037	6121
XR_001753505	7038	7042	876	6999	5142	7058	7061	6836	7038	6122
XR_001753518	7039	7043	491	7000	5143	7059	7062	6837	7039	6123
XR_001753519	7040	7044	112	7001	5831	7060	7063	6838	7040	6124
XR_001753544	7041	7045	6403	7002	5144	7061	7064	51	7041	6125
XR_001753562	7042	7046	6404	7003	1212	7062	7065	6839	7042	7522
XR_001753620	7043	7047	6405	7004	1878	7063	7066	6840	7043	1022
XR_001753673	7044	7048	6406	7005	858	7064	7067	6841	7044	6126
XR_001753689	7045	7049	6407	7006	6580	7065	7068	6842	7045	6127
XR_001753718	7046	7050	6408	7007	6506	7066	7069	354	7046	6128
XR_001753741	7047	7051	6409	7008	6373	7067	7070	6843	7047	6129
XR_001753775	7048	7052	6410	176	5145	7068	7071	6844	7048	6130
XR_001753829	7049	7053	6411	7009	5433	7069	7072	6845	7049	7347
XR_001753831	7050	7054	460	7010	5826	7070	7073	6846	7050	6131
XR_001753933	7051	7055	7803	7011	5146	7071	7074	7709	7051	6132
XR_001753938	7052	7056	6412	7012	1872	7072	7075	6847	7052	1170
XR_001753939	7053	7057	6413	7013	5718	7073	7076	6848	7053	6133
XR_001753954	7054	7058	6414	7014	7598	7074	7077	6849	7054	6134
XR_001753961	7055	7059	6415	7015	6784	7075	7078	6850	7055	6135
XR_001754011	7056	7060	6416	181	5147	7076	7079	6851	7056	6136
XR_001754017	7057	7061	918	7016	5148	7077	7080	6852	7057	6137
XR_001754024	7058	7062	6417	7017	6651	7078	7081	6853	7058	6138
XR_001754051	7059	7063	6418	7018	5149	7079	7082	6854	7059	821
XR_001754095	7060	7064	6419	7019	6979	7080	7083	6855	7060	6139
XR_001754099	7061	7065	6420	7020	5150	7081	7084	6856	7061	7306
XR_001754100	7062	7066	6421	7021	5151	7082	7085	6857	7062	7578
XR_001754183	7063	7067	6422	7022	490	7083	7086	6858	7063	7362
XR_001754324	7064	7068	6423	7023	1223	7084	7087	6859	7064	6140
XR_001754334	7065	7069	1454	7024	7650	7085	7088	6860	7065	6871
XR_001754352	7066	7070	890	7025	5152	7086	7089	6861	7066	6141
XR_001754410	7067	7071	6424	130	5153	7087	7090	6862	7067	6142
XR_001754415	7068	7072	6425	73	5154	7088	7091	6863	7068	6143
XR_001754467	7069	7073	6426	7026	5155	7089	7092	139	7069	7152
XR_001754477	7070	7074	6427	7027	5968	7090	7093	6864	7070	6144
XR_001754492	7071	7075	6428	7028	6785	7091	7094	6865	7071	6145
XR_001754572	7072	7076	7562	7029	5156	7092	7095	6866	7072	1141
XR_001754582	7073	7077	145	7030	5157	7093	7096	6867	7073	6146
XR_001754597	7074	7078	6429	7031	270	7094	7097	6868	7074	6147
XR_001754634	7075	7079	6430	7032	7130	7095	7098	6869	7075	6148
XR_001754636	7076	7080	6431	7033	150	7096	7099	6870	7076	6149
XR_001754640	7077	7081	6432	7034	2622	7097	7100	6871	7077	7257
XR_001754641	7078	7082	6433	7035	5158	7098	7101	170	7078	6150
XR_001754751	7079	7083	6434	7036	2069	7099	7102	6872	7079	6151
XR_001754791	7080	7084	6435	7037	6632	7100	7103	6873	7080	6152
XR_001754932	7081	7085	6436	7038	5969	7101	7104	6874	7081	6153
XR_001754972	7082	7086	6437	7039	5159	7102	7105	97	7082	6154
XR_001754995	7083	7087	6438	7040	5160	7103	7106	6875	7083	7266
XR_001755010	7084	7088	6439	7041	2033	7104	7107	6876	7084	6155
XR_001755063	7085	7089	6440	7042	7709	7105	7108	6877	7085	6156
XR_001755084	7086	7090	6441	7043	309	7106	7109	6878	7086	6157
XR_001755093	7087	7091	850	7044	5161	7107	7110	6879	7087	6158
XR_001755264	7088	7092	6442	7045	379	7108	7111	6880	7088	6159
XR_001755341	7089	7093	6443	7046	6987	7109	7112	6881	7089	6160
XR_001755353	7090	7094	394	7047	5162	7110	7113	6882	7090	6161
XR_001755492	7091	7095	175	7048	5163	7111	7114	6883	7091	6162
XR_001755511	7092	7096	6444	7049	5164	7112	7115	6884	7092	649
XR_001755555	7093	7097	7670	7050	5165	7113	7116	6885	7093	6163
XR_001755587	7094	7098	1268	7051	5166	7114	7117	6886	7094	660
XR_001755591	7095	7099	969	7052	1539	7115	7118	6887	7095	6164
XR_001755623	7096	7100	6445	7053	7231	7116	7119	6888	7096	6872
XR_001755714	7097	7101	6446	7054	6652	7117	7120	6889	7097	6165
XR_001755717	7098	7102	6447	7055	5734	7118	7121	6890	7098	309
XR_001755725	7099	7103	99	7056	6943	7119	7122	6891	7099	318
XR_001755734	7100	7104	6448	7057	1502	7120	7123	6892	7100	6166
XR_001755748	7101	7105	6449	7058	6285	7121	7124	6893	130	6167
XR_001755756	7102	7106	6450	7059	1993	7122	7125	6894	7101	6876
XR_001755783	7103	7107	6451	7060	1139	7123	7126	6895	7102	6168
XR_001755788	7104	7108	6452	7061	2034	7124	7127	6896	7103	6169
XR_001755803	7105	7109	6453	7062	6415	7125	7128	6897	7104	6170
XR_001755853	7106	7110	6454	7063	1438	7126	7129	6898	7105	6171
XR_001755857	7107	7111	6455	7064	6188	7127	7130	6899	7106	6172
XR_001755874	7108	7112	6456	7065	2070	7128	7131	6900	7107	6173
XR_001755878	7109	7113	6457	7066	1800	7129	7132	6901	7108	6174
XR_001755931	7110	7114	6458	7067	7004	7130	7133	6902	7109	6719
XR_001755949	7111	7115	6459	7068	1015	7131	7134	6903	7110	6175
XR_001755970	7112	7116	6460	7069	5167	7132	7135	23	7111	6176
XR_001756000	7113	7117	6461	7070	924	7133	7136	99	7112	6177
XR_001756055	7114	7118	6462	7071	5168	7134	7137	6904	7113	7037
XR_002956162	7115	7119	6463	7072	463	7135	7138	6905	7114	6178
XR_002956163	7116	7120	6464	7073	6012	7136	7139	6906	7115	6179
XR_002956167	7117	7121	465	7074	925	7137	7140	6907	7116	6180
XR_002956168	7118	7122	6465	7075	806	7138	7141	6908	7117	6181
XR_002956181	7119	7123	1324	7076	1868	7139	7142	6909	7118	1147
XR_002956198	7120	7124	6466	7077	6236	7140	7143	117	7119	6182
XR_002956215	7121	7125	7414	7078	5169	7141	7144	6910	7120	6183
XR_002956218	7122	7126	6467	7079	6416	7142	7145	6911	7121	6184
XR_002956231	7123	7127	6468	7080	6286	7143	7146	6912	7122	1287
XR_002956245	7124	7128	1243	7081	5170	7144	7147	6913	7123	6185
XR_002956267	7125	7129	863	7082	5469	7145	7148	6914	7124	6186
XR_002956293	7126	7130	622	7083	6039	7146	7149	6915	7125	6187
XR_002956344	7127	7131	6469	7084	5844	7147	7150	6916	7126	6188
XR_002956347	7128	7132	6470	7085	2441	7148	7151	6917	7127	2
XR_002956355	7129	7133	6471	7086	5171	7149	7152	37	7128	6189
XR_002956358	7130	7134	7174	7087	7443	7150	7153	6918	7129	6732
XR_002956368	7131	7135	1224	7088	5172	7151	7154	6919	7130	1228
XR_002956372	7132	7136	189	7089	5510	7152	7155	6920	7131	6190
XR_002956373	7133	7137	6973	7090	5679	7153	7156	6921	7132	541
XR_002956378	7134	7138	6472	7091	1365	7154	7157	6922	7133	701
XR_002956379	7135	7139	957	7092	5173	7155	7158	6923	7134	6191
XR_002956395	7136	7140	6473	7093	6944	7156	7159	6924	7135	6192
XR_002956414	7137	7141	999	7094	5174	7157	7160	6925	7136	6193
XR_002956451	7138	7142	6474	7095	5175	7158	7161	6926	7137	7514
XR_002956466	7139	7143	6475	7096	5653	7159	7162	6927	7138	6194
XR_002956508	7140	7144	705	7097	7692	7160	7163	6928	7139	6195
XR_002956513	7141	7145	6476	7098	5176	7161	7164	7725	7140	6196
XR_002956542	7142	7146	6477	7099	1270	7162	7165	6929	7141	6197
XR_002956585	7143	7147	6478	7100	5177	7163	7166	7762	7142	6198
XR_002956627	7144	7148	109	7101	5178	7164	7167	6930	7143	6199
XR_002956630	7145	7149	6479	7102	6162	7165	7168	6931	7144	6200
XR_002956632	7146	7150	395	7103	5179	7166	7169	6932	7145	6201
XR_002956633	7147	7151	1232	7104	5442	7167	7170	6933	7146	6202
XR_002956664	7148	7152	6480	7105	1322	7168	7171	6934	7147	6203
XR_002956686	7149	7153	6481	7106	1757	7169	7172	6935	7148	6204
XR_002956700	7150	7154	6482	7107	315	7170	7173	6936	7149	7094
XR_002956733	7151	7155	6483	7108	7059	7171	7174	6937	7150	6205
XR_002956734	7152	7156	6484	7109	5180	7172	7175	6938	7151	7395
XR_002956773	7153	7157	6485	7110	7359	7173	7176	6939	7152	6206
XR_002956775	7154	7158	6486	7111	1715	7174	7177	6940	7153	6207
XR_002956779	7155	7159	6487	7112	752	7175	7178	6941	7154	917
XR_002956804	7156	7160	6488	7113	2523	7176	7179	6942	7155	227
XR_002956815	7157	7161	6489	7114	191	7177	7180	6943	7156	6208
XR_002956817	7158	7162	6490	7115	2071	7178	7181	6944	7157	6209
XR_002956834	7159	7163	6491	7116	5181	7179	7182	294	7158	266
XR_002956842	7160	7164	1483	7117	6163	7180	7183	6945	7159	6210
XR_002956874	7161	7165	6492	7118	1564	7181	7184	6946	7160	6211
XR_002956919	7162	7166	7309	7119	5182	7182	7185	7661	7161	7183
XR_002956921	7163	7167	6493	7120	7219	7183	7186	7578	7162	6212
XR_002956935	7164	7168	7546	7121	5183	7184	7187	7736	7163	6213
XR_002956945	7165	7169	991	7122	5184	7185	7188	6947	7164	6214
XR_002956958	7166	7170	1568	7123	775	7186	7189	6948	7165	6215
XR_002956965	7167	7171	6494	7124	1712	7187	7190	6949	7166	6216
XR_002956966	7168	7172	337	7125	995	7188	7191	6950	7167	6217
XR_002956972	7169	7173	6495	7126	5779	7189	7192	6951	7168	6218
XR_002956973	7170	7174	224	7127	1859	7190	7193	6952	7169	6219
XR_002956984	7171	7175	6496	7128	7529	7191	7194	6953	7170	6220
XR_002956985	7172	7176	6497	7129	1503	7192	7195	6954	7171	6221
XR_002957012	7173	7177	6498	7130	7594	7193	7196	6955	7172	6222
XR_002957014	7174	7178	6499	7131	2203	7194	7197	6956	7173	6223
XR_002957015	7175	7179	6500	62	5185	7195	7198	6957	7174	6224
XR_002957019	7176	7180	1546	7132	7420	7196	7199	6958	7175	6225
XR_002957099	7177	7181	501	7133	5186	7197	7200	6959	7176	6226
XR_002957126	7178	7182	6501	7134	332	7198	7201	6960	7177	6227
XR_002957158	7179	7183	6502	7135	629	7199	7202	6961	7178	6228
XR_002957199	7180	7184	627	7136	5187	7200	7203	6962	7179	486
XR_002957216	7181	7185	6503	7137	5188	7201	7204	58	7180	6229
XR_002957229	7182	7186	6504	7138	1645	7202	7205	6963	7181	6747
XR_002957237	7183	7187	6505	7139	7712	7203	7206	6964	7182	6230
XR_002957243	7184	7188	6506	7140	910	7204	7207	6965	7183	6231
XR_002957244	7185	7189	6507	7141	5189	7205	7208	141	7184	6232
XR_002957249	7186	7190	6508	7142	6707	7206	7209	6966	7185	7792
XR_002957273	7187	7191	6509	7143	1396	7207	7210	6967	7186	6233
XR_002957276	7188	7192	6510	7144	1594	7208	7211	7515	7187	6234
XR_002957277	7189	7193	1385	7145	2323	7209	7212	6968	7188	6948
XR_002957300	7190	7194	6511	7146	7636	7210	7213	6969	7189	6235
XR_002957338	7191	7195	1270	7147	2474	7211	7214	6970	7190	416
XR_002957339	7192	7196	6512	7148	1271	7212	7215	6971	7191	6236
XR_002957340	7193	7197	6513	7149	515	7213	7216	6972	7192	6237
XR_002957345	7194	7198	6514	7150	2201	7214	7217	6973	7193	6238
XR_002957349	7195	7199	6515	7151	1439	7215	7218	6974	7194	6239
XR_002957368	7196	7200	6516	7152	129	7216	7219	6975	7195	6240
XR_002957369	7197	7201	6517	7153	6133	7217	7220	6976	7196	6241
XR_002957399	7198	7202	6947	7154	7421	7218	7221	6977	7197	6878
XR_002957425	7199	7203	6518	7155	5970	7219	7222	6978	7198	6242
XR_002957481	7200	7204	983	7156	5190	7220	7223	6979	7199	6243
XR_002957490	7201	7205	6519	7157	7024	7221	7224	6980	7200	6244
XR_002957492	7202	7206	6520	7158	5191	7222	7225	6981	7201	7363
XR_002957496	7203	7207	6521	7159	5192	7223	7226	145	7202	6245
XR_002957546	7204	7208	6522	7160	5622	7224	7227	6982	7203	396
XR_002957557	7205	7209	6523	7161	653	7225	7228	6983	7204	6246
XR_002957564	7206	7210	6524	7162	445	7226	7229	6984	7205	6247
XR_002957568	7207	7211	6525	7163	7309	7227	7230	6985	7206	6248
XR_002957581	7208	7212	877	7164	1646	7228	7231	6986	7207	6249
XR_002957595	7209	7213	113	7165	7681	7229	7232	6987	7208	6250
XR_002957606	199	7214	6526	7166	1397	7230	7233	6988	7209	6251
XR_002957632	7210	7215	7652	7167	5193	7231	7234	6989	7210	6252
XR_002957639	7211	7216	6527	7168	2302	7232	7235	6990	7211	6253
XR_002957706	7212	7217	6528	7169	5194	7233	7236	7791	7212	6952
XR_002957717	7213	7218	6529	7170	7550	7234	7237	6991	7213	6254
XR_002957724	129	7219	6530	7171	5195	7235	7238	6992	7214	6733
XR_002957753	7214	7220	6531	7172	495	7236	7239	6993	7215	1407
XR_002957760	7215	7221	6532	7173	5724	7237	7240	6994	7216	6255
XR_002957792	7216	7222	6533	7174	1615	7238	7241	6995	7217	6256
XR_002957826	7217	7223	6534	7175	1466	7239	7242	6996	7218	6257
XR_002957830	7218	7224	6535	7176	7467	7240	7243	6997	7219	6258
XR_002957831	7219	7225	7295	7177	6549	7241	7244	6998	7220	6259
XR_002957833	7220	7226	6536	7178	5196	7242	7245	6999	7221	79
XR_002957846	7221	7227	1058	7179	5197	7243	7246	7000	7222	6260
XR_002957854	7222	7228	6537	7180	6786	7244	7247	7001	7223	6261
XR_002957914	7223	7229	774	7181	5198	7245	7248	7002	7224	6262
XR_002957949	7224	7230	6538	7182	2354	7246	7249	7003	7225	6263
XR_002957957	7225	7231	6539	7183	5933	7247	7250	7004	7226	6264
XR_002957960	7226	7232	6540	7184	1758	7248	7251	7005	7227	6265
XR_002957994	7227	7233	1437	7185	196	7249	7252	7006	7228	6266
XR_002957996	7228	7234	6541	7186	7572	7250	7253	7007	7229	6267
XR_002958005	7229	7235	6542	7187	5971	7251	7254	7008	7230	6268
XR_002958013	7230	7236	202	7188	5199	7252	7255	7009	7231	6269
XR_002958040	7231	7237	6543	148	5200	7253	7256	7010	7232	461
XR_002958046	7232	7238	6544	7189	6365	7254	7257	7011	7233	7177
XR_002958057	7233	7239	6545	7190	597	7255	7258	7012	7234	6270
XR_002958135	7234	7240	675	7191	5201	7256	7259	7013	7235	6271
XR_002958141	7235	7241	1003	7192	5202	7257	7260	7014	7236	6272
XR_002958144	7236	7242	6546	7193	231	7258	7261	7015	7237	6273
XR_002958167	7237	7243	6547	7194	5203	7259	7262	7016	7238	7195
XR_002958175	7238	7244	1312	7195	1597	7260	7263	7017	7239	6274
XR_002958176	7239	7245	6548	7196	1759	7261	7264	7018	7240	6275
XR_002958185	7240	7246	755	7197	5204	7262	7265	7019	7241	6276
XR_002958191	7241	7247	6549	7198	5205	7263	7266	135	7242	6277
XR_002958192	7242	7248	1118	7199	5206	7264	7267	7020	7243	1146
XR_002958197	7243	7249	193	7200	5207	7265	7268	7021	7244	6278
XR_002958212	7244	7250	6550	7201	7783	7266	7269	7022	7245	6279
XR_002958232	7245	7251	1017	7202	7167	7267	7270	7023	7246	6280
XR_002958246	7246	7252	6551	134	1697	7268	7271	7024	7247	6281
XR_002958274	7247	7253	7751	7203	5208	7269	7272	7025	7248	6282
XR_002958284	7248	7254	6552	7204	6526	5	7273	7026	7249	6283
XR_002958305	7249	7255	6553	7205	1016	7270	7274	7027	7250	6284
XR_002958320	7250	7256	6554	7206	807	7271	7275	7028	7251	6285
XR_002958331	7251	7257	6555	7207	1860	7272	7276	7029	7252	6828
XR_002958335	7252	7258	6556	7208	7705	7273	7277	7030	7253	6286
XR_002958336	7253	7259	1526	7209	6677	7274	7278	7031	7254	6287
XR_002958362	7254	7260	6557	7210	7513	7275	7279	7032	7255	6288
XR_002958373	7255	7261	326	7211	5209	7276	7280	7033	7256	6289
XR_002958377	7256	7262	709	7212	5210	7277	7281	7034	7257	6290
XR_002958385	7257	7263	7351	7213	6230	7278	7282	7035	7258	7316
XR_002958399	7258	7264	6558	7214	727	7279	7283	7036	7259	6291
XR_002958417	7259	7265	6559	7215	5211	7280	7284	7037	7260	7629
XR_002958434	7260	7266	1145	7216	5212	7281	7285	7038	7261	6292
XR_002958449	7261	7267	1354	7217	1565	7282	7286	7039	7262	6293
XR_002958489	7262	7268	7509	7218	1241	7283	7287	7040	7263	6294
XR_002958495	7263	7269	1459	7219	1398	7284	7288	7041	7264	6295
XR_002958500	7264	7270	1060	7220	5477	7285	7289	7042	7265	6296
XR_002958501	7265	7271	6560	7221	6550	7286	7290	7043	7266	6297
XR_002958511	7266	7272	382	7222	6581	7287	7291	7044	7267	1188
XR_002958535	7267	7273	425	7223	5213	7288	7292	7045	7268	6298
XR_002958558	7268	7274	6561	7224	7737	7289	7293	7046	7269	6299
XR_002958570	177	7275	6562	7225	5214	7290	7294	7047	65	6300
XR_002958577	7269	7276	6563	7226	7161	7291	7295	7048	7270	6301
XR_002958598	7270	7277	6564	7227	2199	7292	7296	7049	7271	6302
XR_002958643	7271	7278	6565	7228	5215	7293	7297	7050	7272	7662
XR_002958646	7272	7279	6566	7229	5216	7294	7298	122	7273	6303
XR_002958676	7273	7280	7709	7230	5217	7295	7299	7051	7274	6304
XR_002958678	7274	7281	676	7231	5218	7296	7300	7052	7275	6767
XR_002958728	7275	7282	6567	7232	5219	7297	7301	7053	7276	853
XR_002958738	7276	7283	6568	7233	5978	7298	7302	7054	7277	992
XR_002958752	30	7284	6569	7234	5220	7299	7303	320	7278	6305
XR_002958766	7277	7285	1360	7235	5457	7300	7304	7055	7279	1078
XR_002958810	7278	7286	6570	7236	436	7301	7305	7056	7280	6306
XR_002958813	7279	7287	6571	7237	5221	7302	17	7057	7281	6307
XR_002958816	7280	7288	6572	7238	1698	7303	7306	7058	7282	6308
XR_002958826	7281	7289	6573	7239	1224	7304	7307	7059	7283	6309
XR_002958858	7282	7290	6574	7240	53	7305	7308	7060	7284	6310
XR_002959069	7283	7291	6575	7241	1540	7306	7309	7061	7285	6311
XR_002959251	7284	7292	6576	7242	1140	7307	7310	7062	7286	6312
XR_002959259	7285	7293	276	7243	5222	7308	7311	7063	7287	6313
XR_002959266	7286	7294	717	7244	2597	7309	7312	7064	7288	6314
XR_002959279	7287	7295	6577	7245	7098	7310	7313	7065	7289	6315
XR_002959309	7288	7296	6578	7246	2118	7311	7314	7066	7290	6316
XR_002959372	7289	7297	6579	7247	1673	7312	7315	7728	7291	6317
XR_002959382	7290	7298	1455	7248	375	7313	7316	7067	7292	6318
XR_002959392	7291	7299	6580	7249	73	7314	7317	7068	7293	6319
XR_002959397	7292	7300	6581	7250	491	7315	7318	7069	7294	6320
XR_002959409	7293	7301	6582	7251	5223	7316	7319	7070	7295	57
XR_002959410	7294	7302	6583	7252	5224	7317	7320	7071	7296	7409
XR_002959415	7295	7303	6584	7253	7085	7318	7321	7072	7297	6321
XR_002959423	7296	7304	6585	7254	5225	7319	7322	72	7298	6322
XR_002959450	7297	7305	6586	7255	5226	7320	7323	7576	7299	7785
XR_002959457	7298	7306	7213	7256	7614	7321	7324	7073	7300	6323
XR_002959459	7299	7307	6587	7257	1366	7322	7325	7074	7301	6324
XR_002959510	7300	7308	6588	7258	7631	7323	7326	7075	7302	6325
XR_002959540	7301	7309	6589	7259	6013	7324	7327	7076	7303	6326
XR_002959543	7302	7310	6590	7260	6951	7325	7328	7077	7304	6327
XR_002959544	44	7311	6591	7261	2154	7326	7329	7078	7305	6328
XR_002959545	7303	7312	7267	7262	6083	7327	7330	7079	7306	7283
XR_002959566	7304	7313	6592	7263	2505	7328	7331	7571	7307	7148
XR_002959584	7305	7314	6593	7264	370	7329	7332	7080	7308	1007
XR_002959596	7306	7315	1025	7265	7788	7330	7333	7081	7309	6329
XR_002959602	7307	7316	6594	7266	83	7331	7334	7565	7310	6330
XR_002959605	7308	7317	6595	7267	996	7332	7335	7082	7311	6331
XR_002959614	7309	7318	6596	88	5227	7333	7336	7083	7312	6332
XR_002959635	7793	7319	6597	7268	2432	7334	7337	7084	7313	6333
XR_002959657	7310	7320	1466	7269	947	7335	7338	7085	7314	1295
XR_002959658	7311	7321	1157	7270	2487	7336	7339	7086	7315	6334
XR_002959679	7312	7322	6598	7271	5848	7337	7340	7087	7316	6335
XR_002959728	7313	7323	533	7272	5228	7338	7341	7088	7317	520
XR_002959730	7314	7324	107	7273	5229	7339	7342	7089	7318	6336
XR_002959734	7315	7325	6599	7274	516	7340	7343	7090	7319	6337
XR_002959736	7316	7326	6600	7275	275	7341	7344	7091	7320	6338
XR_002959769	7317	7327	6601	7276	2072	7342	7345	7092	7321	6339
XR_002959772	7318	7328	6602	7277	5230	7343	7346	7712	7322	6340
XR_002959809	7319	7329	6603	7278	6225	7344	7347	7093	7323	6341
XR_002959813	7320	7330	6604	7279	7434	7345	7348	7094	7324	6342
XR_002959825	7321	7331	39	7280	5231	7346	7349	7095	7325	6343
XR_108730	7322	7332	706	7281	5232	7347	7350	7096	7326	6344
XR_109493	7323	7333	6605	7282	1419	7348	7351	7097	7327	6345
XR_109812	7324	7334	6606	7283	5583	7349	7352	7098	7328	6346
XR_159169	7325	7335	6607	7284	6918	7350	7353	7099	7329	6347
XR_241261	7326	7336	6608	7285	6040	7351	7354	7100	7330	6348
XR_241416	7327	7337	1598	7286	1949	7352	7355	7101	7331	6349
XR_241720	7328	7338	6609	7287	5401	7353	7356	7102	7332	195
XR_241794	7329	7339	6610	7288	5233	7354	7357	7673	7333	6941
XR_242051	7330	7340	942	7289	5234	7355	7358	7103	7334	597
XR_242098	7331	7341	1542	7290	6844	7356	7359	7104	7335	6350
XR_242166	7332	7342	6611	35	1801	7357	7360	7105	7336	759
XR_242681	7333	7343	6612	7291	6616	7358	7361	7106	7337	6351
XR_242848	7334	7344	6613	7292	5235	7359	7362	7107	7338	7503
XR_243327	7335	7345	754	7293	5236	7360	7363	7108	7339	6352
XR_243592	7336	7346	6614	7294	6617	7361	7364	7109	7340	6353
XR_243740	7337	7347	6615	7295	374	7362	7365	7110	7341	6354
XR_243788	7338	7348	6616	7755	5237	7363	7366	7111	7342	7708
XR_243907	7339	7349	7656	7296	2536	7364	7367	7112	7343	1413
XR_244126	7340	7350	358	7297	5972	7365	7368	7113	7344	6355
XR_244184	7341	7351	6976	7298	5490	7366	7369	7714	7345	6356
XR_244373	7342	7352	6617	7299	361	7367	7370	7114	7346	6357
XR_244468	7343	7353	6618	7300	7451	7368	7371	7115	7347	6358
XR_244716	7344	7354	6619	7301	6527	7369	7372	7116	7348	6359
XR_244985	7345	7355	6620	7302	6417	7370	7373	7117	7349	956
XR_245000	7346	7356	6621	7303	7393	7371	7374	7118	7350	6360
XR_245020	7347	7357	6622	7304	7040	7372	7375	7119	7351	6361
XR_245039	7348	7358	6623	7305	5238	7373	7376	7120	7352	7407
XR_245151	7349	7359	6624	7306	5239	7374	7377	169	7353	6362
XR_245277	7350	7360	1499	7307	306	7375	7378	7121	7354	6363
XR_245566	7351	7361	6625	7308	5240	7376	7379	143	7355	6364
XR_245803	7352	7362	6626	7309	5643	7377	7380	7663	7356	6365
XR_245978	7353	7363	1642	7310	5241	7378	7381	7122	7357	7201
XR_246231	7354	7364	6627	7311	5684	7379	7382	7123	7358	699
XR_246494	7355	7365	716	7312	1091	7380	7383	7124	7359	1151
XR_246575	7356	7366	6628	7313	5981	7381	7384	7125	7360	6366
XR_246689	7357	7367	6629	7314	5242	7382	4	7126	7361	6367
XR_247029	7358	7368	6630	7315	926	7383	7385	7127	7362	6368
XR_247232	7359	7369	1302	7316	6868	7384	7386	7128	7363	6369
XR_247234	7360	7370	89	7317	6316	7385	7387	7129	7364	6370
XR_247295	7361	7371	6631	7318	2572	7386	45	392	7365	6371
XR_426897	7362	7372	6632	7319	5973	7387	7388	7130	7366	6372
XR_426933	7363	7373	6633	7320	6014	7388	7389	7131	7367	6373
XR_427149	7364	7374	6634	7321	5243	7389	7390	7132	7368	1013
XR_427440	7365	7375	6635	7322	7781	7390	7391	7133	7369	6374
XR_427677	7366	7376	6636	7323	7274	7391	7392	7134	7370	6375
XR_427903	7367	7377	7007	7324	5635	7392	7393	7135	7371	6376
XR_428220	7368	7378	6637	7325	1973	7393	7394	7136	7372	6377
XR_428319	7369	7379	6638	7326	2263	7394	7395	7137	7373	6378
XR_428739	7370	7380	7671	7327	5244	7395	7396	7138	7374	6754
XR_428755	7371	7381	6639	7328	6237	7396	7397	7139	7375	6379
XR_428808	7372	7382	6640	7329	5245	7397	7398	7140	7376	538
XR_428916	7373	7383	6641	7330	1647	7398	7399	7141	7377	6786
XR_428944	7374	7384	6642	7331	6482	7399	7400	7142	7378	6380
XR_429297	7375	7385	6643	7332	6084	7400	7401	7143	7379	6381
XR_429419	7376	7386	6644	7333	962	7401	7402	7144	7380	6382
XR_430209	7377	7387	6645	7334	2073	7402	7403	7145	7381	6383
XR_430558	7378	7388	7431	7335	7468	7403	7404	7146	7382	6384
XR_921983	7379	7389	6646	7336	2074	7404	7405	7147	7383	6385
XR_922140	7380	7390	6647	7337	1367	7405	7406	7148	7384	6386
XR_922168	7381	7391	6648	7338	1863	7406	7407	7149	7385	6387
XR_922188	7382	7392	6649	7339	1440	7407	7408	7150	7386	6388
XR_922199	76	7393	6650	7340	5246	7408	7409	7151	7387	6389
XR_922296	7383	7394	6651	7341	5247	7409	7410	7152	7388	802
XR_922306	7384	7395	6652	7342	5248	7410	7411	7153	7389	7157
XR_922307	7385	7396	6653	7343	6449	7411	7412	7154	7390	6390
XR_922334	7386	7397	7014	7344	1877	7412	7413	7155	7391	6391
XR_922480	7387	7398	7099	7345	7389	7413	7414	7156	7392	1083
XR_922650	7388	7399	7033	7346	1151	7414	7415	7157	7393	6392
XR_922797	7389	7400	6654	7347	6894	7415	7416	7158	7394	6393
XR_922902	7390	7401	6655	7348	1581	7416	7417	7159	7395	6394
XR_923034	7391	7402	7393	7349	5249	7417	7418	7160	7396	972
XR_923047	7392	7403	6656	7350	6945	7418	7419	7161	7397	1032
XR_923048	7393	7404	6657	7351	7153	7419	7420	7162	7398	6395
XR_923107	7394	7405	6658	7352	5250	7420	7421	7163	7399	7278
XR_923108	7395	7406	6659	7353	1017	7421	7422	7164	7400	6396
XR_923109	7396	7407	6660	7354	7580	7422	7423	7165	7401	6397
XR_923257	7397	7408	6661	110	76	7423	7424	7166	7402	6398
XR_923313	7398	7409	1181	7355	5658	7424	7425	7167	7403	6399
XR_923318	7399	7410	6662	7356	1126	7425	7426	7168	7404	6400
XR_923522	7400	7411	6663	7357	6759	7426	7427	7169	7405	6401
XR_923544	7401	7412	6664	7358	5251	7427	7428	7170	7406	7233
XR_923592	7402	7413	7247	7359	7787	7428	7429	7171	7407	6402
XR_923639	7403	7414	6665	7360	7601	7429	7430	7551	7408	6403
XR_923645	7404	7415	1169	7361	7586	7430	7431	7172	7409	6404
XR_923732	7405	7416	6666	7362	5701	7431	7432	17	7410	6405
XR_923759	7406	7417	6667	7363	5252	7432	7433	74	7411	6406
XR_923927	7407	7418	6668	7364	475	7433	7434	7173	7412	6407
XR_923949	7408	7419	691	7365	5253	7434	7435	7174	7413	6408
XR_924014	7409	7420	1186	7366	5254	7435	7436	7743	7414	6409
XR_924032	7410	7421	6669	7367	5255	7436	7437	7175	7415	7449
XR_924105	7411	7422	6670	7368	2035	7437	7438	7176	7416	6410
XR_924160	7412	7423	6671	7369	1760	7438	7439	7177	7417	6411
XR_924171	7413	7424	6672	7370	2616	7439	7440	7178	7418	1018
XR_924265	222	7425	6673	7371	5256	7440	51	7179	7419	1307
XR_924357	7414	7426	6674	7372	5257	7441	48	7180	7420	6412
XR_924427	7415	7427	1316	7373	6226	7442	7441	7181	7421	6413
XR_924515	7416	7428	6675	7374	5258	7443	7442	7752	7422	6414
XR_924534	7417	7429	6676	7375	6227	7444	7443	7182	7423	6415
XR_924597	7418	7430	446	7376	5259	7445	7444	7183	7424	1091
XR_924812	7419	7431	6677	7377	808	7446	7445	7184	7425	6416
XR_925000	7420	7432	6678	7378	5260	7447	7446	7185	7426	808
XR_925020	7421	7433	6679	7379	5650	7448	7447	7186	7427	7592
XR_925061	7422	7434	6680	7380	6135	7449	7448	7187	7428	6417
XR_925212	7423	7435	6681	198	5261	7450	7449	7188	7429	158
XR_925336	7424	7436	6682	7381	5262	7451	7450	7189	7430	7408
XR_925630	7425	7437	613	7382	5263	7452	7451	7190	7431	6418
XR_925656	7426	7438	6683	7383	5696	7453	7452	7191	7432	6419
XR_925661	7427	7439	6684	7384	5264	7454	7453	7192	7433	7435
XR_925675	7428	7440	6685	7385	5623	7455	7454	7193	7434	312
XR_925725	7429	7441	6686	7386	1295	7456	7455	7194	7435	6420
XR_925737	7430	7442	1273	7387	5265	7457	7456	7195	7436	209
XR_926031	7431	7443	6687	7388	6946	7458	7457	7196	7437	6421
XR_926295	7432	7444	534	7389	5266	7459	7458	7197	7438	6422
XR_926300	7433	7445	110	7390	5267	7460	7459	7198	7439	6423
XR_926438	7434	7446	1070	7391	5268	7461	61	7199	7440	711
XR_926456	7435	7447	6688	7392	5574	7462	7460	84	7441	6424
XR_926477	7436	7448	7753	7393	5269	7463	7461	7200	7442	6425
XR_926497	7437	7449	7689	7394	2550	7464	7462	7201	7443	6426
XR_926501	7438	7450	6689	7395	6760	7465	7463	7202	7444	6427
XR_926603	7439	7451	6690	7396	685	7466	7464	7203	7445	6428
XR_926697	7440	7452	6691	7397	7253	7467	7465	7204	7446	6429
XR_926698	7441	7453	6692	7398	7444	7468	7466	7205	7447	702
XR_926705	7442	7454	6693	7399	1837	7469	7467	7206	7448	6430
XR_926706	7443	7455	6694	7400	7487	7470	7468	7207	7449	7322
XR_926759	7444	7456	209	7401	5270	7471	7469	7208	7450	6431
XR_926794	7445	7457	6695	7402	5271	7472	7470	181	7451	6432
XR_926943	7446	7458	6696	7403	2036	7473	7471	7209	7452	6433
XR_927004	7447	7459	6697	7404	6633	7474	7472	7210	7453	6434
XR_927073	7448	7460	6698	7405	5760	7475	7473	7211	7454	6435
XR_927091	7449	7461	404	7406	5272	7476	7474	7212	7455	760
XR_927142	7450	7462	6699	7407	2559	7477	7475	7213	7456	1074
XR_927146	7451	7463	6700	7408	7535	7478	7476	7214	7457	6436
XR_927159	7452	7464	6701	7409	1541	7479	7477	7679	7458	6437
XR_927207	7453	7465	6702	7410	6450	7480	7478	7215	7459	6438
XR_927235	7454	7466	6703	7411	630	7481	7479	7216	7460	6439
XR_927512	7455	7467	6704	7412	1174	7482	7480	7217	7461	6440
XR_927513	7456	7468	6705	7413	7515	7483	7481	7218	7462	6441
XR_927599	7457	7469	6706	7414	5990	7484	7482	7219	7463	6442
XR_927604	7458	7470	1103	7415	5273	7485	7483	7220	7464	654
XR_927722	7459	7471	1456	7416	5887	7486	7484	7221	7465	6443
XR_927813	7460	7472	1350	7417	1175	7487	7485	7222	7466	1319
XR_927844	7461	7473	6707	7418	6041	7488	7486	7223	7467	7580
XR_927951	7462	7474	6708	7419	842	7489	7487	7224	7468	6444
XR_927962	7463	7475	6709	7420	1296	7490	7488	7225	7469	6445
XR_928021	7464	7476	7106	7421	5274	7491	7489	7226	7470	7051
XR_928275	7465	7477	1362	7422	7696	7492	7490	7227	7471	6446
XR_928276	7466	7478	6710	7423	7484	7493	7491	7228	7472	6447
XR_928323	7467	7479	6711	7424	1974	7494	7492	7229	7473	6448
XR_928336	7468	7480	6712	7425	6228	7495	7493	7230	7474	6449
XR_928362	7469	7481	6713	7426	442	7496	7494	7231	7475	6450
XR_928431	7470	7482	148	7427	5275	7497	7495	7232	7476	6451
XR_928434	7471	7483	6714	7428	7568	7498	7496	7233	7477	6870
XR_928448	7472	7484	6715	7429	6015	7499	7497	7234	7478	6452
XR_928614	7473	7485	6716	7430	7767	7500	7498	7235	7479	6453
XR_928826	7474	7486	6717	7431	568	7501	7499	7236	7480	6454
XR_928895	7475	7487	6718	7432	1542	7502	7500	7237	7481	6455
XR_928896	7476	7488	6719	7433	7322	7503	7501	7238	7482	6456
XR_929025	7477	7489	6986	7434	5276	7504	7502	7239	7483	397
XR_929077	186	7490	6720	7435	2593	7505	7503	186	7484	6963
XR_929197	7478	7491	1563	7436	7285	7506	7504	7240	7485	602
XR_929439	7479	7492	6721	7437	5277	7507	7505	36	7486	6457
XR_929442	7480	7493	6722	7438	7719	7508	7506	7241	7487	6458
XR_929515	7481	7494	6723	18	5278	7509	7507	7242	7488	6459
XR_929531	7482	7495	6724	7439	1125	7510	7508	7243	7489	6460
XR_929540	7483	7496	7714	7440	5279	7511	7509	7244	7490	6461
XR_929550	224	7497	6725	7441	673	7512	7510	7245	7491	6462
XR_929599	7484	7498	6726	7442	153	7513	7511	7246	7492	6463
XR_929661	7485	7499	7375	7443	5280	7514	7512	7247	7493	6464
XR_929789	7486	7500	6727	7444	7701	7515	7513	7248	7494	6465
XR_929833	7487	7501	6728	7445	1674	7516	7514	7249	7495	6466
XR_929859	7488	7502	6729	7446	6483	7517	7515	7250	7496	6467
XR_929900	7489	7503	6730	7447	1456	7518	7516	7251	7497	6468
XR_930119	7490	7504	6731	7448	6761	7519	7517	7252	7498	6469
XR_930122	7491	7505	6732	7449	5745	7520	7518	7253	7499	6470
XR_930143	7492	7506	795	7450	5281	7521	7519	7254	7500	6471
XR_930270	7493	7507	6733	7451	5282	7522	7520	7255	7501	7694
XR_930332	7494	7508	7169	7452	517	7523	7521	7256	7502	6472
XR_930370	7495	7509	6734	7453	6451	7524	7522	7257	7503	6473
XR_930378	7496	7510	6735	7454	2403	7525	7523	7258	7504	6474
XR_930386	7497	7511	7332	7455	1033	7526	7524	7259	7505	6475
XR_930402	7498	7512	6736	7456	7621	7527	7525	7260	7506	6476
XR_930439	7499	7513	6737	7457	7501	7528	7526	7261	7507	6990
XR_930448	7500	7514	827	7458	5632	7529	7527	7262	7508	1127
XR_930457	7501	7515	6738	7459	1272	7530	7528	7263	7509	6477
XR_930463	7502	7516	6739	7460	1616	7531	7529	7264	7510	6478
XR_930472	7503	7517	6740	7461	5283	7532	7530	7265	7511	1044
XR_930528	7504	7518	6741	7462	2274	7533	47	330	7512	6479
XR_930580	7505	7519	6742	7463	728	7534	7531	7266	7513	6480
XR_930662	7506	7520	6743	7464	6042	7535	7532	7267	7514	6481
XR_930806	7507	7521	6744	7465	7533	7536	7533	7268	7515	6482
XR_930807	7508	7522	1374	7466	5284	7537	7534	7269	7516	7372
XR_930900	7509	7523	7463	7467	5285	7538	7535	7270	7517	6483
XR_930961	7510	7524	6745	7468	5286	7539	7536	7271	7518	7648
XR_930968	7511	7525	6746	7469	5287	7540	7537	7272	7519	1010
XR_931119	7512	7526	6747	7470	5288	7541	7538	59	7520	6484
XR_931142	7513	7527	6748	7471	7195	7542	7539	7273	7521	6485
XR_931213	7514	7528	6749	7472	5289	7543	7540	129	7522	6486
XR_931282	7515	7529	6750	7473	6719	7544	7541	7274	7523	6487
XR_931296	7516	7530	6751	7474	803	7545	7542	7275	7524	6488
XR_931426	7517	7531	6752	7475	5290	7546	7543	7276	7525	683
XR_931461	7518	7532	6753	7476	1675	7547	7544	7277	7526	6489
XR_931503	7519	7533	6754	7477	6877	7548	7545	7278	7527	1204
XR_931519	7520	7534	6755	7478	6919	7549	7546	7279	7528	6490
XR_931705	7521	7535	6756	7479	7302	7550	7547	7280	7529	6491
XR_931723	7522	7536	6757	7480	7131	7551	7548	7281	7530	6865
XR_931726	7523	7537	6758	7481	1861	7552	7549	7282	7531	6492
XR_931749	7524	7538	914	7482	5291	7553	7550	7283	7532	6868
XR_931796	7525	7539	6759	7483	1273	7554	7551	7284	7533	6493
XR_931979	7526	7540	6760	7484	5292	7555	7552	160	7534	6494
XR_932287	7527	7541	1519	7485	7301	7556	7553	7285	7535	1174
XR_932396	7528	7542	6761	7486	6947	7557	7554	7286	7536	6495
XR_932424	7529	7543	6762	7487	5293	7558	7555	7739	7537	6496
XR_932439	7530	7544	6763	7488	7005	7559	7556	7287	7538	6497
XR_932444	7531	7545	6764	7489	1399	7560	7557	7288	7539	6498
XR_932489	7532	7546	6765	7490	7232	7561	7558	7289	7540	6499
XR_932506	7533	7547	6766	7491	5640	7562	7559	7290	7541	7516
XR_932609	7534	7548	6767	7797	6653	7563	7560	7667	7542	6500
XR_932623	7535	7549	1336	7492	5294	7564	7561	7692	7543	6501
XR_932655	7536	7550	6768	7493	5295	7565	7562	7291	7544	7400
XR_932659	7537	7551	6769	7494	5296	7566	7563	7292	7545	7682
XR_932846	7538	7552	6770	7495	5297	7567	7564	153	7546	6502
XR_933049	7539	7553	162	7496	5298	7568	7565	7293	7547	6503
XR_933073	7540	7554	6771	41	2478	7569	7566	7294	16	6504
XR_933083	7541	7555	6772	7497	7485	7570	7567	7295	7548	6505
XR_933105	7542	7556	6773	7498	7415	7571	7568	7296	7549	6506
XR_933260	7543	7557	6774	7499	954	7572	7569	7297	7550	6507
XR_933516	7544	7558	6775	7500	7481	7573	7570	7298	7551	6508
XR_933519	7545	7559	6776	7501	5299	7574	7571	131	7552	6509
XR_933542	7546	7560	371	7502	5300	7575	7572	7299	7553	6510
XR_933623	7547	7561	6777	7503	7292	7576	7573	7300	7554	6511
XR_933871	7548	7562	6778	7504	510	7577	7574	7301	7555	6512
XR_933890	7549	7563	1475	289	604	7578	7575	7302	7556	6513
XR_933953	7550	7564	561	7505	5301	7579	7576	7303	7557	6514
XR_934120	7551	7565	6779	7506	6528	7580	7577	7304	7558	6515
XR_934129	7552	7566	6780	7507	6016	7581	7578	347	7559	6516
XR_934153	7553	7567	6781	7508	755	7582	7579	7305	7560	7067
XR_934156	7554	7568	6782	7509	1145	7583	7580	7306	7561	6517
XR_934178	7555	7569	1249	7510	6085	7584	7581	7307	7562	7417
XR_934222	7556	7570	6783	7511	607	7585	7582	7308	7563	6518
XR_934224	7557	7571	6784	7512	7157	7586	7583	7309	7564	6519
XR_934637	7558	7572	6785	7513	7109	7587	7584	7310	7565	6520
XR_934709	7559	7573	6786	7514	5302	7588	7585	7311	7566	130
XR_934741	7560	7574	6787	7515	2215	7589	7586	7312	7567	6521
XR_934749	7561	7575	6788	7516	504	7590	7587	7313	7568	1178
XR_934823	7562	7576	6789	7517	5303	7591	18	7314	7569	6522
XR_934884	7563	7577	7372	7518	5743	7592	7588	7315	7570	6523
XR_934982	7564	7578	6790	7519	6858	7593	7589	7316	7571	6524
XR_935087	7565	7579	7184	7520	6375	7594	7590	7317	7572	6525
XR_935131	7566	7580	420	7521	5436	7595	7591	7318	7573	6526
XR_935223	7567	7581	6791	7522	7241	7596	7592	7319	7574	6527
XR_935227	7568	7582	6792	7523	815	7597	7593	7320	7575	6528
XR_935275	7569	7583	6793	7524	5304	7598	7594	7321	7576	598
XR_935432	7570	7584	6794	7525	7162	7599	7595	7322	7577	1065
XR_935449	7571	7585	352	7526	5305	7600	7596	7323	7578	6529
XR_935591	7572	7586	6795	7527	5306	7601	7597	63	7579	6530
XR_935939	7573	7587	739	7528	5484	7602	7598	7324	7580	391
XR_935968	7574	7588	6796	7529	5307	7603	7599	7325	7581	6997
XR_935974	7575	7589	6797	7530	7525	7604	7600	7326	7582	7013
XR_935988	7576	7590	6798	7531	5308	7605	7601	7327	7583	650
XR_936063	7577	7591	7556	7532	5309	7606	7602	7328	7584	1281
XR_936165	7578	7592	6799	7533	7220	7607	7603	7329	7585	6531
XR_936213	7579	7593	1477	7534	776	7608	7604	7330	7586	6532
XR_936243	7580	7594	953	7535	5310	7609	7605	7331	7587	6856
XR_936336	7581	7595	6800	7536	5311	7610	7606	7332	7588	689
XR_936361	7582	7596	6801	7537	754	7611	7607	7333	7589	308
XR_936365	7583	7597	6802	7538	1543	7612	7608	7619	7590	6533
XR_936485	7584	7598	6803	7539	6254	7613	7609	7334	7591	6534
XR_936669	7585	7599	6804	7540	1925	7614	7610	7335	7592	6535
XR_936718	7586	7600	6805	7541	6920	7615	7611	7336	7593	6536
XR_936796	7587	7601	6806	120	6551	7616	7612	7337	7594	6929
XR_936817	7588	7602	6807	7542	5312	7617	7613	7796	7595	6537
XR_936894	7589	7603	6808	7543	6484	7618	7614	7338	7596	6538
XR_936960	7590	7604	6809	7544	5313	7619	7615	7339	7597	787
XR_936962	7591	7605	6810	7545	6787	7620	7616	7340	7598	6539
XR_936965	7592	7606	6811	7546	6706	7621	7617	7341	7599	6540
XR_936967	7593	7607	68	7547	52	7622	7618	7342	7600	6541
XR_937005	7594	7608	6812	7548	6678	7623	7619	7343	7601	6542
XR_937389	7595	7609	6813	7549	5314	7624	7620	7795	7602	6543
XR_937576	7596	7610	1116	7550	5315	7625	7621	7344	7603	7601
XR_937583	7597	7611	6814	7551	7310	7626	7622	7345	7604	6544
XR_938003	7598	7612	1351	7552	5560	7627	7623	7346	7605	6545
XR_938011	7599	7613	701	7553	5316	7628	7624	7347	7606	6546
XR_938114	7600	7614	1389	7554	6239	7629	7625	7348	7607	6547
XR_938256	7601	7615	6815	7555	158	7630	7626	7349	7608	6792
XR_938274	7602	7616	174	7556	5317	7631	7627	7350	7609	6548
XR_938308	7603	7617	6816	7557	7543	7632	7628	7351	7610	6549
XR_938398	7604	7618	6817	7558	1368	7633	7629	7352	7611	6550
XR_938407	7605	7619	6818	7559	6395	7634	7630	7353	7612	6551
XR_938449	91	7620	6819	242	5318	7635	7631	7354	7613	6552
XR_938452	7606	7621	6820	7560	7531	7636	7632	7355	7614	6553
XR_938580	7607	7622	6821	7561	7569	7637	7633	7356	7615	6913
XR_938724	7608	7623	6822	7562	5319	7638	7634	7357	7616	430
XR_938746	7609	7624	1599	7563	201	7639	7635	7358	7617	6554
XR_938800	7610	7625	6823	7564	2126	7640	7636	7359	7618	6555
XR_938877	7611	7626	6824	7565	5320	7641	7637	7360	7619	7234
XR_938956	7612	7627	6825	7566	7110	7642	7638	7361	7620	6556
XR_938983	7613	7628	6826	7567	5321	7643	7639	7697	7621	6557
XR_939059	7614	7629	6827	7568	7445	7644	7640	7362	7622	6558
XR_939085	7615	7630	599	7569	5322	7645	7641	7363	7623	6559
XR_939167	7616	7631	796	7570	5323	7646	7642	7364	7624	6560
XR_939187	7617	7632	6828	7571	5722	7647	7643	7365	7625	6561
XR_939351	7618	7633	6829	7572	5324	7648	7644	187	7626	6562
XR_939360	7619	7634	500	7573	5325	7649	7645	7366	7627	6563
XR_939389	7620	7635	6830	7574	5601	7650	7646	7367	7628	410
XR_939545	7621	7636	6831	7575	5326	7651	7647	7705	7629	6564
XR_939584	7622	7637	6832	7576	5327	7652	1	7368	7630	6565
XR_939621	7623	7638	6833	7577	7804	7653	7648	7369	7631	6566
XR_939674	7624	7639	1135	7578	1457	7654	7649	7370	7632	1386
XR_939719	7625	7640	6834	7579	867	7655	7650	7371	7633	6567
XR_939762	7626	7641	6835	7580	5328	7656	7651	7786	7634	6568
XR_939851	7627	7642	6836	7581	6859	7657	7652	7372	7635	6569
XR_939853	7628	7643	6837	7582	7066	7658	7653	7373	7636	6570
XR_940058	7629	7644	1399	7583	5329	7659	7654	7374	7637	7205
XR_940063	7630	7645	6838	7584	1034	7660	7655	7375	7638	6571
XR_940088	7631	7646	6839	7585	6164	7661	7656	7376	7639	6572
XR_940138	7632	7647	6840	7586	233	7662	7657	7377	7640	6573
XR_940241	7633	7648	6841	7587	7456	7663	7658	7378	7641	6574
XR_940258	7634	7649	6842	7588	7202	7664	7659	7379	7642	6575
XR_940316	7635	7650	6843	7589	790	7665	7660	7380	7643	1247
XR_940320	7636	7651	1605	7590	911	7666	7661	7529	7644	6576
XR_940322	7637	7652	6844	7591	5330	7667	7662	7381	7645	588
XR_940538	7638	7653	6845	7592	7168	7668	7663	7382	7646	6577
XR_940594	7639	7654	6846	7593	1676	7669	7664	7383	7647	6578
XR_940602	7640	7655	6847	7594	1176	7670	7665	7676	7648	6579
XR_940691	7641	7656	6848	7595	2425	7671	7666	356	7649	7471
XR_940874	7642	7657	6849	7596	6740	7672	7667	7384	7650	6580
XR_941082	7643	7658	6850	7597	5331	7673	7668	14	7651	6581
XR_941265	7644	7659	6851	7598	5332	7674	7669	7385	7652	7573
XR_941361	7645	7660	6852	7599	271	7675	7670	7386	7653	6582
XR_941434	7646	7661	1027	7600	2454	7676	7671	7387	7654	7113
XR_941496	7647	7662	6853	7601	1297	7677	7672	7388	7655	6583
XR_941565	7648	7663	821	7602	5333	7678	7673	7389	7656	7425
XR_941574	7649	7664	6854	14	2310	7679	7674	7390	7657	6584
XR_941719	7650	7665	359	7603	5334	7680	7675	7391	7658	6585
XR_941746	7651	7666	6855	7604	912	7681	7676	7766	7659	6586
XR_941760	7652	7667	7620	7605	5335	7682	7677	7392	7660	6587
XR_942079	7653	7668	6856	7606	5336	7683	7678	5	7661	6588
XR_942714	7654	7669	6857	7607	7730	7684	7679	7729	7662	6589
XR_942770	7655	7670	6858	7608	7247	7685	7680	7393	7663	6590
XR_943034	7656	7671	6859	7609	5337	7686	7681	47	7664	6591
XR_943149	7657	7672	6860	8	5338	7687	7682	7394	7665	6592
XR_943560	7658	7673	6861	7610	6885	7688	7683	7395	7666	6593
XR_943739	7659	7674	6862	7611	5845	7689	7684	7396	7667	6594
XR_943786	7660	7675	6863	7612	5339	7690	7685	80	7668	6595
XR_943825	7661	7676	6864	7613	6988	7691	7686	7397	7669	6596
XR_943848	7662	7677	6865	7733	6921	7692	7687	7398	7670	6597
XR_943849	7663	7678	6866	7614	7502	7693	7688	7399	7671	6598
XR_943867	7664	7679	6867	7615	437	7694	7689	7400	7672	6599
XR_943876	7665	7680	6868	7616	1950	7695	7690	7401	7673	6600
XR_943889	7666	7681	6869	7617	5795	7696	7691	7402	7674	6601
XR_943913	7667	7682	1311	7618	7742	7697	7692	7403	7675	6602
XR_943946	7668	7683	6870	7619	5340	7698	7693	7404	7676	7531
XR_943973	7669	7684	6871	7620	7654	7699	7694	7405	7677	6603
XR_944031	7670	7685	409	7621	5341	7700	7695	7406	7678	6604
XR_944092	7671	7686	6872	7622	5342	7701	7696	7407	7679	81
XR_944109	7672	7687	6873	7623	5343	7702	7697	7657	7680	38
XR_944180	7673	7688	7470	7624	5344	7703	7698	7570	7681	6605
XR_944185	7674	7689	6874	7625	1617	7704	7699	89	7682	6606
XR_944197	7675	7690	6875	7626	5345	7705	7700	7408	7683	147
XR_944280	7676	7691	6876	7627	6452	7706	7701	7409	7684	6607
XR_944323	7677	7692	6877	7628	1926	7707	7702	7410	7685	6608
XR_944407	7678	7693	6878	7629	5346	7708	7703	7411	7686	498
XR_944410	52	7694	6879	7630	7503	7709	7704	189	7687	1400
XR_944430	7679	7695	7710	7631	5347	7710	7705	7630	7688	6609
XR_944446	7680	7696	6880	7632	1369	7711	7706	7412	7689	6610
XR_944571	7681	7697	7290	7633	1105	7712	7707	7413	7690	6736
XR_944812	7682	7698	6881	7634	59	7713	7708	7414	7691	6918
XR_944896	7683	7699	6882	7635	6814	7714	7709	7415	7692	6611
XR_944925	7684	7700	6883	7636	197	7715	7710	7416	7693	6612
XR_944957	7685	7701	6884	7637	586	7716	7711	7417	7694	672
XR_944987	7686	7702	7775	7638	5348	7717	7712	7418	7695	6613
XR_945057	7687	7703	7432	7639	5349	7718	7713	7419	7696	472
XR_945114	7688	7704	6885	7640	6344	7719	7714	7420	7697	6614
XR_945481	7689	7705	6886	7641	5350	7720	7715	49	7698	6615
XR_945483	7690	7706	1125	7642	5351	7721	7716	7421	7699	6616
XR_945493	7691	7707	6887	7643	5352	7722	7717	55	7700	6617
XR_945577	7692	7708	130	7644	5353	7723	7718	7422	7701	6618
XR_945601	7693	7709	199	7645	5354	7724	7719	7423	7702	6619
XR_945806	7694	7710	6888	7646	6255	7725	7720	7424	7703	6620
XR_945923	7695	7711	6889	7647	6507	7726	7721	7425	7704	6621
XR_946246	7696	7712	1423	7648	777	7727	7722	7426	7705	1352
XR_946315	7697	7713	443	7649	5355	7728	7723	7427	7706	912
XR_946316	7698	7714	6890	7650	1838	7729	7724	7428	7707	6622
XR_946386	7699	7715	6891	7651	709	7730	7725	7429	7708	6830
XR_946543	7700	7716	6892	7652	159	7731	7726	7430	7709	6623
XR_946617	7701	7717	6893	7653	184	7732	7727	7431	7710	6624
XR_946661	7702	7718	1529	7654	6508	7733	7728	7432	7711	6625
XR_946699	7703	7719	6894	184	2548	7734	7729	7433	7712	101
XR_946730	7704	7720	6895	7655	1711	7735	7730	7434	7713	6626
XR_946762	7705	16	6896	7656	5356	7736	7731	7435	7714	6627
XR_946813	7706	7721	281	7657	5357	7737	7732	7436	7715	6628
XR_946815	7707	7722	6897	7658	1092	7738	7733	7437	7716	6629
XR_946886	7708	7723	6898	7659	5358	7739	7734	7438	7717	7671
XR_946912	7709	7724	6899	7660	5359	7740	7735	7439	7718	77
XR_946984	7710	7725	149	7661	5360	7741	7736	7440	7719	6630
XR_946989	7711	7726	6900	7662	5361	7742	7737	7441	7720	1020
XR_946991	7712	7727	6901	84	5362	7743	7738	7442	7721	6631
XR_947067	7713	7728	6902	7663	5837	7744	7739	7443	7722	6632
XR_947068	7714	7729	6903	7664	1047	7745	7740	7444	7723	1371
XR_947082	7715	7730	6904	7665	5363	7746	68	100	7724	6633
XR_947118	7716	7731	6905	169	5425	7747	7741	203	7725	33
XR_947155	7717	7732	6906	7666	5364	7748	7742	7445	7726	7572
XR_947200	7718	7733	6907	7667	710	7749	7743	7665	7727	6634
XR_947255	7719	7734	346	7668	5365	7750	7744	7446	7728	6635
XR_947287	7720	7735	6908	7669	6287	7751	7745	7447	7729	836
XR_947297	7721	7736	6909	7670	7357	7752	7746	7448	7730	737
XR_947470	7722	7737	1068	7671	5366	7753	7747	7449	7731	6636
XR_947565	7723	7738	6910	7672	1927	7754	7748	7450	7732	6637
XR_947578	7724	7739	6911	118	7577	7755	7749	7451	7733	6638
XR_947610	7725	7740	6912	7673	5367	7756	7750	125	7734	6639
XR_947722	7726	7741	6913	7674	5427	1	7751	7452	7735	6640
XR_947737	7727	7742	6914	175	5368	7757	7752	7453	7736	6641
XR_947744	7728	7743	6915	7675	5778	7758	7753	7454	7737	7371
XR_947756	7729	42	7305	7676	1333	7759	7754	7455	7738	6642
XR_947871	7730	7744	6916	7677	1975	7760	7755	7456	7739	6643
XR_947993	7731	7745	562	7678	232	7761	7756	7457	7740	626
XR_948004	7732	7746	6917	7679	6965	7762	7757	7458	7741	6644
XR_948100	7733	7747	6918	7680	791	7763	63	7459	7742	6645
XR_948140	7734	7748	6919	7681	1699	7764	7758	7541	7743	6646
XR_948141	7735	7749	6920	7682	5369	7765	7759	7460	7744	473
XR_948146	7736	7750	7005	7683	1458	7766	7760	7461	7745	6647
XR_948298	7737	7751	6921	7684	307	7767	7761	7462	7746	6648
XR_948374	7738	7752	6922	7685	7196	7768	7762	57	7747	6649
XR_948588	7739	7753	797	7686	5370	7769	7763	7601	7748	6650
XR_948675	7740	7754	6923	7687	6860	7770	7764	7463	7749	6651
XR_948815	7741	7755	6924	7688	5847	7771	7765	7554	7750	6652
XR_948899	7742	7756	6925	7689	1761	7772	7766	7464	7751	6653
XR_949030	7743	7757	6926	7690	5371	7773	7767	7465	7752	1023
XR_949163	7744	7758	6927	7691	5372	7774	7768	7466	7753	7092
XR_949167	7745	7759	1190	7692	5373	7775	7769	7467	7754	6654
XR_949274	7746	7760	6928	7693	7521	7776	7770	7468	7755	6655
XR_949285	7747	7761	6929	7694	5374	7777	7771	7761	7756	6656
XR_949327	7748	7762	6930	7695	5375	7778	7772	7469	21	6657
XR_949328	7749	7763	6931	7696	5376	7779	7773	7793	7757	6658
XR_949335	7750	7764	487	7697	1298	7780	7774	7470	7758	6659
XR_949419	7751	7765	6932	7698	6722	7781	7775	7471	7759	6660
XR_949603	7752	7766	6933	7699	5377	7782	7776	7472	7760	7515
XR_949614	7753	7767	1018	7700	5378	7783	7777	127	7761	6661
XR_949689	7754	7768	6934	7701	1323	7784	7778	7473	7762	6662
XR_949871	7755	7769	1122	7702	247	7785	7779	7474	7763	6663
XR_949903	7756	7770	798	7703	2147	7786	7780	7475	7764	6664
XR_949988	7757	7771	6935	7704	2037	7787	7781	7476	7765	6665
XR_950140	119	7772	6936	248	5379	7788	7782	7477	7766	6666
XR_950219	7758	7773	6937	7705	1582	7789	7783	7478	7767	6667
XR_950253	96	7774	6938	7706	5521	7790	7784	7479	7768	6668
XR_950269	7759	7775	6939	7707	2224	7791	7785	7480	7769	6669
XR_950273	7796	7776	6940	7708	5380	7792	7786	7481	7770	6670
XR_950297	7760	7777	1585	7709	1978	7793	7787	7482	7771	6671
XR_950387	7761	7778	6941	7710	5381	7794	7788	77	7772	6905
XR_950857	7762	7779	6942	7711	1048	7795	7789	7483	7773	6672
XR_950905	55	7780	5	7712	5382	7796	7790	7484	7774	6673
XR_950984	7763	7781	1166	7713	5511	7797	7791	7485	7775	6674
XR_951150	7764	7782	6943	7714	5383	7798	7792	7486	7776	1017
XR_951290	121	7783	6944	7715	5384	7799	7793	7487	7777	6675
XR_951367	7765	7784	949	7716	5385	7800	7794	7488	7778	504
YP_003024027	7766	7785	503	7717	5386	7801	7795	7489	7779	6676
YP_003024028	7767	7786	905	7718	5387	7802	7796	7490	7780	6677
YP_003024030	7768	7787	1233	7719	5388	7803	7797	374	7781	6678
YP_003024031	7769	7788	1123	7720	5389	7804	7798	7491	7782	6679
YP_003024032	7770	7789	669	7721	5390	7805	7799	7492	7783	6680
YP_003024035	7771	7790	1170	7722	5391	7806	7800	7493	7784	6681
