DENV1	DENV2	HSV1	EBOLA	HRV	HIV	RSV	STAPH	IAV	HCMV
NM_000024	203	49	1053	251	1240	39	55	290	104	453
NM_000029	204	50	1054	252	1241	40	56	291	105	208
NM_000030	205	51	1055	253	1242	41	22	292	106	924
NM_000064	20	52	380	205	657	32	57	180	107	3617
NM_000067	206	53	1056	254	575	42	58	293	108	682
NM_000074	207	54	1057	255	4171	43	59	207	109	925
NM_000089	208	55	1058	256	941	44	60	294	110	4104
NM_000090	209	56	1059	257	4181	45	61	295	111	4191
NM_000095	210	57	63	258	14	46	62	296	112	4050
NM_000104	211	58	4177	259	19	47	63	297	113	3892
NM_000127	212	59	1060	260	1243	48	64	298	114	3698
NM_000129	213	60	1061	4196	1244	49	65	299	115	573
NM_000138	214	61	1062	261	1245	50	66	300	116	4016
NM_000165	215	62	3808	262	1246	51	67	301	117	4109
NM_000170	216	63	1063	263	1247	52	68	302	118	119
NM_000185	217	64	1064	264	3564	53	69	303	119	926
NM_000189	218	65	4059	265	1248	54	70	304	120	927
NM_000193	219	66	850	266	1249	55	71	305	121	384
NM_000196	220	67	1065	267	3152	56	72	306	122	345
NM_000201	5	68	52	229	1235	57	73	259	63	928
NM_000217	221	69	880	268	1250	58	74	307	123	49
NM_000229	222	70	1066	269	1220	59	75	308	124	3755
NM_000237	223	71	1067	270	3477	60	76	309	4199	80
NM_000256	224	72	18	271	204	61	77	4042	125	929
NM_000265	225	73	1068	31	1251	27	78	310	94	930
NM_000266	226	74	65	272	4080	62	79	311	126	931
NM_000270	227	75	1069	273	1252	63	80	312	127	595
NM_000334	228	76	1070	274	3903	64	81	313	128	932
NM_000350	229	77	1071	275	1253	65	82	314	129	4030
NM_000358	230	78	3710	276	1174	66	83	315	68	4059
NM_000362	231	79	3809	277	1254	67	84	316	130	4144
NM_000363	232	80	1072	278	1255	68	85	317	131	394
NM_000370	233	81	1073	279	3237	69	86	318	132	161
NM_000383	234	82	60	280	1256	70	87	319	133	933
NM_000384	235	83	1074	281	1257	71	88	43	134	3500
NM_000393	236	84	1075	282	1258	72	89	320	135	3838
NM_000396	237	85	1076	283	1259	73	90	321	136	3679
NM_000397	238	86	1077	223	968	14	91	322	31	934
NM_000422	26	87	1078	284	1260	74	32	289	137	3908
NM_000428	239	88	1079	285	3101	75	92	323	138	4005
NM_000429	240	89	3923	286	1261	76	93	44	139	532
NM_000434	241	90	1080	287	1262	77	94	324	140	626
NM_000479	242	91	678	288	1087	78	95	325	141	935
NM_000517	243	92	21	289	1263	79	96	326	142	936
NM_000518	244	93	1081	290	4196	80	97	327	143	937
NM_000525	245	94	1082	291	1264	81	98	328	144	421
NM_000526	99	95	833	292	1265	82	46	329	145	938
NM_000538	246	96	4143	293	1266	83	99	330	146	900
NM_000558	247	97	7	294	3449	84	100	331	147	469
NM_000575	41	98	1083	72	4149	85	101	332	148	3509
NM_000584	7	99	1084	9	1267	86	21	4	149	719
NM_000586	248	100	1085	295	1268	9	102	333	150	939
NM_000593	131	101	3741	151	1269	87	103	334	48	867
NM_000594	48	102	706	166	1270	88	104	31	32	940
NM_000599	249	103	4095	296	3147	89	105	335	151	4201
NM_000602	186	104	876	189	1271	90	106	336	33	3956
NM_000612	250	105	125	297	1272	91	107	337	152	941
NM_000613	251	106	1086	298	1273	92	108	4066	4197	942
NM_000619	252	107	1087	299	812	93	109	338	40	943
NM_000623	253	108	1088	300	1274	94	110	339	153	4182
NM_000625	197	109	1089	301	1275	95	111	340	154	291
NM_000633	254	110	4174	302	1276	96	112	341	155	944
NM_000634	255	111	1090	303	986	97	113	342	156	945
NM_000641	256	112	986	304	1277	98	38	233	157	946
NM_000667	257	113	1091	305	3389	99	114	343	158	947
NM_000676	258	114	1092	306	3527	100	115	344	159	948
NM_000681	259	115	1093	307	1199	101	116	345	160	3843
NM_000682	260	116	1094	308	8	102	117	346	161	122
NM_000683	261	117	1095	309	1278	103	118	347	162	326
NM_000684	262	118	1096	310	1279	104	119	348	163	83
NM_000689	263	119	1097	214	1280	105	120	349	164	4196
NM_000697	264	120	486	311	1281	106	121	350	165	949
NM_000700	265	121	1098	312	3440	107	122	351	166	3619
NM_000702	266	122	644	313	3419	108	123	352	167	4020
NM_000704	27	123	1007	314	3203	109	124	353	168	950
NM_000710	267	124	1099	315	1282	110	125	354	169	4012
NM_000728	268	125	1100	316	1283	111	126	355	170	272
NM_000741	269	126	1101	317	1178	112	127	356	171	56
NM_000745	270	127	1102	318	1284	113	128	357	172	140
NM_000747	271	128	1103	319	1285	114	129	358	173	627
NM_000756	272	129	1104	4174	1286	115	130	359	174	951
NM_000758	155	130	1105	320	1287	116	131	186	175	952
NM_000762	273	131	1106	321	3331	117	132	360	176	3571
NM_000797	274	132	407	322	756	118	133	361	177	953
NM_000820	275	133	1107	323	1288	119	134	362	178	4063
NM_000831	276	134	1108	324	1289	120	135	363	179	111
NM_000864	277	135	3766	325	38	121	136	364	180	75
NM_000871	278	136	3906	326	1290	122	137	365	181	623
NM_000905	279	137	1109	327	1291	123	138	366	182	245
NM_000911	280	138	1110	328	1292	124	139	367	183	324
NM_000954	281	139	1012	329	674	125	140	368	184	3676
NM_000956	282	140	1111	330	1293	126	141	369	185	330
NM_000958	66	141	1112	331	1294	127	142	370	186	828
NM_000961	283	142	1113	332	916	128	143	371	187	4193
NM_000963	107	143	1114	333	1295	129	144	372	188	3595
NM_001001396	284	144	1115	334	1234	130	145	373	189	3917
NM_001001414	285	145	1116	335	1296	131	146	374	190	589
NM_001001437	100	146	1117	52	3165	17	147	375	191	544
NM_001001557	286	147	1118	336	1297	132	148	376	192	3972
NM_001001791	78	148	1119	337	1230	133	149	377	193	954
NM_001001821	287	149	1120	338	1298	134	150	378	194	197
NM_001001852	288	150	806	339	1299	135	151	379	195	955
NM_001001888	289	151	494	340	1300	136	152	380	196	956
NM_001002029	290	152	937	341	1301	137	153	381	29	3499
NM_001002762	291	153	1121	342	4127	138	154	382	197	957
NM_001004125	292	154	4000	343	1302	139	155	383	198	958
NM_001004354	293	155	1122	344	1092	140	156	384	199	265
NM_001004432	294	156	1123	345	3436	141	157	385	200	959
NM_001004434	295	157	1124	346	1303	142	158	386	201	460
NM_001004456	296	158	1125	347	3519	143	159	387	202	960
NM_001005176	297	159	1126	65	852	144	160	388	203	672
NM_001005238	298	160	8	348	1304	145	161	389	204	961
NM_001005328	299	161	1127	349	4017	146	162	390	205	781
NM_001005473	4199	162	1128	350	1305	147	163	391	206	603
NM_001005495	300	163	1129	351	1306	148	164	392	207	159
NM_001006622	301	164	4123	352	988	149	165	393	208	962
NM_001006665	302	165	1130	353	347	150	166	394	209	963
NM_001007090	303	166	4070	354	3698	151	167	395	210	964
NM_001007538	304	167	4016	355	1307	19	168	396	211	277
NM_001007563	4178	168	1131	356	861	152	169	397	212	66
NM_001008391	305	169	1132	357	3245	153	170	4138	213	3849
NM_001008537	306	170	1133	358	1308	154	171	398	214	35
NM_001008783	307	171	1134	359	1309	155	172	399	215	282
NM_001009610	308	172	1135	360	4059	156	173	400	216	3670
NM_001009614	309	173	1136	361	1310	157	174	112	217	965
NM_001010844	310	174	4084	362	1311	158	175	401	218	966
NM_001010847	311	175	1137	363	1312	159	176	402	219	331
NM_001010905	113	176	1138	364	3320	160	177	403	220	967
NM_001010908	312	177	757	365	1313	161	178	404	221	431
NM_001010917	313	178	1139	366	3262	162	179	405	222	232
NM_001010980	314	179	1140	367	762	163	180	406	223	479
NM_001010987	315	180	1141	368	608	164	181	407	69	918
NM_001011719	316	181	1142	369	3308	165	182	408	224	968
NM_001012508	317	182	1143	370	526	166	183	409	225	3578
NM_001012968	318	183	4017	371	1314	167	184	410	226	969
NM_001013257	4198	184	1144	372	3346	168	185	411	227	970
NM_001013628	319	185	711	373	1315	169	186	412	228	78
NM_001013632	320	186	449	374	1316	170	187	413	229	971
NM_001013653	321	187	1145	375	1317	171	188	414	230	191
NM_001013693	322	188	1146	376	1318	172	189	415	231	4154
NM_001013699	323	189	1147	245	936	173	190	416	232	972
NM_001013706	324	190	912	377	1319	174	191	417	233	113
NM_001013734	325	191	495	378	1320	175	192	418	234	357
NM_001013735	326	192	1148	379	1321	176	193	419	235	205
NM_001014440	115	193	166	380	1322	177	194	420	236	973
NM_001014448	327	194	1149	381	1323	178	195	421	237	4128
NM_001015049	328	195	896	382	179	179	196	422	238	974
NM_001015072	329	196	1150	383	1001	180	197	423	239	975
NM_001017368	330	197	1151	384	219	181	198	424	240	976
NM_001017992	331	198	3758	385	3341	182	199	425	241	977
NM_001018024	332	199	4014	386	3182	183	200	426	242	978
NM_001018073	333	23	1152	387	1324	184	201	427	243	979
NM_001024210	334	200	4110	388	1325	185	202	428	244	980
NM_001024401	335	201	3784	234	1326	186	203	429	245	173
NM_001024611	336	202	1153	389	1327	187	204	4152	246	981
NM_001024843	337	203	1154	390	906	188	205	430	247	982
NM_001024948	338	204	3750	391	3128	189	206	431	248	696
NM_001025266	339	205	3805	392	349	190	207	432	249	730
NM_001025357	340	206	3981	393	1328	191	208	433	250	3922
NM_001029858	341	207	3731	394	1329	192	209	434	251	286
NM_001029955	342	208	713	395	1330	193	210	435	252	983
NM_001030001	343	209	1155	396	3212	194	211	436	253	3772
NM_001030007	344	210	1156	397	651	195	212	437	254	984
NM_001030060	345	211	1157	398	451	196	213	247	255	3608
NM_001031834	346	212	385	399	1057	197	214	438	256	985
NM_001032280	347	213	1158	400	1166	198	215	439	257	3693
NM_001032367	348	214	1159	401	401	199	216	440	258	986
NM_001032731	61	215	1160	66	1331	200	217	441	259	987
NM_001033056	349	216	549	402	103	201	218	442	260	988
NM_001033521	350	217	1161	403	3796	202	219	443	261	989
NM_001034841	351	218	1162	404	948	203	220	444	262	990
NM_001037165	352	219	3982	405	1332	204	221	445	263	991
NM_001037582	353	220	3937	406	1333	205	222	446	264	992
NM_001039111	354	221	1163	407	1334	206	223	447	265	165
NM_001039211	355	222	1042	408	933	207	224	448	266	993
NM_001039380	356	223	1164	409	3797	208	225	4033	267	994
NM_001039396	357	224	1165	410	976	209	226	4060	268	995
NM_001039771	358	225	1166	237	1175	210	227	449	269	3901
NM_001039792	359	226	1167	411	3883	211	228	450	270	3860
NM_001039844	360	227	1168	412	1335	212	229	451	271	663
NM_001039888	361	228	3727	413	3294	213	230	452	272	996
NM_001039905	362	229	1169	414	3314	214	231	453	273	317
NM_001039938	363	230	694	415	3439	215	232	454	274	847
NM_001040274	364	231	1170	416	3976	216	233	455	275	997
NM_001040874	365	232	888	152	3191	217	234	456	276	872
NM_001042	366	233	1171	417	1169	218	235	457	277	86
NM_001042679	367	234	1172	418	641	219	236	458	278	998
NM_001044	368	235	1173	419	1336	220	237	459	279	297
NM_001045	369	236	721	420	280	221	238	460	280	999
NM_001048212	370	237	1174	421	698	222	239	461	281	1000
NM_001048249	371	238	4167	422	1337	223	240	462	282	1001
NM_001049	372	239	1175	423	891	224	241	463	283	3861
NM_001050	373	240	1176	424	17	225	242	464	99	103
NM_001057	374	241	1177	425	3730	226	243	465	284	1002
NM_001062	375	242	1178	426	3258	227	244	466	285	1003
NM_001078172	376	243	1179	427	322	228	245	467	286	1004
NM_001080446	377	244	561	428	834	229	246	468	287	1005
NM_001080461	378	245	96	429	1338	230	247	469	288	739
NM_001080467	379	246	3847	430	1339	231	248	470	289	5
NM_001080482	380	247	54	431	1340	232	249	471	290	3593
NM_001080497	4195	248	1180	432	1341	233	250	472	291	1006
NM_001080830	381	249	642	433	1342	234	251	473	292	160
NM_001085	382	250	1181	434	1343	235	252	227	293	4072
NM_001085399	383	251	915	435	571	236	253	474	294	874
NM_001089	384	252	3947	436	3100	237	254	475	295	772
NM_001089591	385	253	3955	437	1344	238	255	476	296	1007
NM_001097634	386	254	1182	438	546	239	256	477	297	1008
NM_001098577	387	255	3917	439	230	240	257	478	298	3931
NM_001098621	388	256	3959	440	1345	241	258	479	299	434
NM_001098817	389	257	1183	441	3643	242	259	480	300	788
NM_001099221	390	258	1184	195	63	243	260	481	301	1009
NM_001099222	391	259	3726	442	554	244	261	482	302	658
NM_001099337	392	260	1185	443	3593	245	262	483	303	913
NM_001099439	393	261	1186	444	312	246	263	484	304	310
NM_001099668	394	262	1187	445	411	247	264	485	305	1010
NM_001099783	395	263	1188	446	134	248	265	486	306	1011
NM_001099784	396	264	1189	447	428	249	266	487	307	1012
NM_001100	397	265	964	448	3528	250	267	488	308	1013
NM_001100400	398	266	3966	449	1346	251	268	489	309	551
NM_001100619	399	267	979	450	883	252	269	490	310	801
NM_001100625	400	268	1190	451	3565	253	270	491	311	876
NM_001100829	401	269	4073	452	1347	254	271	492	312	644
NM_001101330	402	270	1191	453	3305	255	272	493	313	1014
NM_001101338	403	271	4009	454	1348	256	273	494	314	1015
NM_001101340	404	272	67	455	1349	257	274	141	315	1016
NM_001101372	405	273	1192	456	1350	258	275	495	316	124
NM_001105574	406	274	1193	457	1351	259	276	496	317	137
NM_001110215	407	275	1194	458	547	260	277	497	318	1017
NM_001110556	408	276	504	459	1352	261	278	498	319	3462
NM_001113495	409	277	1195	460	195	262	279	499	320	1018
NM_001114620	410	278	1196	461	215	263	280	500	321	1019
NM_001114633	411	279	1197	462	328	264	281	501	322	1020
NM_001122674	412	280	3853	463	1353	265	282	4028	323	529
NM_001122681	413	281	1198	464	283	266	283	502	324	1021
NM_001124	414	282	56	126	1202	267	284	503	325	3494
NM_001124758	415	283	1199	465	1179	268	285	504	326	85
NM_001126049	416	284	4080	466	1354	269	286	505	327	1022
NM_001126051	417	285	1200	467	3970	270	287	506	328	1023
NM_001126060	418	286	251	468	1355	271	288	507	329	1024
NM_001126063	419	287	3893	469	1356	272	289	508	330	538
NM_001127	420	288	282	470	1357	273	290	509	331	1025
NM_001127228	421	289	1201	471	4071	274	291	510	332	1026
NM_001127380	183	290	1202	472	1358	275	292	92	97	1027
NM_001127889	422	291	1203	473	3535	276	293	511	333	1028
NM_001128147	423	292	1204	474	3956	277	294	512	334	1029
NM_001128933	424	293	1205	475	1359	278	295	513	335	4171
NM_001129742	425	294	1206	476	4068	279	296	514	336	1030
NM_001129908	426	295	1207	4163	1360	280	297	515	337	1031
NM_001130022	427	296	1208	477	3456	281	298	516	338	593
NM_001130071	428	297	1209	478	3791	282	299	517	339	1032
NM_001130527	429	298	1210	479	658	283	300	518	340	1033
NM_001130677	430	299	3753	228	823	284	301	519	341	480
NM_001130849	431	300	831	480	3529	285	302	520	342	1034
NM_001130913	432	301	4078	481	1361	286	303	521	343	766
NM_001134848	433	302	4126	4180	3284	287	304	522	344	1035
NM_001135032	434	303	430	482	3390	288	305	523	345	1036
NM_001135147	188	304	1211	483	1079	289	306	524	346	638
NM_001135241	435	305	1212	484	372	290	307	525	347	3817
NM_001135592	436	306	922	485	336	291	308	526	348	1037
NM_001135663	437	307	1213	486	1362	292	309	527	349	371
NM_001135702	438	308	543	487	1363	293	310	528	350	1038
NM_001136004	439	309	828	488	1364	294	311	529	351	817
NM_001136262	440	310	4196	489	1365	295	312	530	352	1039
NM_001136271	441	311	1214	490	1366	296	313	531	353	419
NM_001137560	442	312	1215	491	1367	297	314	532	354	243
NM_001141972	443	313	3850	492	251	298	315	4036	355	3570
NM_001142287	444	314	1216	493	145	299	316	533	356	1040
NM_001142298	445	315	3849	494	3877	300	317	534	357	3518
NM_001142571	446	316	1217	495	72	301	318	535	358	3900
NM_001142806	447	317	129	496	1075	302	319	536	359	1041
NM_001143781	448	318	1218	497	3823	303	320	537	360	1042
NM_001143821	449	319	1219	498	3968	304	321	538	361	3609
NM_001143937	450	320	1220	499	68	305	322	539	362	1043
NM_001143976	451	321	119	500	1237	306	323	540	363	1044
NM_001144000	452	322	803	501	1368	307	324	541	364	1045
NM_001144950	453	323	1221	502	1369	308	325	542	365	4148
NM_001144990	454	324	1222	503	1370	309	326	543	102	370
NM_001144994	4183	325	3728	504	1371	310	327	544	366	279
NM_001145033	73	9	16	505	1372	311	28	545	367	733
NM_001145044	455	326	1223	506	88	312	328	546	368	835
NM_001145064	4196	327	1224	4146	1373	313	329	547	369	1046
NM_001145077	456	328	3690	507	1374	314	330	548	370	572
NM_001145080	457	329	1225	508	1375	315	331	4101	371	13
NM_001145155	458	330	1226	509	850	316	332	549	372	4086
NM_001145165	459	331	1227	510	418	317	333	550	373	527
NM_001145176	460	332	507	511	1376	318	334	551	374	168
NM_001145205	461	333	1228	512	4160	319	335	552	375	718
NM_001145250	462	334	572	513	1377	320	336	553	376	671
NM_001145306	463	335	1229	514	613	321	337	554	377	1047
NM_001145373	137	336	1230	515	1378	322	338	555	378	1048
NM_001145402	464	337	1231	516	1136	323	51	76	379	777
NM_001145513	465	338	338	517	1379	324	339	556	380	1049
NM_001145639	466	339	1232	518	1380	325	340	557	381	3874
NM_001145678	467	340	1233	519	1381	326	341	558	382	3795
NM_001145710	468	341	1234	520	4042	327	342	559	383	1050
NM_001145720	469	342	1235	521	1382	328	343	560	384	255
NM_001159279	470	343	1236	522	111	329	344	561	385	1051
NM_001159920	471	344	1237	523	112	330	345	562	386	1052
NM_001160094	472	345	1238	524	711	331	346	563	387	1053
NM_001160174	473	346	1239	525	535	332	347	4049	388	1054
NM_001161334	474	347	1240	526	311	333	348	564	389	1055
NM_001161376	475	348	800	527	3973	334	349	237	390	1056
NM_001161528	476	349	1241	528	1383	335	350	4141	391	1057
NM_001163257	477	350	1242	529	1384	336	351	565	392	3722
NM_001163438	478	351	1243	530	3960	337	352	566	393	1058
NM_001164093	479	352	1244	531	548	338	353	567	394	1059
NM_001164382	480	353	1245	532	117	339	354	568	395	1060
NM_001164390	481	354	1246	40	1385	340	355	4095	396	1061
NM_001164405	482	355	1247	533	1386	341	356	569	397	40
NM_001164436	483	356	1248	534	3404	342	357	570	398	1062
NM_001165	19	357	1249	177	1387	343	358	571	399	1063
NM_001165252	484	358	1250	535	1388	344	359	48	400	1064
NM_001165255	485	359	492	536	1389	345	360	572	401	1065
NM_001165931	486	360	3691	537	1390	346	361	573	402	404
NM_001166169	487	361	1251	538	3573	347	362	574	403	1066
NM_001167676	488	362	133	539	1125	348	363	575	404	1067
NM_001167947	489	363	1252	540	272	349	364	576	405	1068
NM_001168214	490	364	1253	541	1391	350	365	577	406	555
NM_001168368	491	365	1254	542	141	351	366	578	407	3473
NM_001168388	492	366	938	543	1392	352	367	579	408	4138
NM_001168389	493	367	1255	544	1393	353	368	580	409	4056
NM_001169111	494	368	1256	545	659	354	369	581	410	1069
NM_001170719	495	369	987	546	382	355	370	582	411	1070
NM_001170755	496	370	1257	547	3706	356	371	583	412	1071
NM_001172	497	371	3696	548	1193	357	372	584	413	96
NM_001172567	498	372	1258	549	493	358	373	585	414	1072
NM_001172639	499	373	1259	550	121	359	374	586	415	1073
NM_001172697	500	374	1260	551	3827	360	375	587	416	1074
NM_001172699	501	375	1261	552	4020	361	376	588	417	1075
NM_001172896	502	376	1262	553	1394	362	377	589	418	4045
NM_001173408	503	377	1263	554	377	363	378	590	419	1076
NM_001176	504	378	1264	555	1395	364	379	591	4193	180
NM_001177	505	379	4124	556	1214	365	380	592	420	1077
NM_001189	506	380	3751	557	1396	366	381	593	421	633
NM_001190452	507	381	464	558	13	367	382	3	422	1078
NM_001190467	508	382	1265	559	686	368	383	594	423	281
NM_001190470	509	383	829	560	3431	369	384	96	424	1079
NM_001190472	510	384	1010	561	3116	370	385	106	425	1080
NM_001190476	511	385	1030	562	1397	371	386	61	426	1081
NM_001190478	512	386	1266	563	1398	372	20	111	427	895
NM_001190479	513	387	1267	4168	1399	373	387	595	428	327
NM_001190702	514	388	804	564	3668	374	388	62	429	1082
NM_001190708	515	389	1003	565	3254	375	389	13	430	1083
NM_001190796	516	390	1268	566	3987	376	390	596	431	1084
NM_001190943	517	391	1269	53	1122	377	391	597	432	1085
NM_001190980	518	392	558	567	1400	378	392	598	433	1086
NM_001193466	519	393	413	568	1401	379	393	599	434	1087
NM_001194	520	394	1270	4140	3511	380	394	600	435	1088
NM_001195076	521	395	1271	569	1402	381	395	601	436	448
NM_001195135	522	396	303	570	1403	382	396	602	437	1089
NM_001195216	523	397	3733	571	3955	383	397	4070	438	1090
NM_001195571	524	398	618	572	1404	384	14	603	439	1091
NM_001195620	525	399	3825	573	3536	385	398	604	440	754
NM_001197	526	400	502	574	1405	386	399	605	441	44
NM_001197294	527	401	1272	575	144	387	400	606	442	1092
NM_001198899	528	402	1273	576	422	388	401	607	443	1093
NM_001198954	529	403	184	577	1406	389	402	608	444	1094
NM_001199455	530	404	80	578	1407	390	403	609	445	1095
NM_001199456	531	405	322	579	1408	391	404	610	446	1096
NM_001199622	532	406	1274	28	1409	392	405	215	61	1097
NM_001199691	533	407	92	580	1410	393	406	611	447	1098
NM_001199692	534	408	1275	581	1030	394	407	612	448	575
NM_001199760	535	409	1276	582	712	395	408	613	449	1099
NM_001199837	536	410	1277	130	1411	396	409	614	450	1100
NM_001199954	537	411	1278	583	3324	397	410	615	451	3806
NM_001200016	538	412	1279	584	4024	398	411	616	452	1101
NM_001200050	539	413	1280	585	464	399	412	617	453	1102
NM_001202439	540	414	3723	586	1412	400	413	618	454	216
NM_001205252	541	415	171	587	1413	401	414	619	455	803
NM_001205272	542	416	1281	588	4145	402	415	620	456	1103
NM_001205281	543	417	3756	589	3947	403	416	621	457	3503
NM_001206602	544	418	3942	590	1414	404	417	622	458	3773
NM_001206878	545	419	310	591	1415	405	418	623	459	1104
NM_001206951	546	420	372	592	3177	406	419	624	460	1105
NM_001206952	547	421	433	593	1416	407	420	625	461	1106
NM_001207052	548	422	186	594	1417	408	421	626	4192	1107
NM_001220778	549	423	237	595	1040	409	422	627	462	3515
NM_001232	550	424	1282	596	4061	410	423	628	463	1108
NM_001237	4187	425	1283	597	1418	411	424	629	464	1109
NM_001242374	551	426	4087	598	1419	412	425	630	465	1110
NM_001242589	552	427	1284	599	4131	413	426	631	466	1111
NM_001242680	553	428	1285	600	1420	414	427	632	467	301
NM_001242801	554	429	1286	601	3869	415	428	633	468	737
NM_001242828	555	430	1287	602	410	416	429	634	469	1112
NM_001243079	556	431	82	603	1421	417	430	635	470	424
NM_001243194	557	432	1288	604	523	418	431	636	471	731
NM_001243253	558	433	739	605	1422	419	432	637	472	1113
NM_001243299	559	434	741	606	713	420	433	638	473	1114
NM_001243775	560	435	1289	607	1423	421	434	639	474	4034
NM_001243877	561	436	3972	608	99	422	435	640	475	1115
NM_001248000	562	437	1290	609	4053	423	436	641	476	1116
NM_001252124	563	438	1291	610	993	424	437	642	477	717
NM_001252273	564	439	431	611	818	425	438	643	478	3557
NM_001252612	565	440	1292	612	3855	426	439	644	479	1117
NM_001255	566	441	1293	613	957	427	440	645	480	1118
NM_001256302	567	442	1294	614	1424	428	441	163	481	1119
NM_001256410	568	443	1295	615	660	429	442	646	482	1120
NM_001256443	569	444	904	616	1425	430	443	647	483	3856
NM_001256477	570	445	1296	25	3484	431	444	648	484	1121
NM_001256799	571	446	1005	617	3450	432	445	649	485	3929
NM_001256821	572	447	1297	618	446	433	446	650	486	1122
NM_001257134	573	448	1298	619	912	434	447	651	487	366
NM_001257195	574	449	1299	620	3735	435	448	652	488	1123
NM_001257335	575	450	1300	621	738	436	449	653	489	1124
NM_001258248	576	451	373	622	1426	437	450	654	490	1125
NM_001258359	577	452	1301	623	1427	438	451	154	491	1126
NM_001258384	578	453	855	624	518	439	452	655	492	1127
NM_001258400	579	454	4129	625	3124	440	453	656	493	3469
NM_001258406	580	455	1302	79	886	441	454	657	38	1128
NM_001265582	581	456	865	626	693	442	455	658	494	1129
NM_001267043	582	457	442	627	1151	443	456	659	495	1130
NM_001267047	583	458	1303	628	1428	444	457	660	496	3788
NM_001267058	584	459	1304	629	949	445	458	661	497	1131
NM_001267598	585	460	1305	630	3998	446	459	662	498	1132
NM_001267716	586	461	1306	631	1429	447	460	663	499	542
NM_001270433	587	462	454	632	1430	448	461	664	500	1133
NM_001270930	588	463	1307	68	964	449	462	665	501	1134
NM_001271893	589	464	3872	633	1431	450	463	666	502	4113
NM_001276293	590	465	459	634	1432	451	464	667	503	1135
NM_001276414	591	466	1308	635	3825	452	465	668	504	3604
NM_001277145	592	467	1309	636	1433	453	466	131	505	1136
NM_001277223	593	468	1310	637	3770	454	467	669	506	1137
NM_001277224	594	469	1311	638	3943	455	468	670	507	1138
NM_001277291	595	470	1312	639	3739	456	469	671	508	1139
NM_001278160	596	471	1313	105	1434	457	470	193	509	1140
NM_001278235	597	472	1314	640	4101	458	471	672	510	3606
NM_001278409	598	473	1315	641	3512	459	472	673	511	1141
NM_001278552	599	474	1316	642	291	460	473	674	512	1142
NM_001278682	600	475	1317	643	308	461	474	675	513	1143
NM_001278736	57	476	1318	120	592	462	475	676	514	1144
NM_001278946	601	477	1319	644	605	463	476	677	515	1145
NM_001281440	602	478	528	645	1435	464	477	678	516	1146
NM_001281746	603	479	1320	646	1436	465	478	18	517	1147
NM_001282387	160	480	1321	647	1437	466	479	679	518	878
NM_001282492	604	481	291	648	1438	467	480	680	519	1148
NM_001282506	605	2	1322	649	1439	468	481	681	520	1149
NM_001282617	606	482	1323	650	393	469	482	682	521	758
NM_001282619	607	483	1324	651	1440	470	483	683	522	3954
NM_001282630	608	484	333	652	1441	471	484	288	523	1150
NM_001282658	609	485	1325	653	614	472	485	684	524	3501
NM_001282668	610	486	1326	654	690	473	486	685	525	1151
NM_001282859	611	487	864	655	419	474	487	686	526	904
NM_001282931	612	488	1327	656	3628	475	488	687	527	1152
NM_001282941	613	489	1328	657	170	476	489	4063	528	1153
NM_001286265	614	490	1329	658	3502	477	490	688	529	1154
NM_001286279	615	491	1032	659	77	478	491	689	530	1155
NM_001286379	616	492	12	660	1442	479	492	690	531	1156
NM_001286456	617	493	575	661	965	480	493	691	532	599
NM_001286559	618	494	1330	662	4079	481	494	692	533	1157
NM_001286565	619	495	1331	663	369	482	495	693	534	1158
NM_001286645	620	496	1332	664	1443	483	496	45	535	1159
NM_001286687	621	497	1333	665	156	484	497	694	536	1160
NM_001286708	622	498	1334	666	456	485	498	695	537	1161
NM_001286821	623	499	3746	667	739	486	499	696	538	1162
NM_001287434	624	500	1335	668	3864	487	500	697	539	1163
NM_001287524	625	501	1336	669	587	488	501	698	540	1164
NM_001288609	626	502	227	670	3272	489	502	699	541	1165
NM_001288805	627	503	1035	671	3566	490	503	700	542	1166
NM_001289053	628	504	214	672	1444	491	504	701	543	1167
NM_001289139	629	505	369	673	1445	492	505	702	544	1168
NM_001289174	630	506	777	674	3997	493	506	703	545	1169
NM_001290018	631	507	1050	675	576	494	507	704	546	1170
NM_001290131	632	508	588	676	1446	495	508	705	547	1171
NM_001290184	633	509	1337	677	3644	496	509	706	548	1172
NM_001290189	634	510	1338	678	913	497	510	707	549	3749
NM_001290190	635	511	1339	679	1447	498	511	708	550	3959
NM_001291281	636	512	1340	680	1448	499	512	709	551	121
NM_001291428	637	513	1341	681	779	500	513	710	552	1173
NM_001291739	638	514	139	682	1449	501	514	711	553	1174
NM_001291976	639	515	1342	683	1450	502	515	25	554	1175
NM_001291986	640	516	217	684	791	503	516	712	555	1176
NM_001292023	641	517	1343	685	975	504	517	713	556	3763
NM_001292025	642	518	1344	686	3870	505	518	714	557	1177
NM_001294	643	519	1345	687	3871	506	519	715	558	1178
NM_001294306	644	520	3771	688	1451	507	520	716	559	16
NM_001295	645	521	1346	689	1016	508	521	717	12	1179
NM_001297567	646	522	1347	690	176	509	522	718	560	1180
NM_001300849	647	523	773	691	1168	510	523	719	561	1181
NM_001300897	648	524	4164	692	1452	511	524	720	562	1182
NM_001301733	649	525	1348	693	1453	512	525	721	563	502
NM_001301782	650	526	1349	694	1167	513	526	722	564	3786
NM_001302	651	527	1350	695	4001	514	527	723	565	1183
NM_001302644	652	528	1351	696	3446	515	528	724	566	1184
NM_001303049	653	529	1352	697	3654	516	529	4043	567	1185
NM_001303241	654	530	1024	698	92	517	530	725	568	1186
NM_001303251	655	531	1353	699	714	518	531	726	569	1187
NM_001304359	656	532	77	700	1155	519	532	727	570	1188
NM_001304371	657	533	1354	701	806	520	533	728	571	534
NM_001304438	658	534	3841	702	1454	521	534	729	572	88
NM_001304793	659	535	4189	703	1455	522	535	730	573	1189
NM_001305	660	536	763	4166	1456	523	536	731	574	865
NM_001305878	661	537	249	704	1457	524	537	732	575	1190
NM_001306	662	538	1013	705	1458	525	538	733	576	179
NM_001306080	663	539	707	706	1100	526	539	734	577	3724
NM_001306141	664	540	660	707	1459	527	540	735	578	1191
NM_001307924	665	541	659	708	481	528	541	736	579	1192
NM_001307978	666	542	3978	709	3327	529	542	737	580	1193
NM_001308043	667	543	3834	60	1086	530	543	738	581	3536
NM_001308078	668	544	1355	710	615	531	544	171	582	1194
NM_001308123	669	545	556	711	1460	532	545	739	583	1195
NM_001308491	670	546	1356	712	353	533	546	740	584	1196
NM_001310315	671	547	153	713	1461	534	547	182	585	1197
NM_001311	672	548	567	714	3175	535	548	741	586	501
NM_001311160	673	549	1357	715	1462	536	549	742	587	3815
NM_001316324	674	550	820	716	429	537	550	743	588	1198
NM_001317007	675	551	1358	717	3921	538	551	744	589	3634
NM_001317406	676	4196	3829	718	1463	539	552	745	590	126
NM_001317918	677	552	259	719	1160	540	553	746	591	1199
NM_001318207	126	553	1359	720	1464	541	554	747	592	1200
NM_001318371	678	554	1360	721	4128	542	555	748	593	848
NM_001318374	679	555	4171	722	1465	543	556	749	594	1201
NM_001318390	680	556	1361	723	908	544	557	750	595	1202
NM_001318539	681	557	3901	724	1466	545	558	751	596	3920
NM_001318770	682	558	1362	725	598	546	559	752	597	1203
NM_001318909	683	559	508	726	3126	547	560	753	598	1204
NM_001319052	684	560	1363	727	1467	548	561	754	599	4085
NM_001319225	685	561	815	728	1468	549	562	755	600	3966
NM_001319655	686	562	1364	729	303	550	563	756	601	3486
NM_001320032	687	563	307	730	1208	551	564	757	602	1205
NM_001320151	688	564	1365	157	1209	552	565	758	603	1206
NM_001320296	689	565	1366	731	729	553	566	759	604	3864
NM_001320597	690	566	611	732	1469	554	567	760	605	1207
NM_001320675	691	567	1367	733	699	555	568	761	606	1208
NM_001320741	692	568	1368	734	402	556	569	762	607	1209
NM_001320750	693	569	1041	735	873	557	570	763	608	1210
NM_001320792	694	570	1369	736	3629	558	571	764	609	1211
NM_001320804	695	571	1370	737	3520	559	572	765	610	1212
NM_001320893	696	572	1371	738	577	560	573	766	611	1213
NM_001320937	697	573	1372	739	3785	561	574	767	612	1214
NM_001320942	698	574	631	740	1470	562	575	768	613	1215
NM_001321023	699	575	1373	741	807	563	576	769	614	584
NM_001321110	700	576	1374	742	599	564	577	770	615	1216
NM_001321367	701	577	1375	743	3130	565	578	771	616	3944
NM_001321892	702	578	914	744	384	566	579	772	617	1217
NM_001322816	31	579	1376	95	1148	567	580	24	618	3643
NM_001322820	703	580	1377	745	4189	568	581	773	619	1218
NM_001322842	704	581	71	247	1035	569	582	774	620	843
NM_001323030	705	582	1378	746	4089	570	583	775	621	1219
NM_001324069	706	583	1379	747	362	571	584	776	622	1220
NM_001324081	707	584	574	748	1471	572	585	777	623	1221
NM_001324309	708	585	28	749	1472	573	586	778	624	1222
NM_001324462	709	586	1380	750	923	574	587	217	625	4107
NM_001324506	710	587	1381	751	3537	575	588	779	626	1223
NM_001329746	711	588	1382	752	555	576	589	780	627	1224
NM_001330125	712	589	441	753	1473	577	590	781	628	821
NM_001330183	130	32	1383	754	1474	578	591	782	629	3649
NM_001330189	713	590	1384	755	3468	579	592	783	630	1225
NM_001330190	714	591	1385	756	3371	580	593	784	631	3729
NM_001330241	715	592	1386	757	3467	581	594	785	632	1226
NM_001330269	716	593	1387	758	274	582	595	786	633	1227
NM_001330450	717	594	1388	759	118	583	596	787	634	3776
NM_001330522	718	595	1389	760	1475	584	597	788	635	212
NM_001334	719	40	3788	761	1476	585	598	789	636	3720
NM_001335	720	596	1390	762	995	586	599	790	96	1228
NM_001346100	721	597	4025	763	1477	587	600	791	637	1229
NM_001346446	722	598	1391	764	1478	588	601	792	638	3823
NM_001346810	723	599	74	765	1479	589	602	793	639	1230
NM_001346890	724	600	1392	766	1132	590	603	794	640	283
NM_001347147	725	601	1393	767	366	591	604	795	641	761
NM_001347829	726	602	1394	768	1480	592	605	796	642	4026
NM_001347888	727	603	1395	769	85	593	606	797	643	700
NM_001348133	728	604	365	770	1481	594	607	798	644	1231
NM_001348255	729	605	4168	771	869	595	608	799	645	1232
NM_001348688	730	606	1396	772	1482	596	609	800	646	668
NM_001348743	731	607	1397	773	136	597	610	801	647	1233
NM_001348745	732	608	418	774	1483	598	611	802	648	1234
NM_001348905	733	609	1398	775	600	599	612	803	649	1235
NM_001349	734	610	1399	776	3703	600	613	804	650	1236
NM_001349853	735	611	4101	777	3190	601	614	805	651	1237
NM_001349912	736	612	1400	778	3904	602	615	806	652	814
NM_001349922	737	613	1401	779	3786	603	616	807	653	715
NM_001350490	738	614	619	780	1172	604	617	808	654	4116
NM_001351329	739	615	1402	781	1484	605	618	809	655	570
NM_001351346	740	616	1403	782	3688	606	619	810	656	869
NM_001351348	741	617	1404	783	3985	607	620	811	657	1238
NM_001351682	742	618	261	784	1485	608	621	228	658	1239
NM_001352300	743	619	1405	785	295	609	622	812	659	1240
NM_001352498	744	620	268	786	1486	610	623	813	660	1241
NM_001352825	745	621	638	787	1487	611	624	814	661	1242
NM_001352902	746	622	1406	788	3655	612	625	815	662	1243
NM_001352910	168	623	1407	789	1488	613	626	816	663	3637
NM_001353388	747	624	1408	790	4185	614	627	817	664	1244
NM_001353432	748	625	1409	791	380	615	628	818	665	866
NM_001354733	749	626	1410	792	67	616	629	819	666	1245
NM_001354817	750	627	434	793	3478	617	630	820	667	1246
NM_001354840	122	628	1411	46	1489	618	631	27	668	1247
NM_001354885	751	629	1412	38	1490	619	632	821	669	1248
NM_001354988	752	630	428	794	1491	620	633	822	670	1249
NM_001355008	753	631	1413	795	840	621	634	823	671	3651
NM_001355034	754	632	623	796	943	622	635	824	672	1250
NM_001355197	755	633	3735	797	3248	623	636	825	673	647
NM_001355237	756	634	4040	798	1123	624	637	826	674	909
NM_001355256	757	635	4051	799	1492	625	638	827	675	1251
NM_001355258	758	636	1049	800	1493	626	639	828	676	87
NM_001355407	759	637	1414	801	3437	627	640	829	677	1252
NM_001355428	760	638	1415	802	1494	628	641	830	678	3881
NM_001355437	761	639	1416	803	1495	629	642	831	679	333
NM_001360551	762	640	772	804	1496	630	643	832	680	1253
NM_001362	763	641	27	805	1497	631	644	833	681	4130
NM_001394	764	642	685	806	1498	632	645	231	682	797
NM_001408	4192	643	3698	807	1499	633	646	834	683	886
NM_001426	765	644	1417	808	1500	634	647	835	684	138
NM_001427	766	645	1418	809	1501	635	648	836	685	65
NM_001430	767	646	1419	810	1502	636	649	837	686	3791
NM_001432	23	647	645	138	1503	637	650	838	687	3579
NM_001441	768	648	1420	811	1197	638	651	839	688	170
NM_001442	769	649	1421	812	1504	639	652	840	689	3760
NM_001448	770	650	4085	813	1505	640	653	841	690	720
NM_001452	771	651	1422	814	1506	641	654	842	691	3664
NM_001453	772	652	1423	154	1507	642	655	843	692	1254
NM_001463	773	653	621	815	354	643	656	844	693	1255
NM_001482	774	654	1424	4156	3606	644	657	845	694	1256
NM_001496	775	655	1425	816	3505	645	658	846	695	136
NM_001507	776	656	1426	817	700	646	659	847	696	190
NM_001547	1	657	1427	12	3	647	48	848	2	1257
NM_001552	777	658	1428	818	1508	648	660	849	697	4139
NM_001553	778	659	1429	819	3319	649	661	850	698	1258
NM_001554	779	660	962	194	1509	650	662	851	699	4037
NM_001565	45	661	3774	2	1	6	663	852	30	1259
NM_001570	14	662	1430	102	1510	651	664	205	700	829
NM_001647	780	663	1431	820	1511	35	665	853	701	3970
NM_001651	781	664	1432	821	1238	652	666	854	702	233
NM_001652	782	665	1433	822	952	653	667	855	703	1260
NM_001675	783	666	738	823	1512	654	668	856	704	1261
NM_001678	784	667	1434	824	1513	655	669	857	705	206
NM_001700	785	668	536	825	1514	656	670	858	706	1262
NM_001710	8	669	1435	96	1182	657	671	114	103	1263
NM_001718	786	670	1436	826	447	658	44	859	707	28
NM_001719	787	671	1437	827	1158	659	672	860	708	55
NM_001720	788	672	1438	828	1128	660	673	861	709	325
NM_001722	789	673	1439	829	86	661	674	862	710	1264
NM_001775	790	674	1440	131	978	662	675	863	66	1265
NM_001782	791	675	1441	830	4041	663	676	864	711	1266
NM_001785	792	676	1442	4165	177	664	677	865	712	3626
NM_001819	793	677	1443	831	1515	665	678	866	713	400
NM_001821	794	678	3991	832	1516	666	679	867	714	1267
NM_001828	795	679	1444	833	3991	667	680	868	715	1268
NM_001848	796	680	1445	834	1517	38	681	869	716	4120
NM_001853	797	681	1446	835	1518	668	682	870	717	349
NM_001856	798	682	1447	836	1519	669	683	871	718	3981
NM_001864	799	683	293	837	1520	670	684	872	719	1269
NM_001870	800	684	1448	838	1521	671	685	873	720	3810
NM_001873	801	685	4086	839	1522	672	686	874	721	1270
NM_001879	802	686	1449	840	1523	673	687	875	722	4137
NM_001896	803	687	86	841	1524	674	688	876	723	1271
NM_001898	804	688	1450	842	4142	675	689	877	724	1272
NM_001901	805	689	1451	843	3215	676	690	878	725	4092
NM_001920	806	690	1452	844	1525	677	691	879	726	4155
NM_001940	807	691	1453	845	644	678	692	880	727	1273
NM_001943	808	692	1454	846	1526	679	693	881	728	129
NM_001945	809	693	634	181	3161	680	34	882	729	340
NM_001946	810	694	160	173	1527	681	694	883	87	1274
NM_001954	811	695	1455	847	836	682	695	287	730	1275
NM_001958	812	696	1456	848	3226	683	696	884	731	164
NM_001964	4	697	252	849	1528	13	37	222	732	4127
NM_001965	105	698	841	850	1101	20	23	885	733	1276
NM_001982	813	699	1457	851	1529	684	697	886	734	27
NM_001993	814	700	1458	852	1530	685	698	887	735	3814
NM_001999	815	701	1459	853	1531	686	699	4121	736	4132
NM_002003	816	702	1460	854	969	687	700	888	83	1277
NM_002006	182	703	4001	855	1198	688	701	889	737	1278
NM_002009	817	704	1461	856	1532	689	702	4053	738	4133
NM_002010	818	705	3694	857	559	690	43	890	739	1279
NM_002014	819	706	3695	858	1533	691	703	891	740	549
NM_002016	820	707	4161	859	476	692	704	892	741	3566
NM_002023	821	708	1462	860	3765	693	705	893	742	3662
NM_002031	822	709	1463	861	260	694	706	284	743	1280
NM_002032	823	710	1464	862	1534	695	707	894	744	3731
NM_002043	824	711	1465	863	400	696	708	895	745	1281
NM_002048	825	712	4152	864	1535	697	709	896	746	4064
NM_002053	826	713	1466	13	1536	698	710	897	21	3624
NM_002064	827	714	1467	865	947	699	711	898	747	4002
NM_002089	10	715	966	866	1537	700	712	12	748	1282
NM_002090	12	716	1468	867	3104	701	713	29	749	1283
NM_002096	828	717	578	868	1538	702	714	899	750	1284
NM_002097	829	718	4140	869	1539	703	715	900	751	1285
NM_002120	62	719	1469	870	1029	704	716	901	752	1286
NM_002121	830	720	4107	871	1540	705	717	902	753	1287
NM_002133	831	4200	1470	872	1019	37	718	903	754	1288
NM_002141	832	721	1471	873	1541	706	719	904	755	427
NM_002147	833	722	580	874	1542	707	720	905	756	1289
NM_002155	28	723	1472	875	1111	708	721	906	757	210
NM_002157	834	724	3916	876	1543	709	722	907	758	713
NM_002160	835	725	1473	877	1544	710	723	908	759	3999
NM_002164	53	726	1474	57	1203	711	724	909	5	1290
NM_002176	25	727	1475	61	20	712	725	910	760	1291
NM_002178	161	728	1476	878	1545	713	54	911	761	3636
NM_002181	836	729	1038	879	1546	714	726	912	762	355
NM_002190	837	730	1477	880	314	715	727	913	763	1292
NM_002196	838	731	45	881	1547	716	728	914	764	273
NM_002202	839	732	1478	882	54	717	729	915	765	1293
NM_002207	840	733	1479	4181	1548	718	730	916	766	141
NM_002228	17	734	1480	248	1549	719	731	201	767	4042
NM_002229	125	735	26	883	1550	720	732	917	100	3984
NM_002233	841	736	1481	884	1551	721	733	272	768	494
NM_002234	842	737	1482	885	1552	722	734	918	769	220
NM_002236	843	738	1483	886	1553	723	735	919	770	677
NM_002240	844	739	1484	887	1554	724	736	920	771	3768
NM_002241	845	740	1485	888	1076	725	737	921	46	51
NM_002256	846	741	1486	889	3847	726	738	922	772	1294
NM_002258	847	742	1487	890	3268	727	739	923	773	1295
NM_002272	4201	743	1488	891	1555	728	740	924	774	1296
NM_002276	848	744	1489	892	1556	729	741	925	775	4105
NM_002279	849	745	1490	893	1557	730	742	926	776	4172
NM_002286	850	746	1491	50	854	731	743	927	82	1297
NM_002293	851	747	3752	894	1558	30	744	928	777	3910
NM_002317	852	748	1492	895	1559	732	745	929	778	4160
NM_002318	853	749	1493	896	3289	733	746	930	779	4096
NM_002319	854	750	760	897	1560	734	747	931	780	1298
NM_002345	855	751	3780	898	1561	735	748	932	781	4147
NM_002353	856	752	1494	4138	1562	736	749	933	782	604
NM_002354	857	753	3933	899	1563	737	750	934	783	4
NM_002356	858	754	1495	900	1564	8	751	935	784	3625
NM_002373	859	4199	3840	901	1565	738	752	936	785	3893
NM_002398	860	755	1496	902	1566	739	753	937	786	3673
NM_002409	861	756	17	903	1065	740	754	938	787	52
NM_002416	862	757	1497	45	829	24	755	939	14	559
NM_002421	863	758	1498	904	1567	741	756	940	788	4084
NM_002426	864	759	1499	905	1568	742	757	941	11	1299
NM_002428	865	760	4026	4147	1569	743	758	942	789	566
NM_002443	866	761	1500	906	5	744	759	943	790	1300
NM_002457	867	762	55	907	1056	745	760	944	791	1301
NM_002458	868	763	36	908	6	746	761	945	792	300
NM_002471	869	764	150	909	3592	747	762	946	793	1302
NM_002473	870	765	1501	910	1570	748	763	947	794	3747
NM_002478	871	766	223	911	1571	749	764	948	795	444
NM_002479	872	767	53	912	1572	750	765	949	796	1303
NM_002507	173	768	517	913	3129	751	766	279	797	46
NM_002508	873	769	1502	914	1573	752	767	950	798	3871
NM_002516	874	770	1503	915	1574	753	768	951	799	236
NM_002523	875	771	930	916	1575	754	769	952	800	10
NM_002524	876	772	4003	917	1576	755	770	953	801	1304
NM_002526	877	773	1504	918	29	756	771	954	802	1305
NM_002534	878	774	1505	83	3095	757	772	955	10	1306
NM_002544	879	775	856	919	1577	758	773	4185	803	1307
NM_002546	880	776	1506	920	1578	759	774	85	804	4183
NM_002547	881	777	1507	921	4090	760	775	956	805	3618
NM_002563	882	778	4117	922	1579	761	776	957	806	99
NM_002638	124	779	1508	923	1580	762	777	167	807	1308
NM_002661	883	780	1509	924	1581	763	778	958	808	8
NM_002668	884	781	4105	925	1582	764	779	959	809	1309
NM_002699	885	782	100	926	3293	765	780	960	810	154
NM_002704	886	783	1510	927	1129	766	781	91	811	1310
NM_002738	887	784	1511	928	1236	767	782	961	812	19
NM_002773	888	785	1512	929	1583	768	783	962	813	127
NM_002775	889	786	3730	930	1584	769	784	963	814	3935
NM_002800	59	787	1513	185	1585	770	785	964	74	1311
NM_002833	890	788	4018	931	1586	771	786	965	815	1312
NM_002852	60	789	1514	932	3425	772	787	196	816	4175
NM_002853	891	790	1515	933	3708	773	788	966	817	1313
NM_002863	892	791	1025	934	3292	774	789	967	818	1314
NM_002867	893	792	1516	935	3252	775	790	968	819	3599
NM_002893	894	793	4156	936	1587	776	791	969	820	1315
NM_002923	895	794	467	937	1588	777	36	970	821	1316
NM_002953	896	795	1517	938	757	778	792	971	822	591
NM_002982	109	796	1518	42	930	22	793	149	823	4118
NM_002983	32	797	1519	147	953	779	794	972	18	211
NM_002984	43	798	1520	43	301	780	795	973	41	1317
NM_002988	897	799	1521	939	884	781	796	974	36	1318
NM_002990	898	800	1522	940	4175	31	797	206	824	1319
NM_002993	899	801	1523	75	18	782	798	195	825	1320
NM_002994	13	802	1524	941	323	783	799	20	826	1321
NM_003013	900	803	1525	942	1589	784	800	975	827	4141
NM_003014	4179	804	1526	943	1590	785	801	976	828	4178
NM_003038	901	12	737	944	1591	786	802	977	829	1322
NM_003048	902	805	1527	945	1592	787	803	978	830	144
NM_003054	903	806	1528	946	3630	788	804	4156	831	163
NM_003055	904	807	535	947	1593	789	805	979	832	554
NM_003068	905	808	3689	948	3185	790	806	980	833	3732
NM_003082	152	809	1529	949	1594	791	807	981	834	1323
NM_003083	906	810	1530	950	3971	792	808	982	835	1324
NM_003108	907	811	466	951	1595	793	809	983	836	1325
NM_003125	908	812	1531	952	1596	794	24	264	837	1326
NM_003129	909	813	4144	953	1597	795	810	984	838	1327
NM_003179	910	814	1532	954	1598	796	811	985	839	450
NM_003225	911	815	1533	955	9	797	812	986	840	1328
NM_003226	912	816	1534	956	950	798	813	987	841	1329
NM_003246	913	817	1535	957	3099	799	814	988	842	4173
NM_003247	914	818	3770	958	1599	800	815	989	843	4165
NM_003254	915	819	3854	959	1600	801	816	990	86	3687
NM_003265	118	820	1536	93	1601	802	817	991	844	1330
NM_003294	916	821	399	960	1602	803	818	992	845	1331
NM_003299	87	822	1537	961	1603	804	819	993	846	1332
NM_003309	917	823	3961	962	1604	805	820	994	847	1333
NM_003311	918	824	511	233	1156	806	47	995	848	1334
NM_003348	919	825	1538	963	3852	807	821	996	849	1335
NM_003353	920	826	715	964	1605	808	822	997	850	1336
NM_003356	921	827	1539	965	974	809	823	998	851	1337
NM_003378	922	828	88	966	1606	810	824	999	852	1338
NM_003392	923	829	4015	967	782	811	825	211	853	4099
NM_003393	924	830	1540	968	572	812	826	1000	854	1339
NM_003395	925	831	343	969	1607	813	827	1001	855	811
NM_003407	40	832	1	970	1608	814	828	244	84	3930
NM_003412	926	833	1541	971	1609	4	829	1002	856	1340
NM_003413	927	834	1542	972	1610	815	830	1003	857	311
NM_003433	928	835	1543	973	3332	816	831	1004	858	1341
NM_003447	929	836	3830	974	1124	817	832	1005	859	385
NM_003462	930	24	1544	975	1611	818	833	1006	860	1342
NM_003469	931	837	1545	976	3343	819	834	1007	861	763
NM_003483	932	838	3818	977	1104	820	835	1008	862	3719
NM_003508	933	839	3866	978	342	821	836	1009	863	146
NM_003512	934	840	1546	123	1612	822	837	1010	864	1343
NM_003514	935	841	1014	979	3731	823	838	1011	865	742
NM_003516	936	842	844	90	1613	824	839	1012	866	1344
NM_003518	937	843	1547	164	1614	825	840	1013	867	1345
NM_003526	938	844	1548	44	1088	826	841	1014	868	1346
NM_003528	939	845	871	51	1615	827	842	1015	869	3479
NM_003529	940	846	1020	980	1616	828	843	1016	870	520
NM_003530	941	847	1549	188	4075	829	844	1017	871	1347
NM_003544	942	848	1550	981	3594	830	845	1018	872	1348
NM_003577	943	849	632	982	1617	831	846	1019	873	1349
NM_003578	944	850	1551	983	942	832	19	1020	874	1350
NM_003579	945	851	1552	984	1047	833	847	1021	875	429
NM_003619	946	852	1553	985	1618	834	848	1022	876	4125
NM_003641	947	853	1554	7	1191	835	849	1023	4	3565
NM_003650	948	854	410	986	1052	836	850	1024	81	1351
NM_003654	949	855	1555	987	1619	837	851	1025	877	238
NM_003655	950	856	225	988	1620	838	852	1026	878	1352
NM_003673	951	857	563	989	1621	839	853	1027	879	870
NM_003679	952	858	4119	990	1622	840	854	1028	880	3655
NM_003692	953	859	3734	991	1623	841	855	262	881	3
NM_003714	166	48	1556	239	1624	842	856	1029	882	3683
NM_003745	954	860	965	992	902	843	857	1030	883	1353
NM_003783	955	861	1557	993	1625	844	858	1031	884	4158
NM_003811	956	862	863	232	1224	7	859	1032	885	26
NM_003823	957	863	1558	994	203	845	860	1033	886	3753
NM_003840	958	864	266	995	1626	12	861	1034	887	1354
NM_003844	959	865	1559	996	996	846	862	1035	888	621
NM_003862	960	866	889	997	1627	847	863	225	889	172
NM_003864	961	867	4121	998	1628	848	864	1036	890	856
NM_003897	97	868	111	999	1629	26	865	187	891	3495
NM_003936	962	869	1560	1000	1630	849	866	1037	892	139
NM_003955	34	870	926	1001	1631	850	867	1038	47	3553
NM_003956	36	871	1561	1002	44	851	868	1039	893	3867
NM_004073	963	872	684	1003	1632	852	869	1040	894	1355
NM_004093	964	873	1562	1004	4057	853	870	1041	895	1356
NM_004106	965	874	950	1005	1164	854	871	1042	13	1357
NM_004112	966	875	668	1006	1633	855	872	1043	896	1358
NM_004120	132	876	1563	1007	1147	856	873	1044	54	3621
NM_004126	967	877	3824	1008	4084	857	874	1045	897	1359
NM_004158	968	878	238	1009	1634	858	875	1046	898	1360
NM_004159	969	879	1564	1010	3219	859	876	1047	899	654
NM_004173	970	880	1565	1011	1635	860	877	1048	900	285
NM_004179	971	881	550	1012	3447	861	878	1049	901	794
NM_004181	972	882	3973	1013	3265	862	879	1050	902	1361
NM_004202	973	883	1566	1014	4051	863	880	1051	903	1362
NM_004232	974	884	1567	1015	833	864	881	261	904	605
NM_004249	975	885	1568	1016	3235	865	882	1052	905	389
NM_004251	976	886	3765	1017	3551	866	883	1053	906	1363
NM_004273	977	887	1569	1018	209	867	884	1054	907	1364
NM_004289	978	888	1570	141	1636	868	885	1055	908	1365
NM_004322	979	889	1571	1019	3574	869	886	1056	909	1366
NM_004331	980	890	1572	1020	3892	870	887	1057	910	1367
NM_004335	92	891	3892	240	1153	871	888	1058	22	225
NM_004350	981	892	1573	1021	193	872	889	1059	911	813
NM_004352	982	893	29	1022	1637	873	890	1060	912	181
NM_004405	983	894	967	1023	1638	874	891	1061	913	662
NM_004417	167	895	1574	225	1639	875	892	1062	914	4110
NM_004419	176	896	1575	172	1640	876	893	1063	915	1368
NM_004430	984	897	646	1024	531	877	894	1064	916	1369
NM_004454	985	898	790	1025	1641	878	895	1065	917	1370
NM_004472	986	899	1576	36	1642	879	896	1066	918	1371
NM_004473	987	900	797	1026	21	880	897	1067	919	521
NM_004474	988	901	1577	1027	1643	881	898	1068	920	289
NM_004497	989	902	1578	1028	879	882	899	1069	921	218
NM_004502	990	903	1579	1029	3420	883	900	1070	922	76
NM_004523	4188	904	1580	1030	1644	884	901	1071	923	1372
NM_004530	991	905	1581	1031	798	885	902	1072	924	3912
NM_004535	992	906	1582	1032	1645	886	903	1073	925	379
NM_004556	84	907	1583	207	1646	887	904	1074	926	1373
NM_004564	993	908	1584	1033	3459	888	905	1075	927	1374
NM_004585	33	909	807	142	1647	889	906	1076	928	1375
NM_004588	994	910	1585	1034	3607	890	907	1077	929	1376
NM_004609	995	911	1586	1035	1648	891	908	1078	930	25
NM_004615	996	912	1587	1036	3162	892	909	1079	931	90
NM_004617	4194	913	1588	1037	1649	893	910	1080	932	1377
NM_004646	187	914	1589	1038	1650	894	911	1081	933	178
NM_004742	997	915	1590	1039	501	895	912	1082	934	1378
NM_004771	998	916	1591	1040	1651	896	913	71	935	1379
NM_004789	999	917	3823	206	773	897	914	1083	936	102
NM_004807	1000	918	4166	1041	1652	898	915	1084	937	1380
NM_004852	1001	919	1592	1042	1653	899	916	1085	938	11
NM_004877	1002	920	1593	1043	394	900	917	1086	939	1381
NM_004887	1003	921	1594	1044	78	901	918	1087	43	3657
NM_004888	1004	922	4075	1045	1654	902	919	1088	940	1382
NM_004907	1005	923	794	1046	1655	903	920	1089	941	1383
NM_004932	1006	924	1595	1047	1656	904	921	1090	942	4153
NM_004933	85	925	1596	1048	3463	905	922	1091	943	1384
NM_004977	1007	926	1597	1049	1657	906	923	1092	944	134
NM_004994	1008	927	1598	150	1658	907	924	1093	945	1385
NM_004995	1009	928	3957	1050	1659	908	925	1094	946	3641
NM_005014	1010	929	1599	1051	819	909	926	4195	947	4131
NM_005029	1011	930	999	1052	1660	910	927	1095	948	425
NM_005063	1012	931	4147	1053	1661	911	928	1096	949	1386
NM_005073	1013	932	1600	1054	1662	912	929	1097	950	175
NM_005082	144	933	1601	242	1176	913	930	1098	951	1387
NM_005092	1014	934	1602	235	1663	914	931	78	952	4097
NM_005101	6	935	1603	3	7	915	932	1099	1	768
NM_005118	1015	936	1604	127	1664	916	933	1100	953	1388
NM_005147	1016	937	1605	1055	596	917	934	1101	954	1389
NM_005159	1017	938	1606	1056	3227	918	935	1102	955	490
NM_005169	1018	939	9	1057	1665	919	936	1103	956	213
NM_005170	1019	940	1607	1058	1666	920	937	1104	957	260
NM_005189	1020	941	1608	1059	1667	921	938	1105	958	622
NM_005195	1021	942	1609	1060	1668	922	939	191	959	4126
NM_005199	1022	943	1610	1061	3849	923	940	1106	960	1390
NM_005218	1023	944	1611	63	3166	924	941	1107	78	1391
NM_005220	1024	945	654	1062	1669	925	942	1108	961	214
NM_005221	1025	946	1612	1063	3856	926	943	1109	962	1392
NM_005222	1026	947	3855	1064	3681	927	944	1110	963	911
NM_005225	4185	948	1613	1065	1670	928	945	1111	964	537
NM_005226	1027	4195	3915	1066	65	28	946	1112	965	1393
NM_005239	1028	949	3715	1067	661	929	947	1113	966	823
NM_005242	1029	950	4046	1068	1671	930	948	266	967	728
NM_005249	1030	951	1614	1069	1672	931	949	1114	968	7
NM_005251	1031	952	847	1070	1673	932	29	256	969	1394
NM_005252	195	953	2	1071	1674	2	950	246	970	4168
NM_005258	1032	954	1615	1072	1675	933	951	1115	971	649
NM_005281	1033	955	61	1073	1676	934	952	1116	972	748
NM_005290	1034	956	1616	1074	775	935	953	32	52	1395
NM_005322	1035	957	1617	1075	482	936	954	1117	973	1396
NM_005328	1036	958	4120	1076	3218	937	955	1118	974	1397
NM_005331	1037	959	1618	1077	1677	938	956	1119	975	386
NM_005345	1038	4201	1619	1078	1678	939	957	212	976	744
NM_005347	21	960	1620	1079	1679	940	958	1120	977	905
NM_005376	1039	961	1621	1080	994	941	959	1121	978	439
NM_005384	1040	962	226	1081	3199	942	960	1122	979	1398
NM_005398	1041	963	1622	1082	1680	943	961	1123	980	3844
NM_005413	1042	964	1623	1083	1681	944	962	1124	981	483
NM_005421	1043	965	1624	1084	1682	945	963	1125	982	535
NM_005430	1044	966	649	1085	1683	946	964	1126	983	513
NM_005431	1045	967	1625	1086	1684	947	965	1127	984	681
NM_005477	1046	968	275	1087	1013	948	966	1128	985	166
NM_005511	1047	969	1626	1088	519	949	967	1129	986	1399
NM_005514	89	970	1627	1089	1685	950	968	1130	987	853
NM_005515	1048	971	1628	1090	1686	951	969	1131	988	335
NM_005523	1049	972	1629	1091	1687	952	970	1132	989	3939
NM_005544	1050	973	1630	1092	1688	953	971	1133	990	3792
NM_005545	1051	974	1631	1093	1689	954	972	1134	991	3669
NM_005557	154	975	592	1094	1690	955	973	260	992	3502
NM_005562	74	976	1632	1095	1691	956	974	1135	993	1400
NM_005567	1052	977	3857	143	1231	957	975	1136	98	3493
NM_005568	1053	978	1633	1096	3422	958	976	1137	994	468
NM_005584	1054	979	3783	1097	1692	959	977	1138	995	4152
NM_005598	1055	980	859	1098	1693	960	978	1139	996	478
NM_005602	1056	981	1634	1099	1058	961	979	1140	997	4040
NM_005604	1057	982	3697	1100	1694	962	980	1141	998	524
NM_005615	1058	983	1635	1101	3584	963	981	1142	999	1401
NM_005618	1059	984	6	1102	1695	964	982	1143	1000	804
NM_005620	1060	985	3980	1103	1696	965	983	1144	1001	3523
NM_005623	1061	986	1636	5	4	966	984	142	6	3865
NM_005631	1062	987	1637	1104	3521	967	985	1145	1002	1402
NM_005634	1063	988	10	1105	1697	968	986	1146	1003	242
NM_005642	1064	989	4111	1106	1698	969	987	1147	1004	1403
NM_005654	1065	990	1638	1107	350	970	988	1148	1005	3829
NM_005698	1066	991	1639	1108	3674	971	989	1149	1006	1404
NM_005699	1067	992	755	1109	730	972	990	1150	1007	1405
NM_005764	1068	993	680	1110	1699	973	991	129	85	1406
NM_005773	1069	994	1640	1111	171	974	992	1151	1008	810
NM_005811	1070	995	1641	1112	383	975	993	1152	1009	1407
NM_005819	1071	996	1642	1113	3508	976	994	1153	1010	1408
NM_005822	1072	997	1643	1114	1700	977	995	1154	1011	4095
NM_005854	1073	998	1644	1115	241	978	996	1155	1012	816
NM_005860	1074	999	320	1116	1701	979	997	1156	1013	1409
NM_005893	1075	1000	1645	1117	3805	980	998	1157	1014	1410
NM_005902	1076	1001	1646	1118	479	981	999	253	1015	1411
NM_005913	1077	1002	1647	69	1702	982	53	1158	1016	1412
NM_005946	1078	1003	1648	1119	1703	983	1000	1159	1017	600
NM_005951	1079	1004	1649	158	1704	984	1001	1160	90	762
NM_005953	1080	1005	3707	37	1705	985	1002	1161	28	3857
NM_005954	1081	1006	1650	1120	3115	986	1003	4039	4196	299
NM_005962	1082	1007	1651	1121	168	987	1004	1162	1018	3530
NM_005980	1083	14	650	1122	1706	988	1005	1163	1019	784
NM_005985	1084	1008	103	121	1207	989	1006	1164	1020	1413
NM_005986	1085	1009	1652	1123	1707	990	1007	1165	1021	276
NM_006010	81	1010	1653	1124	1708	991	1008	1166	1022	759
NM_006018	38	1011	1654	161	1709	992	1009	1167	1023	1414
NM_006022	1086	1012	3864	1125	1710	993	39	1168	1024	1415
NM_006023	1087	1013	1655	1126	3306	994	1010	1169	1025	1416
NM_006039	1088	1014	1656	1127	1711	995	1011	1170	1026	3902
NM_006040	1089	1015	1657	1128	3901	996	1012	1171	1027	1417
NM_006043	1090	1016	1658	1129	863	997	1013	1172	1028	261
NM_006063	1091	1017	3787	1130	3351	998	1014	1173	1029	1418
NM_006071	1092	1018	3754	1131	609	999	1015	1174	1030	1419
NM_006078	1093	1019	305	1132	1712	1000	1016	98	1031	1420
NM_006079	1094	1020	878	1133	1713	1001	1017	1175	1032	4087
NM_006084	153	1021	1659	1134	1714	1002	1018	1176	1033	1421
NM_006097	1095	1022	1660	1135	3277	1003	1019	1177	1034	3976
NM_006103	1096	1023	1661	1136	1715	1004	1020	1178	1035	264
NM_006108	1097	1024	1662	1137	1031	1005	1021	4090	1036	302
NM_006110	1098	1025	1663	1138	227	1006	1022	267	1037	1422
NM_006121	1099	1026	939	1139	1716	1007	1023	1179	1038	36
NM_006144	1100	1027	1664	1140	1717	1008	1024	1180	26	1423
NM_006158	1101	1028	1665	1141	1718	1009	1025	4151	1039	3574
NM_006160	1102	1029	142	1142	1719	1010	1026	1181	1040	1424
NM_006167	1103	1030	1666	1143	1720	1011	1027	1182	1041	631
NM_006168	1104	1031	1667	1144	1721	1012	1028	1183	1042	315
NM_006169	1105	1032	988	1145	1722	1013	1029	1184	1043	4124
NM_006189	1106	1033	1668	1146	503	1014	1030	1185	1044	1425
NM_006194	1107	1034	1669	1147	1723	1015	1031	1186	1045	415
NM_006207	1108	1035	1670	6	240	1016	1032	1187	1046	4145
NM_006236	1109	1036	1671	1148	1724	1017	1033	220	1047	256
NM_006237	1110	1037	3713	1149	1725	1018	1034	1188	1048	97
NM_006271	1111	1038	3814	1150	287	1019	1035	1189	1049	1426
NM_006273	1112	1039	1672	30	1726	1020	1036	1190	1050	3964
NM_006332	1113	1040	1673	1151	1727	1021	1037	1191	34	499
NM_006382	1114	1041	1674	1152	3141	1022	1038	161	1051	1427
NM_006398	51	1042	1675	1153	1119	1023	1039	1192	88	1428
NM_006423	1115	1043	4098	1154	1728	1024	1040	1193	1052	1429
NM_006435	1116	1044	1676	1155	992	1025	1041	1194	64	3934
NM_006439	1117	1045	1677	1156	960	1026	1042	4128	1053	1430
NM_006477	1118	1046	1678	1157	3501	1027	1043	1195	1054	447
NM_006482	1119	1047	677	1158	1729	1028	1044	1196	1055	1431
NM_006485	1120	1048	4039	1159	1730	1029	1045	1197	1056	4083
NM_006486	1121	1049	1679	1160	1731	1030	1046	1198	1057	4013
NM_006487	1122	1050	1680	1161	3298	1031	1047	1199	1058	4008
NM_006491	1123	1051	1681	1162	1732	1032	1048	1200	1059	388
NM_006498	1124	1052	881	70	1109	1033	1049	1201	59	1432
NM_006516	1125	1053	1682	1163	1733	1034	1050	1202	1060	3750
NM_006522	1126	1054	1683	1164	1734	1035	1051	1203	1061	193
NM_006536	1127	1055	1684	1165	4177	1036	1052	1204	1062	3781
NM_006577	1128	1056	612	1166	929	1037	1053	1205	1063	1433
NM_006610	1129	1057	304	1167	1735	1038	1054	4107	1064	1434
NM_006634	1130	1058	1685	155	1736	1039	1055	1206	95	1435
NM_006640	1131	1059	4153	1168	1737	1040	1056	1207	1065	1436
NM_006670	1132	1060	1686	1169	858	1041	1057	1208	1066	3919
NM_006678	1133	1061	1687	1170	4064	1042	1058	1209	1067	1437
NM_006686	1134	1062	300	1171	1738	1043	1059	1210	1068	1438
NM_006688	1135	1063	1688	1172	3426	1044	1060	1211	1069	30
NM_006691	1136	1064	1689	4175	1739	1045	1061	1212	1070	3794
NM_006705	1137	1065	398	1173	1740	1046	1062	1213	1071	1439
NM_006741	1138	1066	1690	1174	3270	1047	1063	1214	1072	202
NM_006779	1139	1067	700	220	1741	1048	1064	243	1073	3633
NM_006818	1140	1068	4115	1175	1742	1049	1065	1215	1074	645
NM_006820	1141	1069	1691	119	1121	1050	1066	1216	1075	883
NM_006829	1142	1070	1692	1176	1743	1051	1067	1217	1076	4041
NM_006843	1143	1071	909	1177	34	1052	1068	1218	91	1440
NM_006849	1144	1072	897	1178	1744	1053	1069	1219	1077	515
NM_006855	1145	1073	4055	1179	1745	1054	1070	1220	1078	1441
NM_006887	1146	1074	1693	1180	1233	1055	1071	280	1079	3690
NM_006914	146	1075	1694	1181	1746	1056	1072	1221	1080	360
NM_006931	1147	1076	4127	1182	1201	1057	1073	1222	1081	1442
NM_006933	1148	1077	4199	1183	1747	1058	1074	1223	1082	1443
NM_006988	1149	1078	1695	1184	1021	1059	1075	1224	1083	4184
NM_006996	1150	1079	1696	1185	1748	1060	1076	1225	1084	606
NM_007021	1151	1080	3895	1186	3160	1061	1077	1226	1085	3736
NM_007024	1152	1081	4149	1187	1749	1062	1078	1227	1086	1444
NM_007040	1153	1082	1697	1188	4063	1063	1079	1228	1087	1445
NM_007069	1154	1083	3777	212	1750	1064	1080	1229	1088	556
NM_007076	101	1084	1698	1189	1751	1065	1081	1230	1089	1446
NM_007113	1155	1085	423	1190	40	1066	1082	1231	1090	151
NM_007115	156	1086	1699	54	1026	1067	1083	1232	42	1447
NM_007127	4182	1087	963	98	1752	1068	1084	1233	1091	1448
NM_007129	1156	1088	1700	1191	1753	1069	1085	1234	1092	244
NM_007138	1157	1089	1701	1192	3575	1070	1086	1235	1093	727
NM_007178	1158	1090	4013	1193	1754	1071	1087	1236	1094	1449
NM_007197	1159	1091	1702	1194	1755	1072	1088	1237	1095	217
NM_007200	1160	1092	1703	1195	498	1073	1089	1238	1096	1450
NM_007220	1161	1093	1704	1196	1756	1074	1090	1239	1097	3897
NM_007225	1162	1094	1705	4172	1126	1075	1091	1240	1098	1451
NM_007274	1163	1095	1706	1197	355	1076	1092	1241	1099	1452
NM_007371	1164	1096	4037	1198	1757	1077	1093	1242	1100	1453
NM_012072	1165	1097	1707	1199	769	1078	1094	1243	1101	1454
NM_012092	1166	1098	1708	1200	3941	1079	1095	1244	79	1455
NM_012098	1167	1099	4173	1201	1758	1080	1096	1245	1102	3830
NM_012106	1168	1100	4034	1202	1759	1081	1097	1246	1103	1456
NM_012108	1169	1101	1709	133	1074	1082	1098	1247	1104	1457
NM_012118	75	1102	1710	1203	1760	1083	1099	1248	1105	1458
NM_012134	1170	1103	1711	1204	1761	1084	1100	1249	1106	4190
NM_012168	1171	1104	1712	1205	3097	1085	1101	1250	1107	347
NM_012170	1172	1105	935	1206	96	1086	1102	1251	1108	1459
NM_012183	1173	1106	1713	1207	1762	1087	1103	1252	1109	405
NM_012193	1174	1107	3858	32	1763	1088	1104	1253	1110	1460
NM_012194	1175	1108	3883	1208	256	1089	1105	1254	1111	1461
NM_012214	1176	1109	3827	1209	1764	1090	1106	1255	1112	73
NM_012217	1177	1110	206	1210	1765	1091	1107	1256	1113	1462
NM_012242	1178	1111	1714	1211	1766	1092	1108	1257	1114	4115
NM_012244	1179	1112	4179	4158	1767	1093	1109	1258	1115	921
NM_012262	1180	1113	4106	1212	1768	1094	1110	1259	1116	1463
NM_012281	1181	1114	1715	1213	4161	1095	1111	1260	1117	1464
NM_012328	29	1115	1716	1214	1769	1096	1112	1261	1118	620
NM_012343	1182	1116	3882	1215	3649	1097	1113	1262	1119	1465
NM_012367	1183	1117	1717	1216	1770	1098	1114	1263	1120	380
NM_012413	1184	1118	1718	1217	1771	3	1115	1264	1121	1466
NM_012420	1185	1119	1719	139	1772	1099	1116	1265	37	1467
NM_012463	1186	1120	1720	1218	3474	1100	1117	1266	1122	1468
NM_013258	1187	1121	284	1219	1773	1101	1118	1267	1123	1469
NM_013278	1188	1122	610	1220	1774	1102	1119	190	1124	1470
NM_013300	1189	1123	3767	1221	3919	1103	1120	1268	1125	1471
NM_013339	1190	1124	3975	1222	1775	1104	1121	1269	1126	764
NM_013340	1191	1125	1721	1223	4152	1105	1122	1270	1127	1472
NM_013351	1192	1126	899	1224	1046	1106	1123	1271	60	156
NM_013363	1193	1127	1722	1225	1776	1107	1124	1272	1128	462
NM_013376	1194	1128	194	1226	1777	1108	1125	1273	1129	1473
NM_013435	1195	1129	1051	1227	1778	1109	1126	1274	1130	361
NM_013943	1196	1130	4033	1228	1779	1110	1127	1275	72	1474
NM_013962	1197	1131	1723	1229	1780	1111	1128	1276	1131	64
NM_013995	1198	1132	4133	1230	1781	1112	1129	1277	1132	1475
NM_014000	1199	1133	1724	1231	1171	1113	1130	1278	1133	3721
NM_014015	1200	1134	4151	1232	1782	1114	1131	1279	1134	1476
NM_014033	1201	1135	3763	1233	1783	1115	1132	1280	1135	3759
NM_014034	1202	1136	3939	1234	1784	1116	1133	1281	1136	1477
NM_014058	1203	1137	1725	1235	3886	1117	1134	1282	1137	1478
NM_014077	1204	1138	1726	1236	97	1118	1135	1283	1138	1479
NM_014079	1205	1139	3797	1237	1785	1119	1136	4098	1139	117
NM_014141	1206	1140	4176	1238	1786	1120	1137	1284	1140	690
NM_014168	1207	1141	1727	1239	4054	1121	1138	1285	1141	894
NM_014208	1208	1142	1728	1240	4111	1122	1139	1286	4195	1480
NM_014215	1209	1143	669	1241	662	1123	1140	1287	1142	659
NM_014229	1210	1144	1729	1242	1787	1124	1141	1288	1143	456
NM_014244	1211	1145	1730	1243	864	1125	1142	1289	1144	3699
NM_014289	1212	1146	3927	1244	1788	1126	1143	1290	1145	215
NM_014314	9	1147	1731	29	1114	1127	1144	1291	7	1481
NM_014326	1213	1148	1732	1245	3174	1128	1145	1292	1146	3989
NM_014330	2	1149	784	182	1789	1129	1146	1293	1147	1482
NM_014360	1214	1150	3828	1246	1790	1130	1147	1294	1148	382
NM_014365	1215	1151	4079	1247	1791	1131	1148	1295	1149	767
NM_014374	1216	1152	3885	1248	386	1132	1149	1296	1150	1483
NM_014376	1217	1153	1733	1249	3616	1133	1150	1297	1151	1484
NM_014379	179	1154	1734	1250	1792	1134	1151	1298	1152	303
NM_014391	1218	1155	3862	1251	1793	1135	1152	1299	1153	253
NM_014398	82	1156	3869	227	1794	1136	1153	1300	67	249
NM_014399	1219	1157	4187	1252	1795	29	1154	1301	1154	550
NM_014405	1220	1158	3964	1253	997	1137	1155	1302	1155	1485
NM_014417	140	1159	1735	1254	1796	1138	1156	1303	1156	4035
NM_014426	1221	1160	823	1255	1797	1139	1157	1304	1157	1486
NM_014460	1222	1161	1736	1256	1798	1140	1158	1305	1158	3991
NM_014470	1223	1162	1737	1257	1799	1141	1159	1306	1159	71
NM_014505	1224	1163	1738	4142	1800	1142	1160	1307	1160	3739
NM_014550	1225	1164	1739	1258	1801	1143	1161	1308	1161	632
NM_014585	1226	1165	1740	4191	3111	1144	1162	4046	1162	1487
NM_014587	1227	1166	286	1259	1802	1145	1163	1309	1163	204
NM_014600	1228	1167	3935	1260	1228	1146	1164	1310	1164	3714
NM_014618	1229	1168	1741	1261	1803	1147	1165	1311	1165	3837
NM_014683	1230	1169	512	1262	3240	1148	1166	1312	1166	1488
NM_014740	1231	1170	516	1263	1804	1149	1167	1313	1167	1489
NM_014817	1232	1171	131	48	3391	1150	1168	1314	1168	1490
NM_014830	1233	1172	3845	1264	1805	1151	1169	1315	1169	508
NM_014855	1234	1173	821	1265	1806	1152	1170	1316	1170	891
NM_014899	1235	1174	3712	1266	1807	1153	1171	1317	1171	3993
NM_014936	1236	1175	4137	1267	1808	1154	1172	1318	1172	725
NM_015070	1237	1176	544	1268	1004	1155	1173	1319	1173	1491
NM_015141	1238	1177	1742	1269	1809	1156	1174	1320	1174	552
NM_015174	1239	1178	1743	1270	3988	1157	1175	1321	1175	1492
NM_015193	157	1179	335	1271	1810	16	33	1322	1176	755
NM_015315	1240	1180	1744	1272	55	1158	1176	1323	1177	1493
NM_015351	1241	1181	1745	1273	1811	1159	1177	1324	1178	679
NM_015381	1242	1182	1746	1274	1812	1160	1178	1325	1179	608
NM_015384	1243	1183	1747	1275	3656	1161	1179	1326	1180	1494
NM_015419	1244	1184	816	1276	3142	1162	1180	1327	1181	4198
NM_015431	1245	1185	1748	1277	3136	1163	1181	1328	1182	177
NM_015444	171	1186	1749	1278	1813	1164	1182	1329	1183	1495
NM_015509	1246	1187	1750	1279	3689	1165	1183	1330	1184	897
NM_015557	1247	1188	1009	1280	1062	1166	1184	1331	1185	17
NM_015564	1248	1189	1751	1281	865	1167	1185	4189	1186	3642
NM_015600	1249	1190	1752	1282	3657	1168	1186	1332	1187	833
NM_015621	1250	1191	4141	1283	1814	1169	1187	1333	1188	486
NM_015686	1251	1192	3875	1284	1815	1170	1188	1334	1189	107
NM_015710	1252	1193	1753	1285	1816	1171	1189	1335	1190	3858
NM_015714	1253	4	3920	1286	1817	1172	13	1336	1191	1496
NM_015720	1254	1194	1754	1287	1818	1173	1190	1337	1192	373
NM_015879	1255	1195	151	1288	1819	1174	1191	1338	1193	1497
NM_015898	1256	1196	515	1289	1820	1175	1192	1339	1194	1498
NM_015907	1257	1197	1755	148	1821	1176	1193	1340	50	1499
NM_015973	1258	1198	1756	1290	980	1177	1194	1341	1195	709
NM_015993	1259	1199	1757	1291	1822	1178	1195	1342	1196	45
NM_016039	1260	1200	3929	1292	1823	1179	1196	1343	1197	1500
NM_016167	1261	1201	1758	1293	3315	1180	1197	1344	1198	1501
NM_016170	1262	1202	1759	1294	1824	1181	1198	1345	1199	224
NM_016190	1263	1203	1760	1295	10	1182	1199	1346	1200	1502
NM_016202	1264	1204	69	1296	1825	1183	1200	1347	1201	1503
NM_016306	180	1205	4019	1297	1826	1184	1201	1348	1202	1504
NM_016307	1265	1206	354	1298	898	1185	1202	1349	1203	1505
NM_016323	65	1207	1761	17	1827	1186	1203	1350	70	153
NM_016370	1266	1208	4191	1299	1828	1187	1204	1351	1204	1506
NM_016399	1267	1209	3969	1300	1829	1188	1205	1352	1205	1507
NM_016403	1268	1210	3724	1301	4151	1189	1206	1353	1206	1508
NM_016445	1269	1211	277	1302	1830	1190	1207	1354	1207	699
NM_016519	1270	1212	4192	1303	3238	1191	1208	1355	1208	1509
NM_016521	1271	1213	1762	1304	1831	1192	1209	87	1209	1510
NM_016562	1272	1214	1763	208	656	21	1210	1356	19	1511
NM_016577	1273	1215	3798	1305	1832	1193	1211	1357	1210	474
NM_016938	1274	1216	1764	1306	573	1194	1212	1358	1211	3875
NM_017417	1275	1217	1765	1307	652	1195	1213	1359	1212	1512
NM_017434	1276	1218	1766	1308	3356	1196	1214	4058	1213	1513
NM_017442	1277	1219	808	1309	61	1197	1215	1360	1214	1514
NM_017493	1278	1220	1767	1310	325	1198	1216	1361	1215	1515
NM_017515	1279	1221	1768	1311	1833	1199	1217	1362	1216	125
NM_017516	1280	1222	3948	1312	799	1200	1218	1363	1217	369
NM_017521	1281	1223	1769	1313	1834	1201	1219	1364	1218	20
NM_017633	163	1224	1770	1314	1189	1202	1220	1365	65	1516
NM_017654	1282	1225	1771	103	1115	1203	1221	1366	1219	1517
NM_017677	1283	1226	1772	1315	1835	1204	1222	1367	1220	142
NM_017767	1284	1227	1773	1316	3301	1205	1223	1368	1221	219
NM_017791	1285	1228	3932	1317	1836	1206	1224	1369	39	115
NM_017793	1286	1229	1774	1318	1837	1207	1225	1370	1222	239
NM_017827	1287	1230	1775	1319	3538	1208	1226	1371	1223	1518
NM_017831	1288	1231	1776	4149	1838	1209	1227	1372	1224	50
NM_017956	1289	1232	4047	1320	1839	1210	1228	1373	1225	1519
NM_018012	1290	1233	1777	1321	1840	1211	1229	1374	1226	3962
NM_018057	1291	1234	4076	1322	981	1212	1230	4035	1227	316
NM_018058	1292	1235	3911	1323	1841	1213	1231	1375	1228	247
NM_018153	1293	1236	1778	1324	3145	1214	1232	1376	1229	4161
NM_018154	4186	1237	3791	1325	1842	1215	1233	1377	1230	642
NM_018176	1294	1238	1779	1326	1843	1216	1234	1378	1231	31
NM_018192	1295	1239	1780	1327	1844	1217	1235	1379	1232	693
NM_018207	1296	1240	886	1328	186	1218	1236	1380	1233	1520
NM_018226	1297	1241	1781	1329	252	1219	1237	1381	1234	1521
NM_018242	1298	1242	1782	1330	1845	1220	1238	4110	1235	203
NM_018257	1299	1243	1783	1331	3817	1221	1239	1382	1236	1522
NM_018279	4176	1244	4099	1332	1846	1222	1240	1383	1237	1523
NM_018295	1300	1245	4104	162	1066	1223	1241	1384	1238	3819
NM_018339	1301	1246	3941	1333	1847	1224	1242	1385	1239	753
NM_018373	1302	1247	4145	1334	1848	1225	1243	1386	1240	1524
NM_018406	1303	1248	406	1335	1170	1226	1244	204	1241	237
NM_018407	1304	1249	3988	1336	1849	1227	1245	1387	1242	1525
NM_018419	1305	1250	1784	1337	1850	1228	1246	1388	1243	169
NM_018424	1306	1251	3773	1338	1851	1229	1247	1389	1244	676
NM_018445	172	1252	1785	1339	1852	1230	1248	1390	1245	1526
NM_018447	1307	1253	3971	1340	1853	1231	1249	1391	1246	1527
NM_018558	1308	1254	3705	1341	1854	1232	1250	1392	1247	24
NM_018646	1309	1255	1786	1342	3366	1233	1251	1393	1248	1528
NM_018649	1310	1256	4091	1343	1855	1234	1252	1394	1249	879
NM_018655	1311	1257	1787	1344	3515	1235	1253	1395	1250	1529
NM_018841	1312	1258	1788	1345	3865	1236	1254	1396	1251	1530
NM_018847	1313	1259	4178	1346	1856	1237	1255	1397	1252	1531
NM_018930	1314	1260	1789	1347	1857	1238	1256	1398	1253	4025
NM_018931	1315	1261	3910	1348	1858	1239	1257	1399	1254	3878
NM_018932	1316	1262	3940	1349	1859	1240	1258	1400	1255	3863
NM_018942	1317	1263	1790	1350	1860	1241	1259	1401	1256	37
NM_018945	1318	1264	1791	4198	1861	1242	1260	1402	1257	3748
NM_018965	1319	1265	1792	1351	64	1243	1261	1403	1258	1532
NM_018971	1320	1266	3743	1352	1095	1244	1262	1404	1259	98
NM_019015	1321	1267	4122	1353	1862	1245	1263	1405	1260	1533
NM_019018	1322	1268	3983	1354	1107	1246	1264	1406	1261	1534
NM_019046	1323	1269	1793	1355	4167	1247	1265	1407	1262	1535
NM_019058	1324	26	1794	1356	1863	1248	1266	1408	1263	1536
NM_019074	1325	1270	858	1357	217	36	1267	1409	1264	1537
NM_019089	1326	1271	1795	1358	1864	18	1268	1410	1265	95
NM_019105	1327	37	1796	1359	1865	1249	1269	1411	1266	4054
NM_019106	1328	1272	3719	1360	1866	1250	1270	1412	1267	18
NM_019108	1329	1273	1797	1361	3539	1251	1271	1413	1268	1538
NM_019119	1330	1274	3786	1362	4043	1252	1272	1414	1269	3471
NM_019554	1331	1275	1798	1363	1867	1253	1273	1415	1270	3839
NM_019601	1332	1276	1799	1364	1868	1254	1274	1416	1271	3678
NM_019851	1333	1277	1800	1365	3714	1255	1275	1417	1272	1539
NM_020063	1334	1278	1801	1366	1869	1256	1276	1418	1273	378
NM_020130	1335	16	1802	1367	1870	1257	1277	1419	1274	4134
NM_020142	1336	1279	969	1368	792	1258	1278	1420	1275	3887
NM_020186	1337	1280	3997	1369	1871	1259	1279	1421	1276	1540
NM_020204	1338	1281	1803	1370	1872	1260	1280	1422	1277	4082
NM_020209	1339	1282	905	1371	1873	1261	1281	1423	1278	257
NM_020225	1340	1283	1804	1372	3158	1262	1282	1424	1279	367
NM_020232	1341	1284	1805	1373	4078	1263	1283	1425	1280	1541
NM_020307	1342	1285	234	1374	1874	1264	1284	1426	1281	1542
NM_020309	1343	1286	1806	1375	1875	1265	1285	1427	1282	112
NM_020311	1344	1287	1807	1376	1876	1266	1286	1428	1283	4070
NM_020340	1345	1288	1808	1377	1877	1267	1287	1429	1284	267
NM_020376	1346	1289	138	1378	3483	1268	1288	1430	1285	1543
NM_020404	1347	1290	1809	1379	1878	1269	1289	1431	75	4100
NM_020405	1348	1291	24	4157	1024	1270	1290	1432	1286	1544
NM_020406	1349	1292	1810	1380	11	1271	1291	1433	1287	1545
NM_020431	1350	1293	1811	4151	1879	1272	1292	1434	1288	120
NM_020433	1351	1294	1812	1381	1139	1273	1293	1435	1289	3882
NM_020529	18	1295	1813	196	1880	1274	1294	147	1290	1546
NM_020639	1352	1296	408	1382	1881	1275	1295	1436	1291	148
NM_020646	1353	1297	1814	1383	987	1276	1296	1437	1292	1547
NM_020647	1354	1298	1815	1384	3421	1277	1297	1438	1293	449
NM_020648	1355	1299	4005	1385	1882	1278	1298	1439	1294	3472
NM_020689	1356	1300	106	1386	3355	1279	1299	1440	1295	1548
NM_020697	1357	1301	778	1387	1883	1280	1300	4087	1296	4194
NM_020753	1358	1302	3974	1388	3114	1281	1301	1441	1297	1549
NM_020754	1359	1303	1816	1389	3558	1282	1302	199	1298	1550
NM_020764	1360	1304	1817	1390	4033	1283	1303	1442	1299	873
NM_020778	1361	1305	1818	1391	1884	1284	1304	1443	1300	12
NM_020783	1362	1306	1819	1392	1885	1285	1305	15	1301	1551
NM_020814	1363	1307	1820	1393	3250	1286	41	1444	1302	3796
NM_020853	1364	1308	1821	1394	1886	1287	1306	1445	1303	528
NM_020869	1365	1309	1822	1395	3403	1288	1307	1446	1304	1552
NM_020905	1366	1310	1823	1396	25	1289	1308	1447	1305	1553
NM_020928	1367	1311	377	1397	3123	1290	1309	1448	1306	1554
NM_020949	1368	1312	1824	1398	1887	1291	1310	1449	1307	4188
NM_020950	1369	1313	764	1399	1022	1292	1311	1450	1308	1555
NM_020954	1370	1314	3946	107	1888	1293	1312	1451	80	3631
NM_020975	1371	1315	1825	59	3253	1294	1313	1452	1309	358
NM_020982	1372	1316	301	4186	3105	1295	1314	1453	1310	832
NM_021005	1373	1317	3760	1400	1889	1296	1315	1454	1311	3847
NM_021025	1374	1318	925	1401	1890	1297	1316	1455	1312	70
NM_021027	1375	1319	1826	1402	3585	1298	1317	1456	1313	1556
NM_021058	1376	1320	1827	78	1891	1299	1318	1457	1314	454
NM_021064	1377	1321	1828	1403	127	1300	1319	1458	1315	1557
NM_021076	1378	1322	1829	1404	1892	1301	1320	1459	1316	426
NM_021083	1379	1323	4157	1405	1893	1302	1321	1460	1317	306
NM_021101	58	1324	3871	1406	1894	1303	1322	1461	1318	1558
NM_021116	1380	1325	3952	1407	1895	1304	1323	1462	1319	128
NM_021127	15	1326	1830	27	1896	1305	1324	1463	1320	452
NM_021175	1381	1327	1831	1408	292	1306	1325	1464	23	1559
NM_021184	1382	1328	4183	1409	1897	1307	1326	1465	1321	1560
NM_021195	1383	1329	164	1410	1898	1308	1327	1466	1322	845
NM_021245	1384	1330	1832	1411	3506	1309	1328	1467	1323	4166
NM_021257	1385	1331	1833	1412	1899	1310	1329	1468	1324	433
NM_021570	1386	1332	1834	1413	1900	1311	1330	1469	1325	118
NM_021637	1387	1333	4027	1414	1901	1312	1331	1470	1326	1561
NM_021819	1388	1334	1835	1415	173	1313	1332	1471	1327	3548
NM_021826	1389	1335	3976	1416	1902	1314	1333	1472	1328	1562
NM_021908	1390	1336	1836	1417	985	1315	1334	1473	1329	1563
NM_021963	1391	1337	1837	1418	1903	1316	1335	1474	1330	162
NM_021978	1392	1338	14	1419	1904	34	1336	1475	1331	53
NM_021992	1393	1339	3919	1420	1905	1317	1337	4072	1332	564
NM_021999	1394	1340	4062	1421	1906	1318	1338	1476	1333	1564
NM_022044	72	1341	1838	1422	1907	1319	1339	1477	1334	757
NM_022054	1395	1342	1839	1423	1080	1320	1340	1478	1335	184
NM_022055	1396	1343	1840	1424	1908	1321	1341	1479	1336	328
NM_022073	1397	1344	1841	1425	1028	1322	1342	1480	1337	288
NM_022097	1398	1345	1842	1426	1909	1323	1343	1481	1338	442
NM_022147	181	1346	1843	33	1910	1324	1344	1482	51	3596
NM_022159	1399	1347	1844	1427	1911	1325	1345	82	1339	1565
NM_022160	1400	1348	1845	1428	1912	1326	1346	1483	1340	280
NM_022168	3	1349	3846	39	1067	1327	1347	1484	20	1566
NM_022344	1401	1350	3747	1429	3800	1328	1348	1485	1341	1567
NM_022351	1402	1351	4007	1430	1913	1329	1349	1486	1342	1568
NM_022363	1403	1352	496	1431	1914	1330	1350	1487	1343	503
NM_022375	1404	1353	1846	1432	877	1331	1351	1488	1344	1569
NM_022459	1405	1354	1847	1433	3530	1332	1352	1489	1345	1570
NM_022496	1406	1355	1848	1434	616	1333	1353	1490	1346	1571
NM_022566	1407	1356	4028	1435	1915	1334	1354	1491	1347	1572
NM_022726	1408	1357	1849	1436	3385	1335	1355	1492	1348	451
NM_022780	1409	1358	4069	1437	1916	1336	1356	1493	1349	1573
NM_022802	1410	1359	1850	1438	564	1337	1357	1494	1350	1574
NM_022843	1411	1360	3876	1439	1917	1338	1358	1495	1351	199
NM_022908	1412	1361	1851	1440	4105	1339	1359	1496	1352	1575
NM_023002	1413	1362	1852	1441	3798	1340	1360	1497	1353	1576
NM_023004	1414	1363	1853	1442	1085	1341	1361	1498	1354	596
NM_023921	1415	1364	1854	1443	3531	1342	1362	1499	1355	1577
NM_023940	1416	1365	972	1444	1130	1343	1363	1500	1356	466
NM_024009	1417	1366	1855	1445	1918	1344	1364	1501	1357	510
NM_024015	1418	1367	1856	1446	3321	1345	1365	1502	1358	558
NM_024017	1419	1368	3789	1447	1919	1346	1366	1503	1359	399
NM_024060	1420	1369	3839	1448	3170	1347	1367	1504	1360	3675
NM_024065	1421	1370	1857	1449	1055	1348	1368	1505	1361	344
NM_024074	1422	1371	1858	1450	1920	1349	1369	1506	1362	110
NM_024094	1423	1372	3831	1451	3744	1350	1370	1507	1363	695
NM_024116	1424	1373	1859	1452	3922	1351	1371	1508	1364	1578
NM_024164	1425	1374	375	1453	1921	1352	1372	1509	1365	1579
NM_024292	1426	1375	1860	1454	143	1353	1373	183	1366	1580
NM_024501	1427	1376	1861	1455	1922	1354	1374	1510	1367	74
NM_024509	1428	1377	4201	1456	1923	1355	1375	1511	1368	1581
NM_024518	1429	1378	1862	1457	1924	1356	1376	1512	1369	657
NM_024581	1430	1379	1863	1458	846	1357	1377	1513	1370	194
NM_024600	1431	1380	1864	1459	1925	1358	1378	1514	1371	3689
NM_024613	1432	1381	3998	1460	1926	1359	1379	1515	1372	1582
NM_024625	37	1382	1865	56	243	1360	1380	1516	1373	1583
NM_024637	1433	1383	3702	1461	1927	1361	1381	1517	1374	3827
NM_024642	1434	1384	1866	1462	1045	1362	1382	1518	1375	1584
NM_024649	1435	1385	1867	1463	1928	1363	1383	1519	1376	3682
NM_024652	1436	1386	1868	1464	1929	1364	1384	1520	1377	3666
NM_024671	1437	1387	1869	1465	1930	1365	1385	1521	1378	131
NM_024708	1438	1388	1870	1466	3690	1366	1386	1522	1379	1585
NM_024741	1439	1389	1871	1467	631	1367	1387	1523	1380	792
NM_024742	1440	1390	540	1468	430	1368	1388	188	1381	1586
NM_024761	1441	1391	1872	1469	1931	1369	1389	1524	1382	613
NM_024769	1442	1392	1873	1470	1932	1370	1390	1525	1383	3744
NM_024928	1443	1393	3996	1471	1933	1371	1391	1526	1384	1587
NM_024953	1444	1394	1874	1472	499	1372	1392	1527	1385	1588
NM_025047	1445	1395	1875	1473	1934	1373	31	1528	1386	646
NM_025153	1446	1396	1876	1474	90	1374	1393	1529	1387	1589
NM_025201	1447	1397	1877	1475	337	1375	1394	1530	1388	1590
NM_025222	1448	1398	4021	1476	1935	1376	1395	1531	1389	1591
NM_025262	1449	1399	1878	1477	3491	1377	1396	1532	1390	1592
NM_030622	1450	1400	1879	1478	1936	1378	1397	1533	1391	422
NM_030636	1451	1401	1880	4170	1073	1379	1398	1534	1392	1593
NM_030754	1452	1402	1881	1479	1937	1380	1399	210	27	1594
NM_030762	200	1403	1882	1480	1938	1381	1400	1535	1393	678
NM_030763	1453	1404	3870	1481	1939	1382	1401	1536	1394	511
NM_030775	1454	1405	1883	4193	1940	1383	1402	1537	1395	1595
NM_030816	1455	1406	1884	1482	1941	1384	1403	102	1396	1596
NM_030891	1456	1407	4118	1483	1942	1385	1404	1538	1397	1597
NM_030907	1457	1408	4180	1484	1943	1386	1405	1539	1398	1598
NM_030915	1458	1409	1885	1485	1188	1387	1406	1540	1399	3977
NM_030952	149	1410	351	1486	1105	1388	1407	1541	1400	1599
NM_030953	1459	1411	1886	1487	3789	1389	1408	1542	1401	1600
NM_031407	1460	1412	718	1488	1212	1390	1409	1543	1402	914
NM_031419	145	1413	279	1489	1044	1391	1410	172	1403	1601
NM_031442	1461	1414	1887	213	1944	1392	1411	1544	1404	3715
NM_031464	1462	1415	523	1490	1945	1393	1412	1545	1405	1602
NM_031479	1463	1	1888	1491	1946	1394	1413	4177	1406	1603
NM_031484	1464	1416	3836	1492	3155	1395	1414	1546	1407	3738
NM_031866	1465	1417	3810	1493	1947	1396	1415	1547	1408	114
NM_031886	1466	1418	998	1494	1948	1397	1416	1548	1409	22
NM_031895	1467	1419	1021	1495	3232	1398	1417	1549	1410	675
NM_031948	1468	1420	1889	1496	238	1399	1418	1550	1411	1604
NM_031957	1469	1421	1890	1497	1949	1400	1419	1551	1412	4123
NM_031958	1470	1422	1891	1498	1950	1401	1420	60	1413	4157
NM_031960	1471	1423	1892	1499	1951	1402	1421	113	1414	3567
NM_031965	1472	1424	1893	1500	23	1403	1422	1552	1415	1605
NM_032036	1473	1425	1894	1501	4027	1404	1423	1553	1416	1606
NM_032040	1474	1426	4155	1502	3367	1405	1424	1554	1417	1607
NM_032120	1475	1427	1895	1503	3608	1406	1425	1555	1418	1608
NM_032138	1476	1428	4114	1504	1952	1407	1426	1556	1419	1609
NM_032160	1477	1429	1896	4159	1953	1408	1427	1557	1420	4090
NM_032192	1478	1430	70	1505	1954	1409	1428	1558	1421	1610
NM_032208	1479	1431	1897	1506	1955	1410	1429	1559	1422	3785
NM_032229	1480	1432	1898	1507	1956	1411	1430	1560	1423	4179
NM_032239	1481	1433	3737	1508	4154	1412	1431	1561	1424	822
NM_032266	1482	1434	4041	1509	1957	1413	1432	4037	1425	3487
NM_032287	1483	1435	4162	1510	1958	1414	1433	1562	1426	1611
NM_032413	1484	1436	1899	136	1959	1415	1434	263	1427	590
NM_032414	1485	1437	1900	1511	1960	1416	1435	1563	1428	4151
NM_032435	1486	1438	1901	1512	1116	1417	1436	1564	1429	67
NM_032449	1487	1439	1902	1513	3935	1418	1437	1565	1430	1612
NM_032505	1488	1440	3725	1514	1152	1419	1438	1566	1431	61
NM_032521	1489	1441	1903	1515	1961	1420	1439	1567	1432	108
NM_032526	1490	1442	1904	1516	1962	1421	1440	1568	1433	470
NM_032551	1491	1443	228	1517	1963	1422	1441	1569	1434	858
NM_032648	1492	1444	994	1518	438	1423	1442	1570	1435	3577
NM_032683	1493	1445	1905	1519	1964	1424	1443	1571	1436	648
NM_032717	1494	1446	1906	1520	3192	1425	1444	1572	1437	374
NM_032727	1495	1447	405	1521	3929	1426	1445	1573	1438	241
NM_032765	1496	1448	1907	1522	254	1427	1446	1574	1439	1613
NM_032800	1497	1449	1908	1523	1965	1428	1447	1575	1440	3832
NM_032833	1498	1450	3954	1524	1966	1429	1448	1576	1441	1614
NM_032876	1499	1451	1909	1525	3755	1430	1449	1577	1442	3550
NM_032882	1500	1452	1910	1526	832	1431	1450	1578	1443	1615
NM_032947	1501	1453	4071	1527	1967	1432	1451	1579	1444	1616
NM_033049	1502	1454	1911	1528	937	1433	1452	1580	9	1617
NM_033050	1503	1455	1912	1529	827	1434	1453	1581	24	1618
NM_033068	1504	1456	187	1530	1968	1435	1454	4119	1445	1619
NM_033085	1505	1457	1913	1531	4126	1436	1455	1582	1446	1620
NM_033102	1506	1458	3790	1532	1969	1437	1456	1583	1447	601
NM_033103	1507	1459	1914	4148	1970	1438	1457	1584	1448	666
NM_033129	1508	1460	479	1533	1971	1439	1458	1585	1449	1621
NM_033131	1509	1461	3898	1534	3387	1440	1459	1586	1450	1622
NM_033133	1510	1462	1915	1535	125	1441	1460	1587	1451	1623
NM_033176	1511	1463	1916	1536	1972	1442	1461	1588	1452	341
NM_033208	1512	1464	3967	1537	1973	1443	1462	1589	1453	1624
NM_033240	1513	1465	1917	192	655	1444	1463	1590	1454	1625
NM_033260	1514	1466	1918	4152	1974	1445	35	1591	1455	1626
NM_033306	1515	1467	1919	1538	511	1446	1464	1592	1456	1627
NM_033315	1516	1468	4008	1539	1975	1447	1465	1593	1457	1628
NM_033316	1517	1469	1920	1540	1098	1448	1466	1594	1458	476
NM_033341	1518	1470	239	1541	1976	1449	1467	1595	1459	3488
NM_033342	1519	1471	1921	1542	1977	1450	1468	1596	1460	263
NM_033400	1520	1472	1922	1543	412	1451	1469	1597	1461	1629
NM_033445	1521	1473	357	1544	1978	1452	1470	1598	1462	884
NM_033482	1522	1474	1923	1545	1979	1453	1471	1599	1463	403
NM_033655	1523	1475	1924	1546	1980	1454	1472	1600	1464	471
NM_052841	1524	1476	147	1547	1981	1455	1473	1601	1465	1630
NM_052846	1525	1477	3921	1548	1982	1456	1474	1602	1466	63
NM_052854	1526	1478	1925	1549	1983	1457	1475	1603	1467	3906
NM_052855	1527	1479	1926	1550	3617	1458	1476	1604	1468	1631
NM_052857	1528	1480	4102	1551	1984	1459	1477	1605	1469	1632
NM_052858	1529	1481	3804	1552	1985	1460	1478	1606	1470	183
NM_052859	1530	45	862	1553	4169	1461	1479	1607	1471	1633
NM_052863	1531	1482	306	1554	4201	1462	1480	1608	1472	329
NM_052870	1532	1483	824	1555	813	1463	1481	1609	1473	1634
NM_052899	1533	1484	4054	1556	4115	1464	1482	1610	1474	1635
NM_052920	1534	1485	1927	1557	1986	1465	1483	268	1475	364
NM_052923	1535	1486	1928	1558	1987	1466	1484	1611	1476	187
NM_052941	22	1487	1929	4	1106	1467	1485	1612	16	1636
NM_052942	1536	1488	1930	87	1988	1468	1486	1613	1477	1637
NM_052943	1537	1489	918	1559	1989	1469	1487	1614	1478	496
NM_052957	1538	1490	355	1560	1990	1470	1488	1615	1479	1638
NM_052969	1539	1491	4193	1561	3098	1471	1489	1616	1480	1639
NM_053024	1540	1492	1931	1562	3407	1472	1490	1617	1481	1640
NM_053045	1541	1493	4011	1563	1991	1473	1491	1618	1482	1641
NM_053056	1542	1494	1932	204	1165	1474	1492	1619	1483	3821
NM_053275	1543	1495	1933	1564	110	1475	1493	1620	1484	3605
NM_053284	1544	1496	361	1565	1992	1476	1494	1621	1485	1642
NM_054014	1545	1497	1934	1566	3408	1477	1495	1622	1486	1643
NM_057176	1546	1498	1935	1567	781	1478	1496	1623	1487	1644
NM_058173	1547	1499	1936	1568	3297	1479	1497	1624	1488	1645
NM_058230	1548	1500	42	1569	1993	1480	1498	1625	1489	1646
NM_080390	1549	1501	1937	1570	1994	1481	1499	1626	1490	39
NM_080650	1550	1502	4067	1571	1995	1482	1500	1627	1491	1647
NM_080657	50	1503	1938	1	1084	1483	1501	1628	3	234
NM_080671	1551	1504	1939	1572	1141	1484	1502	1629	1492	3727
NM_080701	1552	1505	348	1573	917	1485	1503	1630	1493	1648
NM_080738	1553	1506	1940	1574	1996	1486	1504	1631	1494	420
NM_080862	1554	1507	3879	1575	1997	1487	1505	1632	1495	271
NM_080870	1555	1508	1941	1576	1998	1488	1506	1633	1496	408
NM_130388	1556	1509	1942	1577	3576	1489	1507	1634	1497	683
NM_130848	1557	1510	1943	1578	48	1490	1508	1635	1498	1649
NM_130901	1558	1511	1944	1579	1999	1491	1509	1636	1499	640
NM_133445	1559	1512	1945	224	213	1492	1510	1637	1500	251
NM_133447	1560	1513	1946	1580	2000	1493	1511	22	1501	3588
NM_133471	1561	1514	1947	1581	956	1494	1512	1638	1502	1650
NM_133503	1562	1515	1948	1582	2001	1495	1513	1639	1503	4163
NM_133639	4184	1516	837	1583	2002	1496	1514	1640	1504	185
NM_138286	1563	1517	3994	1584	2003	1497	1515	1641	1505	738
NM_138287	42	1518	1949	200	2004	1498	1516	1642	55	1651
NM_138360	1564	46	1950	1585	3132	1499	1517	1643	1506	293
NM_138396	1565	1519	4090	1586	2005	1500	1518	1644	1507	1652
NM_138433	70	1520	662	71	2006	1501	1519	1645	62	3590
NM_138435	1566	1521	1951	1587	2007	1502	1520	1646	1508	401
NM_138444	1567	1522	4044	1588	2008	1503	1521	1647	1509	881
NM_138456	202	1523	1952	82	178	1504	1522	1648	25	3587
NM_138690	1568	1524	906	1589	2009	1505	1523	1649	1510	54
NM_138706	1569	1525	296	1590	2	1506	1524	1650	1511	1653
NM_138717	1570	1526	1953	1591	237	1507	1525	1651	1512	1654
NM_138736	1571	1527	1954	1592	1009	1508	1526	1652	1513	59
NM_138800	1572	1528	1048	1593	2010	1509	1527	1653	1514	223
NM_138961	1573	1529	1955	1594	1102	1510	1528	1654	1515	519
NM_139058	1574	1530	805	1595	2011	1511	1529	1655	1516	192
NM_139278	4177	1531	3745	1596	2012	1512	1530	1656	1517	58
NM_144497	1575	1532	1956	1597	262	1513	1531	1657	1518	1655
NM_144564	1576	1533	4030	1598	2013	1514	1532	1658	1519	922
NM_144569	1577	1534	1957	1599	2014	1515	49	1659	1520	3932
NM_144613	1578	1535	977	1600	2015	1516	1533	1660	1521	150
NM_144617	1579	1536	913	1601	2016	1517	1534	1661	1522	4119
NM_144683	1580	1537	1958	1602	2017	1518	1535	1662	1523	697
NM_144711	1581	1538	3749	1603	3429	1519	1536	1663	1524	350
NM_145005	1582	1539	1959	1604	2018	1520	1537	1664	1525	506
NM_145046	1583	1540	1960	1605	3618	1521	1538	1665	1526	1656
NM_145054	1584	1541	1961	1606	3334	1522	1539	1666	1527	1657
NM_145176	1585	1542	3722	1607	2019	1523	1540	1667	1528	4062
NM_145288	1586	1543	73	1608	2020	1524	1541	1668	1529	774
NM_145298	1587	1544	3701	241	2021	1525	1542	1669	1530	3947
NM_145301	159	1545	1962	1609	2022	1526	1543	1670	1531	1658
NM_145304	1588	1546	1963	1610	2023	1527	1544	11	1532	1659
NM_145343	1589	1547	1964	1611	316	1528	1545	1671	1533	1660
NM_145655	1590	1548	1965	1612	512	1529	1546	1672	1534	588
NM_145658	1591	1549	1966	1613	3559	1530	1547	1673	1535	1661
NM_145699	1592	1550	1967	64	2024	1531	1548	1674	1536	1662
NM_145715	1593	1551	4050	1614	2025	1532	1549	1675	1537	1663
NM_145719	1594	1552	1968	1615	1110	1533	1550	1676	1538	270
NM_145804	1595	1553	1969	140	2026	11	1551	257	1539	1664
NM_145865	4197	1554	1970	1616	2027	1534	1552	1677	1540	1665
NM_148170	1596	1555	1971	1617	4139	1535	1553	1678	1541	1666
NM_148903	1597	1556	1972	1618	2028	1536	4201	4201	1542	1667
NM_148962	1598	1557	742	1619	2029	1537	1554	1679	1543	565
NM_152219	1599	1558	3838	1620	425	1538	1555	1680	1544	3723
NM_152260	1600	1559	1973	1621	371	1539	1556	1681	1545	1668
NM_152263	1601	1560	716	1622	2030	1540	1557	1682	1546	1669
NM_152284	1602	1561	3769	1623	2031	1541	1558	1683	1547	100
NM_152321	1603	1562	1974	1624	3609	1542	1559	1684	1548	1670
NM_152343	1604	1563	1975	1625	4120	1543	1560	218	1549	1671
NM_152349	1605	1564	1976	1626	748	1544	1561	1685	1550	1672
NM_152355	1606	1565	1977	1627	2032	1545	1562	4129	1551	1673
NM_152414	1607	1566	1978	1628	2033	1546	1563	1686	1552	42
NM_152421	1608	1567	123	1629	2034	1547	1564	1687	1553	1674
NM_152429	1609	1568	1979	1630	3444	1548	1565	1688	1554	747
NM_152432	1610	1569	1980	1631	2035	1549	1566	1689	1555	525
NM_152485	1611	1570	4061	1632	2036	1550	1567	1690	1556	1675
NM_152487	1612	1571	1981	1633	1190	1551	1568	1691	1557	418
NM_152539	1613	1572	1982	1634	3251	1552	1569	1692	1558	1676
NM_152569	1614	1573	1983	1635	2037	1553	1570	1693	1559	489
NM_152592	138	1574	3686	1636	905	1554	1571	1694	1560	1677
NM_152679	1615	1575	1984	1637	3448	1555	1572	1695	1561	48
NM_152723	1616	1576	4113	1638	2038	1556	1573	1696	1562	1678
NM_152889	1617	1577	1985	4164	4005	1557	1574	1697	1563	592
NM_152899	1618	1578	1986	86	2039	1558	1575	1698	1564	1679
NM_152990	1619	1579	1987	1639	3509	1559	1576	192	1565	1680
NM_153000	1620	1580	3799	1640	2040	1560	1577	1699	1566	3945
NM_153015	1621	1581	3718	1641	2041	1561	1578	1700	1567	145
NM_153027	1622	1582	1988	1642	81	1562	1579	1701	1568	1681
NM_153236	1623	1583	1989	1643	612	1563	1580	1702	58	1682
NM_153266	1624	1584	725	1644	2042	1564	1581	1703	1569	9
NM_153270	1625	1585	482	1645	2043	1565	1582	1704	1570	531
NM_153337	1626	1586	1990	1646	187	1566	1583	35	1571	1683
NM_153343	1627	1587	1991	1647	3759	1567	1584	1705	1572	540
NM_153347	1628	1588	3902	1648	2044	1568	1585	1706	1573	563
NM_153365	1629	1589	1992	1649	4013	1569	1586	1707	1574	1684
NM_153366	1630	1590	1993	1650	2045	1570	1587	1708	1575	4189
NM_153367	1631	1591	3880	1651	2046	1571	1588	1709	1576	3784
NM_153368	1632	1592	1994	1652	2047	1572	1589	1710	1577	171
NM_153456	1633	1593	1995	1653	276	1573	1590	1711	1578	29
NM_153606	191	1594	278	114	2048	1574	1591	1712	1579	1685
NM_153711	199	1595	3908	23	1103	1575	1592	1713	1580	1686
NM_153757	1634	1596	327	1654	2049	1576	1593	1714	1581	1687
NM_153839	1635	1597	1996	1655	3380	1577	1594	1715	1582	1688
NM_170665	1636	1598	1997	1656	2050	1578	1595	1716	1583	3734
NM_171997	1637	1599	3943	1657	3413	1579	1596	1717	1584	457
NM_171998	77	1600	1004	1658	2051	1580	1597	4094	1585	735
NM_171999	1638	1601	1998	1659	2052	1581	1598	1718	1586	351
NM_172016	1639	1602	699	1660	3088	1582	1599	1719	1587	1689
NM_172037	1640	1603	1999	1661	2053	1583	1600	1720	1588	3835
NM_172138	16	1604	2000	1662	28	1584	1601	1721	1589	1690
NM_172140	11	1605	2001	21	138	1585	16	1722	1590	1691
NM_172212	1641	1606	830	1663	606	1586	1602	1723	1591	3674
NM_172315	1642	1607	2002	1664	3393	1587	1603	1724	1592	3859
NM_173353	1643	1608	2003	1665	2054	1588	1604	1725	1593	152
NM_173508	1644	1609	2004	1666	2055	1589	1605	1726	1594	568
NM_173567	1645	1610	3762	1667	3745	1590	1606	1727	1595	92
NM_173587	1646	1611	883	1668	2056	1591	1607	1728	1596	485
NM_173593	1647	1612	2005	1669	2057	1592	1608	1729	1597	84
NM_173632	1648	1613	4160	1670	1050	1593	1609	1730	1598	1692
NM_173653	1649	1614	2006	1671	3913	1594	1610	1731	1599	1693
NM_173658	1650	1615	4064	1672	1225	1595	1611	4059	1600	1694
NM_173804	1651	1616	2007	1673	999	1596	1612	1732	1601	1695
NM_173824	1652	1617	2008	1674	2058	1597	1613	1733	1602	669
NM_173849	1653	1618	2009	1675	2059	1598	1614	1734	1603	337
NM_174936	1654	1619	2010	1676	2060	1599	1615	1735	1604	505
NM_175052	1655	1620	2011	1677	3811	1600	1616	194	1605	1696
NM_175055	1656	1621	2012	1678	3354	1601	1617	1736	1606	1697
NM_175062	1657	1622	3703	1679	2061	1602	1618	1737	1607	268
NM_175085	1658	1623	3944	1680	1091	1603	1619	1738	1608	1698
NM_175617	1659	1624	2013	168	2062	1604	1620	1739	1609	1699
NM_175873	1660	1625	2014	1681	2063	1605	1621	1740	1610	104
NM_175922	1661	1626	766	1682	3217	1606	1622	1741	1611	235
NM_176869	1662	1627	2015	1683	3675	1607	1623	4064	1612	906
NM_176870	1663	1628	2016	186	3549	1608	1624	1742	1613	854
NM_177454	1664	1629	3936	1684	2064	1609	1625	1743	1614	1700
NM_177455	47	1630	2017	1685	3457	1610	1626	1744	1615	254
NM_177551	24	1631	2018	153	2065	1611	1627	1745	1616	1701
NM_178135	1665	1632	2019	1686	3125	1612	1628	1746	4198	1702
NM_178161	1666	1633	569	1687	2066	1613	1629	1747	1617	189
NM_178171	1667	1634	2020	4195	2067	1614	1630	1748	1618	1703
NM_178191	1668	1635	557	1688	2068	1615	1631	1749	1619	1704
NM_178468	1669	1636	208	1689	1226	1616	1632	1750	1620	1705
NM_178493	1670	1637	1045	1690	2069	1617	1633	1751	1621	32
NM_178516	1671	1638	3802	128	870	1618	1634	1752	1622	1706
NM_178545	1672	1639	2021	1691	3848	1619	1635	1753	1623	287
NM_178557	1673	1640	2022	4155	4014	1620	1636	1754	1624	43
NM_178562	1674	1641	3835	1692	2070	1621	1637	1755	1625	334
NM_178568	1675	1642	2023	1693	2071	25	1638	1756	1626	109
NM_178570	1676	1643	3708	1694	2072	1622	1639	1757	1627	518
NM_181353	1677	1644	411	1695	2073	1623	1640	1758	1628	3752
NM_181426	1678	1645	2024	1696	2074	1624	1641	4088	1629	437
NM_181449	1679	1646	2025	1697	24	1625	1642	1759	8	1707
NM_181486	1680	1647	2026	1698	2075	1626	1643	1760	1630	4071
NM_181727	1681	1648	2027	1699	3522	1627	1644	1761	1631	1708
NM_181809	1682	1649	975	1700	3148	1628	1645	1762	1632	94
NM_181825	1683	1650	401	1701	2076	1629	1646	1763	1633	1709
NM_181844	1684	1651	2028	1702	2077	1630	1647	1764	1634	423
NM_182491	1685	1652	2029	1703	4077	1631	1648	1765	1635	875
NM_182519	1686	1653	2030	1704	3486	1632	1649	1766	4201	1710
NM_182528	1687	1654	469	1705	3430	1633	1650	1767	1636	610
NM_182541	1688	1655	2031	1706	578	1634	1651	1768	1637	802
NM_182623	1689	1656	3796	1707	1222	1635	1652	1769	1638	332
NM_182626	1690	1657	869	1708	2078	1636	1653	1770	1639	500
NM_182757	1691	1658	2032	1709	3357	1637	1654	1771	1640	1711
NM_182894	1692	1659	435	1710	2079	1638	1655	4034	1641	1712
NM_182919	1693	1660	2033	1711	2080	1639	1656	160	1642	1713
NM_182958	1694	1661	1037	1712	3802	1640	1657	1772	1643	1714
NM_182965	1695	1662	2034	203	263	1641	1658	1773	1644	839
NM_183004	1696	1663	2035	1713	3567	1642	1659	1774	1645	1715
NM_183374	1697	1664	2036	1714	2081	1643	1660	1775	1646	597
NM_197958	1698	1665	2037	1715	4187	1644	1661	1776	1647	1716
NM_197965	1699	1666	2038	1716	2082	1645	1662	4078	1648	3820
NM_198147	1700	1667	4184	1717	2083	1646	1663	1777	1649	1717
NM_198183	1701	1668	2039	1718	715	1647	1664	1778	1650	1718
NM_198219	1702	1669	818	1719	2084	1648	1665	1779	1651	1719
NM_198277	1703	1670	2040	1720	4165	1649	1666	1780	1652	1720
NM_198392	1704	1671	2041	1721	2085	1650	1667	1781	1653	4162
NM_198456	1705	1672	2042	1722	478	1651	1668	1782	1654	1721
NM_198461	1706	1673	2043	1723	2086	1652	1669	1783	1655	133
NM_198504	1707	1674	3907	1724	2087	1653	1670	1784	1656	221
NM_198508	1708	1675	562	1725	3295	1654	1671	4047	1657	298
NM_198510	1709	1676	2044	1726	851	1655	1672	1785	1658	1722
NM_198532	1710	1677	243	1727	82	1656	1673	1786	1659	1723
NM_198552	1711	1678	2045	1728	2088	1657	1674	1787	1660	665
NM_198565	1712	1679	79	1729	2089	1658	1675	1788	44	157
NM_198573	1713	1680	3868	4141	2090	1659	1676	1789	1661	69
NM_198582	1714	1681	2046	1730	3328	1660	1677	1790	1662	89
NM_198584	1715	1682	2047	1731	2091	1661	1678	1791	1663	609
NM_198700	1716	1683	2048	1732	338	1662	1679	1792	1664	1724
NM_198715	1717	1684	3873	1733	2092	1663	1680	1793	1665	477
NM_198849	1718	1685	2049	1734	3176	1664	1681	4135	1666	611
NM_198947	1719	1686	4053	1735	363	1665	1682	1794	1667	736
NM_198989	1720	1687	2050	1736	4163	1666	1683	1795	1668	1725
NM_199131	1721	1688	3700	1737	2093	1667	1684	1796	1669	305
NM_199168	1722	1689	2051	1738	2094	1668	1685	1797	1670	4098
NM_199328	1723	1690	2052	1739	4150	1669	1686	1798	4191	1726
NM_199461	1724	1691	2053	1740	2095	1670	1687	1799	1671	342
NM_199511	4181	1692	4142	4160	2096	1671	1688	1800	1672	4106
NM_201559	1725	1693	581	1741	2097	1672	1689	1801	1673	3933
NM_201566	1726	1694	4052	1742	2098	1673	1690	1802	1674	1727
NM_201589	1727	1695	832	4173	914	1674	1691	1803	1675	68
NM_203306	1728	1696	4057	1743	2099	1675	1692	4051	1676	1728
NM_203400	1729	1697	2054	1744	3794	1676	1693	1804	1677	862
NM_203403	1730	1698	2055	1745	2100	1677	1694	1805	1678	3725
NM_203407	1731	1699	48	1746	3228	1678	1695	4113	1679	1729
NM_203412	1732	1700	2056	1747	2101	1679	1696	1806	1680	4186
NM_203417	1733	1701	262	1748	3200	1680	1697	1807	1681	1730
NM_203422	1734	1702	2057	1749	796	1681	1698	1808	1682	4164
NM_203434	1735	1703	95	1750	2102	1682	1699	1809	1683	3710
NM_203451	1736	1704	3740	4194	2103	1683	1700	1810	1684	269
NM_205853	1737	1705	552	1751	75	1684	1701	1811	1685	1731
NM_206866	1738	1706	2058	1752	116	1685	1702	1812	1686	1732
NM_206914	1739	1707	2059	1753	226	1686	1703	1813	1687	1733
NM_206967	1740	1708	4024	1754	2104	1687	1704	1814	1688	1734
NM_207322	128	1709	976	1755	2105	1688	1705	1815	1689	348
NM_207361	1741	1710	3801	1756	2106	1689	1706	1816	1690	230
NM_207391	1742	1711	2060	1757	2107	1690	1707	1817	1691	398
NM_207413	1743	1712	2061	1758	2108	1691	1708	1818	1692	307
NM_207426	1744	1713	2062	1759	911	1692	1709	1819	1693	435
NM_207518	1745	1714	211	1760	2109	1693	1710	1820	1694	1735
NM_212556	1746	1715	173	1761	2110	1694	1711	1821	1695	1736
NM_213602	1747	1716	356	1762	820	1695	1712	1822	1696	3521
NM_213608	1748	1717	945	1763	2111	1696	1713	4178	1697	1737
NM_213611	1749	1718	2063	1764	297	1697	1714	1823	1698	1738
NR_000008	1750	1719	2064	1765	4135	1698	1715	4029	1699	1739
NR_000012	1751	1720	146	1766	3322	1699	1716	1824	1700	1740
NR_000026	1752	1721	332	1767	2112	1700	1717	1825	1701	1741
NR_000027	1753	1722	799	1768	2113	1701	1718	1826	1702	1742
NR_001282	1754	1723	2065	1769	617	1702	1719	1827	1703	3492
NR_001284	170	1724	2066	1770	2114	1703	1720	1828	89	4136
NR_001456	1755	1725	1046	1771	3732	1704	1721	1829	1704	3476
NR_001457	1756	1726	2067	1772	740	1705	1722	1830	1705	1743
NR_001458	1757	1727	593	1773	3835	10	1723	1831	1706	1744
NR_001555	1758	1728	2068	1774	2115	1706	1724	93	1707	1745
NR_001575	1759	1729	793	1775	2116	1707	1725	1832	1708	765
NR_001587	1760	1730	2069	1776	537	1708	1726	1833	1709	1746
NR_001590	1761	1731	2070	1777	527	1709	1727	1834	1710	1747
NR_001591	1762	1732	2071	1778	4193	1710	1728	1835	1711	409
NR_002185	1763	1733	2072	1779	687	1711	1729	1836	1712	1748
NR_002201	1764	1734	877	1780	3374	1712	1730	1837	1713	1749
NR_002223	1765	1735	2073	106	2117	1713	1731	1838	1714	880
NR_002312	1766	1736	2074	1781	4124	1714	1732	1839	1715	1750
NR_002326	1767	1737	774	1782	2118	1715	1733	1840	1716	1751
NR_002436	1768	1738	1001	1783	3733	1716	1734	1841	1717	1752
NR_002444	1769	1739	2075	1784	3540	1717	1735	1842	1718	1753
NR_002448	1770	1740	2076	1785	58	1718	1736	1843	1719	1754
NR_002450	1771	1741	900	1786	4133	1719	1737	1844	1720	1755
NR_002569	1772	1742	730	1787	3417	1720	1738	1845	1721	1756
NR_002571	1773	1743	2077	1788	188	1721	1739	1846	1722	826
NR_002581	1774	1744	2078	1789	1099	1722	1740	4184	1723	1757
NR_002587	1775	1745	43	1790	1150	1723	1741	1847	1724	1758
NR_002594	1776	1746	47	1791	1204	1724	1742	1848	1725	1759
NR_002710	1777	1747	2079	1792	716	1725	1743	1849	1726	1760
NR_002711	1778	1748	2080	1793	4036	1726	1744	1850	1727	1761
NR_002728	1779	1749	37	1794	1097	1727	1745	1851	1728	1762
NR_002739	1780	1750	2081	1795	317	1728	1746	1852	1729	1763
NR_002742	1781	1751	241	1796	3983	1729	1747	1853	1730	1764
NR_002749	1782	1752	2082	1797	3406	1730	1748	1854	1731	1765
NR_002768	1783	1753	714	1798	2119	1731	1749	1855	1732	1766
NR_002812	1784	1754	2083	1799	2120	1732	1750	1856	1733	336
NR_002817	1785	1755	608	1800	2121	1733	1751	1857	1734	1767
NR_002834	1786	1756	2084	1801	329	1734	1752	1858	1735	1768
NR_002918	1787	1757	364	1802	2122	1735	1753	1859	1736	1769
NR_002920	1788	1758	2085	1803	4092	1736	1754	1860	1737	1770
NR_002925	1789	1759	2086	1804	3780	1737	1755	1861	1738	1771
NR_002929	1790	1760	2087	1805	3196	1738	1756	1862	1739	618
NR_002940	1791	1761	3692	1806	789	1739	1757	1863	1740	1772
NR_002963	1792	1762	2088	1807	3942	1740	1758	1864	1741	1773
NR_002981	1793	1763	437	1808	1010	1741	1759	1865	1742	1774
NR_002989	1794	1764	547	1809	824	1742	1760	1866	1743	1775
NR_002996	1795	1765	2089	1810	731	1743	1761	1867	1744	1776
NR_003001	1796	1766	520	1811	2123	1744	1762	1868	1745	1777
NR_003004	1797	1767	2090	1812	3568	1745	1763	1869	1746	920
NR_003010	1798	1768	2091	1813	940	1746	1764	1870	1747	1778
NR_003020	1799	1769	64	1814	2124	1747	1765	4114	1748	1779
NR_003023	1800	1770	946	1815	3541	1748	1766	1871	1749	1780
NR_003029	1801	1771	480	1816	2125	1749	1767	1872	1750	1781
NR_003032	1802	1772	2092	1817	3740	1750	1768	1873	1751	1782
NR_003035	1803	1773	2093	1818	4158	1751	1769	1874	1752	1783
NR_003050	1804	1774	599	1819	2126	1752	1770	1875	1753	1784
NR_003061	1805	1775	2094	249	3325	1753	1771	1876	17	1785
NR_003064	1806	1776	200	1820	2127	1754	1772	1877	1754	694
NR_003068	1807	1777	169	1821	2128	1755	1773	1878	1755	852
NR_003077	1808	1778	260	1822	284	1756	1774	1879	1756	1786
NR_003088	1809	1779	2095	1823	2129	1757	1775	1880	1757	149
NR_003133	1810	1780	3693	16	2130	1758	1776	1881	35	1787
NR_003139	1811	11	2096	1824	2131	1759	1777	1882	1758	1788
NR_003148	1812	1781	4035	1825	2132	1760	1778	1883	1759	1789
NR_003186	1813	1782	2097	81	915	1761	1779	1884	1760	1790
NR_003187	1814	1783	2098	49	1094	33	1780	1885	1761	1791
NR_003255	1815	1784	2099	1826	2133	1762	1781	4198	1762	1792
NR_003260	1816	1785	620	1827	2134	1763	1782	1886	1763	1793
NR_003271	1817	1786	2100	1828	2135	1764	1783	4196	1764	1794
NR_003276	1818	1787	2101	216	3498	1765	1784	1887	1765	769
NR_003370	1819	1788	762	1829	1054	1766	1785	1888	1766	1795
NR_003521	1820	1789	2102	1830	3586	1767	1786	1889	1767	1796
NR_003545	1821	1790	4063	1831	2136	1768	1787	4044	1768	1797
NR_003563	1822	1791	2103	1832	4192	1769	1788	1890	1769	1798
NR_003578	1823	1792	4038	246	2137	1770	1789	1891	1770	1799
NR_003659	1824	1793	2104	1833	3472	1771	1790	1892	1771	1800
NR_003661	1825	1794	776	1834	1232	1772	1791	1893	1772	1801
NR_003670	1826	1795	2105	1835	4074	1773	1792	1894	1773	1802
NR_003676	1827	1796	2106	1836	483	1774	1793	1895	1774	1803
NR_003683	1828	1797	2107	179	979	1775	1794	1896	1775	807
NR_003691	1829	1798	940	1837	3978	1776	1795	1897	1776	1804
NR_003695	1830	1799	2108	1838	843	1777	1796	1898	1777	1805
NR_003706	1831	29	2109	1839	3631	1778	1797	1899	1778	1806
NR_003713	1832	1800	3950	1840	3089	1779	1798	1900	1779	1807
NR_003714	1833	1801	996	1841	3220	1780	1799	1901	1780	4177
NR_003924	1834	1802	2110	1842	3201	1781	1800	4197	1781	1808
NR_003938	1835	1803	728	1843	3188	1782	1801	1902	1782	1809
NR_003949	1836	1804	2111	1844	2138	1783	1802	1903	1783	3831
NR_003950	4200	36	2112	1845	2139	1784	1803	1904	1784	1810
NR_003955	1837	1805	2113	1846	2140	1785	1804	1905	1785	653
NR_004378	1838	1806	753	1847	26	1786	1805	1906	1786	1811
NR_004380	1839	1807	953	1848	3577	1787	1806	1907	1787	1812
NR_004393	1840	13	2114	1849	2141	1788	1807	4080	1788	1813
NR_004400	1841	1808	456	1850	2142	1789	1808	4085	1789	1814
NR_004403	1842	1809	2115	1851	632	1790	1809	1908	1790	1815
NR_004421	1843	1810	2116	1852	2143	1791	8	1909	1791	1816
NR_004427	1844	1811	2117	1853	2144	1792	1810	1	1792	1817
NR_004855	1845	1812	2118	1854	4022	1793	1811	1910	1793	1818
NR_004859	1846	1813	2119	1855	114	1794	1812	1911	1794	1819
NR_006880	1847	1814	422	1856	2145	1795	1813	1912	1795	1820
NR_015375	1848	1815	2120	1857	645	1796	1814	4182	1796	1821
NR_015384	141	1816	2121	1858	2146	1797	52	282	1797	1822
NR_015389	1849	1817	4200	1859	2147	1798	1815	1913	1798	1823
NR_015407	1850	1818	2122	1860	4108	1799	1816	1914	1799	1824
NR_015417	1851	1819	2123	1861	2148	1800	1817	1915	1800	4073
NR_015419	1852	1820	603	1862	2149	1801	1818	1916	1801	1825
NR_015424	1853	1821	2124	1863	3133	1802	1819	1917	1802	580
NR_015430	1854	1822	2125	1864	3640	1803	1820	1918	1803	1826
NR_015454	1855	1823	4194	1865	2150	1804	1821	1919	1804	1827
NR_021489	1856	1824	2126	1866	2151	1805	1822	1920	1805	612
NR_022008	1857	1825	2127	1867	1113	1806	1823	4100	1806	196
NR_022011	1858	1826	2128	1868	2152	1807	1824	1921	1807	650
NR_022014	1859	1827	2129	1869	3359	1808	1825	175	1808	1828
NR_023344	1860	27	968	1870	2153	1809	1826	1922	1809	1829
NR_023382	1861	1828	3962	1871	3287	1810	1827	1923	1810	1830
NR_023392	1862	1829	3986	1872	2154	1811	1828	1924	1811	1831
NR_024008	1863	1830	40	1873	776	1812	1829	1925	1812	1832
NR_024032	1864	1831	2130	1874	2155	1813	1830	68	1813	1833
NR_024042	1865	1832	2131	1875	2156	1814	1831	1926	1814	60
NR_024046	1866	1833	190	1876	1143	1815	1832	1927	1815	907
NR_024061	1867	1834	3793	1877	4067	1816	1833	1928	1816	1834
NR_024065	1868	1835	2132	1878	3410	1817	1834	1929	1817	4117
NR_024086	1869	1836	2133	1879	365	1818	1835	4045	1818	1835
NR_024162	1870	1837	2134	1880	3812	1819	1836	1930	1819	1836
NR_024181	1871	1838	895	1881	3638	1820	1837	1931	1820	1837
NR_024233	1872	1839	2135	1882	528	1821	1838	1932	1821	809
NR_024252	1873	1840	2136	1883	3288	1822	1839	1933	1822	3688
NR_024254	1874	1841	2137	1884	1112	1823	1840	1934	1823	3946
NR_024258	1875	1842	2138	1885	2157	1824	1841	1935	1824	186
NR_024261	1876	1843	2139	1886	2158	1825	1842	1936	1825	619
NR_024321	1877	1844	493	1887	1223	1826	1843	1937	1826	1838
NR_024330	1878	1845	2140	1888	524	1827	1844	1938	1827	1839
NR_024333	1879	1846	4043	1889	2159	1828	1845	1939	1828	1840
NR_024344	1880	1847	3779	1890	1036	1829	1846	1940	1829	188
NR_024394	1881	1848	2141	1891	777	1830	1847	1941	1830	790
NR_024433	1882	1849	314	1892	1032	1831	1848	1942	1831	1841
NR_024447	1883	1850	785	1893	2160	1832	1849	1943	1832	3718
NR_024452	1884	1851	2142	1894	1005	1833	1850	1944	1833	3757
NR_024464	1885	1852	2143	1895	3756	1834	1851	1945	1834	1842
NR_024484	1886	1853	4130	1896	3109	1835	1852	1946	1835	1843
NR_024489	1887	1854	2144	1897	3184	1836	1853	1947	1836	3986
NR_024492	1888	1855	2145	1898	1183	1837	1854	1948	1837	3746
NR_024523	1889	1856	2146	1899	4179	1838	1855	1949	1838	1844
NR_026052	1890	1857	4096	1900	2161	1839	1856	1950	1839	1845
NR_026543	1891	1858	2147	1901	320	1840	1857	1951	1840	3551
NR_026556	63	1859	2148	1902	2162	1841	1858	1952	1841	1846
NR_026597	1892	1860	2149	19	2163	1842	1859	1953	1842	1847
NR_026675	1893	1861	72	1903	3372	1843	1860	1954	1843	1848
NR_026676	1894	1862	564	1904	3368	1844	1861	1955	1844	1849
NR_026682	193	1863	2150	1905	3771	1845	1862	1956	1845	1850
NR_026705	1895	1864	509	1906	2164	1846	1863	1957	1846	898
NR_026728	1896	1865	2151	1907	3691	1847	1864	1958	1847	1851
NR_026732	1897	1866	681	1908	3806	1848	1865	1959	1848	1852
NR_026756	1898	1867	2152	1909	152	1849	1866	1960	1849	3775
NR_026765	1899	1868	2153	1910	3466	1850	1867	1961	1850	1853
NR_026784	1900	1869	974	1911	970	1851	1868	1962	1851	1854
NR_026785	1901	1870	3984	1912	2165	1852	1869	1963	1852	445
NR_026800	1902	1871	2154	1913	3323	15	1870	1964	1853	1855
NR_026824	1903	1872	2155	1914	2166	1853	1871	1965	1854	4049
NR_026825	1904	1873	2156	1915	2167	1854	1872	1966	1855	4029
NR_026837	1905	1874	2157	1916	3278	1855	1873	1967	1856	3707
NR_026845	1906	1875	2158	1917	3353	1856	1874	1968	1857	1856
NR_026850	1907	1876	2159	1918	3151	1857	1875	1969	1858	3948
NR_026857	1908	1877	4169	4139	2168	1858	1876	1970	1859	3594
NR_026865	1909	1878	4042	1919	2169	1859	1877	1971	1860	1857
NR_026867	102	1879	2160	1920	205	1860	1878	219	1861	1858
NR_026876	1910	1880	2161	1921	3143	1861	1879	1972	1862	3918
NR_026890	1911	1881	2162	1922	3790	1862	1880	1973	1863	1859
NR_026913	1912	1882	2163	1923	4170	1863	1881	1974	1864	1860
NR_026914	1913	1883	203	1924	3753	1864	1882	1975	1865	1861
NR_026915	1914	1884	2164	4187	3090	1865	1883	1976	1866	1862
NR_026925	1915	1885	2165	1925	3523	1866	1884	1977	1867	616
NR_026943	1916	1886	4103	1926	2170	1867	1885	1978	1868	1863
NR_026954	1917	1887	3851	1927	2171	1868	1886	1979	1869	4044
NR_026958	1918	1888	2166	1928	3496	1869	1887	1980	1870	1864
NR_026961	1919	1889	735	1929	2172	1870	1888	4093	1871	3802
NR_026965	1920	1890	2167	1930	4164	1871	1889	1981	1872	1865
NR_026966	1921	25	2168	1931	2173	1872	1890	1982	1873	1866
NR_027004	1922	1891	2169	1932	3283	1873	1891	1983	1874	1867
NR_027021	1923	1892	2170	1933	3658	1874	1892	1984	1875	1868
NR_027027	1924	1893	3865	1934	2174	1875	1893	1985	1876	680
NR_027040	1925	1894	4060	1935	3137	1876	1894	1986	1877	1869
NR_027176	1926	1895	2171	1936	2175	1877	1895	1987	1878	3921
NR_027181	1927	1896	30	1937	3168	1878	1896	1988	4194	1870
NR_027247	1928	1897	2172	1938	2176	1879	1897	1989	1879	3886
NR_027258	1929	1898	789	1939	1090	1880	1898	1990	1880	1871
NR_027263	1930	1899	3903	1940	3481	1881	1899	1991	1881	1872
NR_027282	1931	1900	2173	1941	2177	1882	1900	1992	1882	577
NR_027294	1932	1901	2174	1942	2178	1883	1901	1993	1883	583
NR_027321	1933	1902	2175	1943	4147	1884	1902	1994	1884	1873
NR_027350	1934	1903	2176	1944	2179	1885	1903	1995	1885	443
NR_027374	1935	1904	2177	1945	3984	1886	1904	1996	1886	1874
NR_027378	1936	1905	2178	1946	3290	1887	1905	144	1887	1875
NR_027383	1937	1906	902	1947	505	1888	1906	1997	1888	1876
NR_027405	1938	22	2179	1948	2180	1889	1907	1998	1889	1877
NR_027406	1939	1907	2180	1949	1211	1890	1908	1999	1890	4093
NR_027423	1940	1908	4004	1950	3198	1891	1909	2000	1891	1878
NR_027425	1941	1909	2181	1951	3803	1892	1910	2001	1892	1879
NR_027442	1942	1910	4131	1952	2181	1893	1911	2002	1893	1880
NR_027447	1943	1911	2182	1953	2182	1894	1912	2003	1894	3889
NR_027471	1944	1912	3856	1954	4130	1895	1913	2004	1895	1881
NR_027504	1945	1913	2183	1955	3949	1896	1914	2005	1896	1882
NR_027508	1946	1914	2184	1956	3102	1897	1915	2006	1897	3911
NR_027621	1947	1915	51	1957	2183	1898	1916	2007	1898	1883
NR_027622	1948	1916	2185	1958	3905	1899	1917	4124	1899	3648
NR_027634	1949	1917	2186	1959	3454	1900	1918	2008	1900	1884
NR_027701	175	28	3897	1960	2184	1901	1919	2009	1901	1885
NR_027706	1950	1918	2187	1961	2185	1902	1920	2010	1902	167
NR_027754	1951	1919	2188	1962	2186	1903	1921	4157	1903	1886
NR_027889	1952	1920	779	1963	3746	1904	1922	2011	1904	1887
NR_027898	1953	1921	2189	1964	2187	1905	1923	153	1905	1888
NR_028134	1954	1922	2190	1965	549	1906	1924	4132	1906	1889
NR_028288	1955	1923	2191	1966	2188	1907	1925	65	1907	1890
NR_028301	1956	1924	4022	1967	3163	1908	1926	2012	1908	1891
NR_028308	1957	1925	2192	4184	3236	1909	1927	2013	1909	1892
NR_028339	1958	1926	882	1968	3418	1910	1928	2014	1910	1893
NR_028351	1959	1927	1018	1969	298	1911	1929	2015	1911	1894
NR_028386	1960	1928	2193	1970	2189	1912	1930	2016	1912	516
NR_028443	1961	1929	3807	1971	2190	1913	1931	2017	1913	438
NR_028509	1962	1930	2194	1972	2191	1914	1932	4161	1914	1895
NR_028510	1963	1931	2195	1973	3682	1915	1933	2018	1915	776
NR_028514	1964	1932	4163	1974	3119	1916	1934	2019	1916	1896
NR_029378	1965	1933	2196	1975	4010	1917	1935	2020	1917	1897
NR_029388	1966	1934	973	1976	815	1918	1936	2021	1918	1898
NR_029396	1967	1935	2197	1977	618	1919	1937	2022	1919	1899
NR_029409	1968	1936	696	1978	3542	1920	1938	2023	1920	1900
NR_029423	1969	1937	179	1979	2192	1921	1939	2024	1921	1901
NR_029435	1970	1938	2198	1980	162	1922	1940	2025	1922	1902
NR_029495	1971	1939	2199	1981	1037	1923	1941	2026	1923	3816
NR_029516	1972	1940	2200	1982	717	1924	1942	2027	1924	1903
NR_029517	1973	1941	2201	1983	718	1925	1943	2028	1925	1904
NR_029635	1974	1942	2202	1984	2193	1926	1944	2029	1926	3909
NR_029639	1975	1943	2203	1985	60	1927	1945	2030	1927	1905
NR_029895	1976	1944	2204	1986	741	1928	1946	2031	1928	1906
NR_030286	1977	1945	2205	1987	198	1929	1947	2032	1929	1907
NR_030296	1978	1946	2206	1988	299	1930	1948	2033	1930	1908
NR_030732	1979	1947	3874	1989	2194	1931	1949	213	1931	4101
NR_030761	1980	1948	2207	1990	155	1932	1950	2034	1932	1909
NR_031631	1981	1949	2208	1991	2195	1933	1951	42	1933	1910
NR_031695	1982	1950	3945	1992	2196	1934	1952	2035	1934	3992
NR_033186	1983	1951	2209	1993	3462	1935	1953	2036	1935	3706
NR_033245	1984	1952	2210	1994	556	1936	1954	2037	1936	808
NR_033258	116	1953	2211	1995	2197	1937	1955	2038	53	1911
NR_033267	1985	1954	2212	1996	588	1938	1956	2039	1937	1912
NR_033341	1986	1955	2213	1997	778	1939	1957	4112	1938	1913
NR_033343	1987	1956	2214	1998	4186	1940	1958	2040	1939	1914
NR_033380	1988	1957	842	1999	3925	1941	1959	2041	1940	1915
NR_033400	1989	1958	81	2000	2198	1942	1960	2042	1941	1916
NR_033408	1990	1959	11	2001	2199	1943	1961	2043	1942	1917
NR_033415	1991	1960	907	4162	281	1944	1962	2044	1943	1918
NR_033557	1992	1961	2215	2002	3954	1945	1963	4125	1944	1919
NR_033711	1993	1962	2216	2003	89	1946	1964	2045	1945	1920
NR_033805	1994	1963	4082	2004	2200	1947	1965	2046	1946	1921
NR_033834	1995	1964	4010	2005	2201	1948	1966	2047	1947	338
NR_033846	1996	1965	2217	2006	2202	1949	1967	50	1948	1922
NR_033851	1997	1966	606	2007	2203	1950	1968	2048	1949	1923
NR_033878	1998	1967	2218	2008	2204	1951	1969	103	1950	1924
NR_033882	1999	1968	2219	2009	2205	1952	1970	4170	1951	1925
NR_033886	2000	1969	2220	2010	3887	1953	1971	2049	1952	1926
NR_033897	2001	1970	2221	2011	633	1954	1972	2050	1953	1927
NR_033901	2002	1971	2222	2012	37	1955	1973	2051	1954	1928
NR_033912	2003	1972	2223	2013	357	1956	1974	2052	1955	3514
NR_033923	2004	1973	156	2014	2206	1957	1975	2053	1956	1929
NR_033963	2005	1974	381	2015	3487	1958	1976	2054	1957	1930
NR_033972	2006	1975	2224	2016	2207	1959	1977	2055	1958	3697
NR_034002	2007	1976	2225	2017	2208	1960	1978	2056	1959	625
NR_034033	2008	1977	2226	2018	3659	1961	1979	2057	1960	1931
NR_034072	2009	1978	4048	2019	2209	1962	1980	2058	1961	1932
NR_034083	2010	1979	2227	2020	2210	1963	1981	2059	1962	3949
NR_034085	2011	1980	3714	2021	70	1964	1982	2060	1963	923
NR_034088	2012	1981	32	2022	2211	1965	1983	2061	1964	1933
NR_034099	2013	1982	2228	2023	2212	1966	1984	2062	1965	4017
NR_034107	2014	1983	3934	2024	3269	1967	1985	2063	1966	1934
NR_034112	2015	1984	2229	2025	3828	1968	1986	2064	1967	1935
NR_034113	2016	1985	2230	2026	4168	1969	1987	2065	1968	1936
NR_034125	2017	1986	2231	2027	206	1970	1988	2066	1969	1937
NR_034134	2018	1987	2232	2028	2213	1971	1989	4134	1970	1938
NR_034143	2019	1988	2233	2029	2214	1972	1990	125	1971	3569
NR_034156	2020	1989	2234	2030	22	1973	1991	2067	1972	1939
NR_034172	2021	1990	3720	2031	3667	1974	1992	2068	1973	1940
NR_036156	2022	1991	2235	2032	2215	1975	1993	2069	1974	4027
NR_036158	190	1992	628	2033	2216	1976	1994	2070	1975	1941
NR_036159	165	1993	510	2034	2217	1977	1995	2071	1976	1942
NR_036213	2023	1994	2236	2035	2218	1978	1996	140	1977	1943
NR_036480	2024	1995	4188	2036	2219	1979	1997	2072	1978	1944
NR_036485	2025	1996	3861	2037	2220	1980	1998	2073	1979	4033
NR_036487	2026	1997	2237	2038	3091	1981	1999	2074	1980	692
NR_036489	2027	1998	2238	2039	922	1982	2000	2075	1981	1945
NR_036494	2028	1999	2239	2040	3138	1983	2001	4158	1982	1946
NR_036511	2029	2000	759	2041	2221	1984	2002	2076	1983	855
NR_036526	2030	2001	792	2042	2222	1985	2003	2077	1984	1947
NR_036533	2031	2002	2240	2043	2223	1986	2004	2078	1985	3809
NR_036539	2032	2003	2241	2044	3807	1987	2005	2079	1986	1948
NR_036540	2033	2004	4012	2045	2224	1988	2006	2080	1987	3872
NR_036549	2034	2005	2242	2046	532	1989	2007	2081	1988	1949
NR_036584	2035	2006	2243	2047	2225	1990	2008	2082	1989	3862
NR_036632	2036	2007	2244	2048	2226	1991	2009	2083	1990	231
NR_036678	2037	2008	2245	2049	3578	1992	2010	2084	1991	3803
NR_036683	2038	2009	2246	2050	2227	1993	2011	2085	1992	201
NR_037157	2039	2010	2247	2051	2228	1994	2012	2086	1993	228
NR_037177	2040	2011	2248	2052	663	1995	2013	2087	1994	1950
NR_037191	54	2012	2249	2053	3504	1996	2014	2088	1995	1951
NR_037193	2041	2013	2250	2054	601	1997	2015	2089	1996	1952
NR_037195	2042	2014	2251	4154	4098	1998	2016	2090	1997	3766
NR_037500	2043	2015	2252	2055	4148	1999	2017	2091	1998	1953
NR_037504	2044	2016	339	2056	2229	2000	2018	2092	1999	1954
NR_037597	2045	2017	2253	2057	3349	2001	2019	4163	2000	1955
NR_037599	2046	2018	2254	2058	2230	2002	2020	2093	2001	691
NR_037629	2047	2019	4100	2059	2231	2003	2021	2094	2002	1956
NR_037676	2048	2020	2255	2060	358	2004	2022	2095	2003	3576
NR_037701	2049	2021	2256	4189	2232	2005	2023	2096	2004	3554
NR_037869	2050	2022	697	2061	2233	2006	2024	2097	2005	3780
NR_037884	2051	2023	2257	2062	2234	2007	2025	2098	2006	3979
NR_037889	2052	2024	2258	2063	550	2008	2026	2099	2007	1957
NR_037893	2053	2025	4066	2064	3500	2009	2027	2100	2008	1958
NR_038080	2054	2026	315	2065	2235	2010	2028	2101	2009	1959
NR_038236	2055	2027	2259	2066	2236	2011	2029	2102	2010	4192
NR_038264	2056	2028	2260	2067	2237	2012	2030	2103	2011	3680
NR_038284	2057	2029	2261	2068	742	2013	2031	2104	2012	1960
NR_038286	2058	2030	49	2069	2238	2014	2032	2105	2013	1961
NR_038291	2059	2031	2262	2070	2239	2015	27	2106	2014	1962
NR_038322	2060	2032	4154	2071	2240	2016	2033	2107	2015	1963
NR_038337	2061	2033	2263	2072	3724	2017	2034	2108	2016	1964
NR_038342	2062	2034	2264	2073	3361	2018	2035	2109	2017	1965
NR_038362	2063	2035	2265	2074	3982	2019	2036	2110	2018	1966
NR_038379	2064	2036	1022	2075	772	2020	2037	2111	2019	1967
NR_038382	2065	2037	2266	2076	2241	2021	2038	176	2020	3868
NR_038397	2066	2038	2267	2077	2242	2022	2039	16	2021	3616
NR_038444	2067	2039	4032	2078	3302	2023	2040	2112	2022	756
NR_038452	2068	2040	3848	2079	1192	2024	2041	2113	2023	3790
NR_038455	2069	2041	2268	2080	2243	2025	2042	121	2024	1968
NR_038464	2070	2042	4139	2081	2244	2026	2043	2114	2025	1969
NR_038835	2071	2043	4136	2082	2245	2027	2044	2115	2026	614
NR_038847	2072	2044	2269	2083	837	2028	2045	2116	2027	1970
NR_038849	2073	2045	2270	2084	3087	2029	2046	2117	2028	4088
NR_038856	2074	2046	2271	2085	4191	2030	2047	2118	2029	1971
NR_038884	2075	2047	2272	58	2246	2031	2048	2119	2030	1972
NR_038904	2076	2048	4186	2086	3107	2032	2049	2120	2031	1973
NR_038910	2077	2049	2273	2087	3135	2033	2050	2121	2032	3924
NR_038925	2078	2050	3742	2088	3362	2034	2051	2122	2033	240
NR_038926	2079	2051	3803	2089	4123	2035	2052	2123	2034	248
NR_038930	2080	2052	3794	2090	2247	2036	2053	2124	2035	436
NR_038935	2081	2053	2274	2091	3550	2037	2054	2125	2036	1974
NR_038941	2082	2054	3795	2092	326	2038	2055	2126	2037	3532
NR_038948	2083	2055	2275	2093	3893	2039	2056	2127	2038	1975
NR_038955	2084	2056	4094	2094	3108	2040	2057	2128	2039	1976
NR_038957	2085	2057	2276	2095	496	2041	2058	2129	2040	818
NR_038958	2086	2058	2277	2096	862	2042	2059	2130	2041	530
NR_038969	2087	2059	4134	2097	2248	2043	2060	2131	2042	1977
NR_038970	2088	2060	819	2098	2249	2044	2061	2132	2043	1978
NR_038976	2089	2061	2278	2099	3569	2045	2062	2133	2044	1979
NR_038982	2090	2062	2279	2100	2250	2046	2063	2134	2045	321
NR_038987	2091	2063	2280	2101	593	2047	2064	2135	2046	1980
NR_038995	2092	2064	4068	2102	1069	2048	2065	2136	2047	3767
NR_038996	2093	2065	2281	76	1144	2049	2066	2137	2048	1981
NR_039905	2094	2066	2282	89	2251	2050	2067	2138	2049	1982
NR_039912	2095	2067	419	2103	2252	2051	2068	2139	2050	1983
NR_039969	2096	2068	787	2104	2253	2052	2069	2140	2051	1984
NR_039988	2097	2069	2283	2105	2254	2053	2070	2141	2052	319
NR_040000	2098	2070	390	2106	2255	2054	2071	4099	2053	1985
NR_040015	2099	2071	2284	2107	3598	2055	2072	2142	2054	1986
NR_040017	2100	2072	2285	2108	4058	2056	2073	4089	2055	1987
NR_040033	2101	2073	2286	2109	2256	2057	2074	2143	2056	4051
NR_040050	2102	2074	2287	4201	2257	2058	2075	2144	2057	1988
NR_040051	2103	2075	2288	2110	3860	2059	2076	2145	2058	1989
NR_040071	2104	2076	2289	2111	4174	2060	2077	2146	2059	1990
NR_040081	2105	2077	2290	2112	457	2061	2078	2147	2060	1991
NR_040090	135	2078	2291	2113	45	2062	2079	2148	2061	3591
NR_040092	2106	2079	3999	2114	2258	2063	2080	2149	2062	3705
NR_040096	2107	2080	2292	2115	431	2064	2081	2150	2063	3658
NR_040107	2108	2081	2293	159	1219	2065	2082	2151	2064	1992
NR_040245	142	2082	3688	2116	2259	2066	26	2152	2065	1993
NR_040250	2109	2083	2294	2117	3683	2067	2083	2153	2066	1994
NR_040434	2110	2084	890	2118	4113	2068	2084	2154	2067	1995
NR_040599	2111	2085	3938	2119	2260	2069	2085	2155	2068	353
NR_040662	2112	2086	2295	2120	2261	2070	2086	2156	2069	62
NR_040710	2113	2087	2296	2121	3813	2071	2087	2157	2070	1996
NR_044993	2114	2088	2297	2122	2262	2072	2088	2158	2071	4074
NR_044995	2115	2089	2298	2123	2263	2073	2089	2159	2072	3883
NR_045002	2116	2090	2299	2124	2264	2074	2090	2160	2073	402
NR_045058	2117	2091	555	2125	3599	2075	2091	2161	2074	1997
NR_045214	2118	42	2300	2126	2265	2076	2092	2162	2075	3713
NR_045215	2119	2092	2301	2127	2266	2077	2093	2163	2076	3686
NR_045839	2120	2093	3990	2128	2267	2078	2094	2164	2077	1998
NR_045863	2121	2094	271	2129	2268	2079	2095	2165	2078	1999
NR_046096	2122	2095	2302	2130	3157	2080	2096	2166	2079	634
NR_046173	2123	2096	3922	2131	570	2081	2097	2167	2080	2000
NR_046213	2124	2097	2303	2132	2269	2082	2098	2168	2081	3696
NR_046220	2125	2098	4023	2133	3261	2083	2099	4086	2082	2001
NR_046235	2126	2099	121	2134	2270	2084	2100	2169	2083	2002
NR_046236	2127	2100	2304	2135	619	2085	2101	2170	2084	2003
NR_046240	2128	2101	3813	2136	3435	2086	2102	2171	2085	2004
NR_046241	2129	2102	497	2137	2271	2087	2103	2172	2086	2005
NR_046251	2130	2103	2305	2138	56	2088	2104	2173	2087	2006
NR_046312	2131	2104	751	2139	2272	2089	2105	2174	2088	2007
NR_046357	2132	2105	2306	2140	2273	2090	2106	2175	2089	406
NR_046383	2133	2106	2307	2141	2274	2091	2107	2176	2090	362
NR_046442	2134	2107	2308	2142	3127	2092	2108	2177	2091	320
NR_046461	2135	2108	3918	2143	3727	2093	2109	2178	2092	2008
NR_046478	2136	2109	2309	2144	3741	2094	2110	2179	2093	771
NR_046507	2137	2110	2310	2145	2275	2095	2111	2180	2094	3667
NR_046554	2138	2111	2311	2146	1020	2096	2112	2181	2095	304
NR_046580	2139	2112	2312	2147	2276	2097	2113	54	2096	3600
NR_046583	2140	2113	3716	2148	2277	2098	2114	2182	2097	4129
NR_046631	2141	2114	87	2149	2278	2099	2115	2183	2098	2009
NR_046633	2142	2115	3812	2150	2279	2100	2116	4032	2099	4006
NR_046635	2143	2116	2313	2151	788	2101	2117	2184	2100	2010
NR_046683	2144	2117	2314	2152	892	2102	2118	2185	2101	541
NR_046734	2145	2118	2315	2153	4046	2103	2119	2186	2102	2011
NR_046870	2146	2119	2316	2154	3358	2104	2120	2187	2103	2012
NR_047001	2147	2120	2317	2155	2280	2105	2121	4187	2104	2013
NR_047470	2148	2121	3863	2156	2281	2106	2122	2188	2105	3879
NR_047495	2149	2122	2318	2157	2282	2107	2123	2189	2106	4038
NR_047558	2150	2123	4081	2158	2283	2108	2124	2190	2107	2014
NR_047568	2151	2124	2319	2159	2284	2109	2125	2191	2108	4061
NR_047570	2152	2125	2320	2160	36	2110	2126	2192	2109	2015
NR_047648	2153	2126	2321	2161	105	2111	2127	2193	77	3940
NR_047662	2154	2127	2322	2162	2285	2112	2128	2194	2110	463
NR_049718	2155	2128	3909	2163	4190	2113	2129	2195	2111	2016
NR_049793	114	2129	2323	2164	2286	2114	2130	2196	2112	2017
NR_049794	2156	2130	2324	2165	3266	2115	2131	2197	2113	2018
NR_049852	2157	2131	701	2166	2287	2116	2132	2198	2114	2019
NR_051996	2158	2132	2325	2167	4121	2117	2133	2199	2115	2020
NR_052021	2159	2133	2326	2168	448	2118	2134	2200	2116	2021
NR_073084	2160	2134	272	2169	1177	2119	2135	2201	2117	2022
NR_073085	2161	2135	366	2170	3167	2120	2136	2202	2118	2023
NR_073111	2162	2136	2327	2171	3742	2121	2137	2203	2119	2024
NR_073113	2163	2137	3930	2172	2288	2122	2138	2204	2120	2025
NR_073389	2164	2138	2328	2173	465	2123	2139	4109	2121	2026
NR_073430	169	2139	2329	2174	2289	2124	2140	4174	2122	2027
NR_074079	68	2140	2330	2175	1059	2125	2141	2205	2123	685
NR_077061	2165	2141	2331	2176	2290	2126	2142	2206	2124	3980
NR_077227	2166	2142	2332	2177	2291	2127	2143	2207	2125	372
NR_102280	2167	2143	2333	2178	3619	2128	2144	2208	2126	2028
NR_102333	2168	2144	2334	2179	324	2129	2145	2209	2127	2029
NR_102400	2169	2145	75	2180	2292	2130	2146	2210	2128	2030
NR_102401	2170	2146	2335	2181	2293	2131	25	2211	2129	2031
NR_102684	2171	2147	2336	2182	4172	2132	2147	2212	2130	2032
NR_102759	2172	2148	2337	2183	50	2133	2148	2213	2131	2033
NR_103445	2173	2149	887	2184	3808	2134	2149	2214	2132	3519
NR_103446	2174	2150	2338	2185	477	2135	2150	2215	2133	2034
NR_103451	2175	2151	2339	2186	2294	2136	2151	2216	2134	3951
NR_103548	2176	2152	2340	231	2295	2137	2152	108	2135	2035
NR_103549	2177	2153	2341	2187	2296	2138	2153	166	2136	3516
NR_103558	2178	2154	344	2188	2297	2139	2154	4200	2137	2036
NR_103740	2179	2155	2342	2189	2298	2140	2155	4136	2138	2037
NR_103767	2180	2156	66	2190	2299	2141	2156	2217	2139	2038
NR_103768	2181	2157	3785	2191	4144	2142	2157	2218	2140	2039
NR_103771	2182	2158	947	2192	3979	2143	2158	2219	2141	2040
NR_103773	2183	2159	91	2193	3488	2144	2159	2220	2142	2041
NR_103774	2184	2160	2343	2194	3285	2145	2160	2221	2143	4015
NR_103777	2185	2161	2344	2195	3766	2146	2161	2222	2144	2042
NR_103804	2186	2162	2345	2196	2300	2147	2162	2223	2145	3905
NR_103831	2187	2163	923	2197	2301	2148	2163	2224	2146	3793
NR_103855	2188	35	2346	2198	2302	2149	2164	2225	2147	4068
NR_103858	2189	2164	2347	2199	3844	2150	2165	2226	2148	3508
NR_104098	2190	2165	2348	2200	35	2151	2166	2227	2149	2043
NR_104116	2191	2166	2349	2201	420	2152	2167	2228	2150	2044
NR_104133	194	2167	693	2202	1154	2153	2168	2229	2151	3983
NR_104178	2192	2168	2350	2203	2303	2154	2169	2230	2152	3751
NR_104223	2193	2169	2351	2204	4102	2155	2170	2231	2153	2045
NR_104224	2194	2170	3736	2205	51	2156	2171	2232	2154	2046
NR_104269	2195	2171	2352	2206	2304	2157	2172	2233	2155	651
NR_104314	2196	2172	2353	2207	330	2158	2173	2234	2156	2047
NR_104331	2197	2173	3977	2208	2305	2159	2174	2235	2157	3622
NR_104664	2198	2174	2354	2209	3493	2160	2175	2236	2158	2048
NR_104676	2199	2175	2355	2210	3377	2161	2176	2237	2159	2049
NR_106735	2200	2176	989	2211	3122	2162	2177	33	2160	2050
NR_106947	2201	2177	2356	2212	300	2163	2178	2238	2161	2051
NR_108047	2202	2178	1015	2213	396	2164	2179	2239	2162	2052
NR_108049	2203	2179	2357	2214	579	2165	2180	4103	2163	2053
NR_108061	2204	2180	2358	2215	3216	2166	2181	2240	71	4167
NR_108070	2205	2181	2359	2216	3937	2167	2182	2241	2164	2054
NR_108073	2206	2182	2360	2217	2306	2168	2183	2242	2165	578
NR_108080	2207	2183	3819	2218	2307	2169	2184	2243	2166	3895
NR_108100	2208	2184	350	2219	2308	2170	2185	2244	2167	2055
NR_109769	2209	2185	2361	187	589	2171	2186	2245	2168	2056
NR_109779	4190	2186	2362	2220	3180	2172	2187	2246	2169	4199
NR_109806	2210	2187	2363	2221	3179	2173	2188	2247	2170	492
NR_109827	2211	2188	3820	2222	3379	2174	2189	4074	2171	2057
NR_109836	2212	2189	2364	167	2309	2175	2190	2248	57	2058
NR_109849	2213	2190	4029	2223	2310	2176	2191	2249	2172	2059
NR_109868	2214	2191	2365	2224	2311	2177	2192	104	2173	2060
NR_109873	2215	2192	3958	2225	2312	2178	2193	2250	2174	3650
NR_109889	2216	2193	2366	2226	4003	2179	2194	2251	2175	2061
NR_109908	2217	2194	4097	2227	2313	2180	2195	2252	2176	2062
NR_109928	2218	2195	2367	2228	3906	2181	2196	2253	2177	726
NR_110021	2219	2196	2368	2229	3610	2182	2197	2254	2178	834
NR_110045	2220	2197	2369	2230	3747	2183	2198	2255	2179	2063
NR_110065	2221	2198	283	2231	2314	2184	2199	2256	2180	3597
NR_110115	2222	2199	3867	2232	2315	2185	2200	2257	2181	226
NR_110128	2223	2200	2370	2233	701	2186	2201	2258	2182	2064
NR_110134	2224	2201	2371	2234	3923	2187	2202	4079	2183	2065
NR_110236	2225	2202	2372	2235	2316	2188	2203	4171	2184	2066
NR_110255	80	2203	2373	2236	2317	2189	2204	2259	2185	3742
NR_110419	2226	2204	2374	2237	3820	2190	2205	2260	2186	2067
NR_110439	2227	2205	4128	2238	2318	2191	2206	4073	2187	2068
NR_110506	2228	2206	2375	2239	4083	2192	2207	2261	2188	2069
NR_110514	2229	2207	2376	2240	2319	2193	2208	2262	2189	526
NR_110515	2230	2208	2377	2241	348	2194	2209	2263	2190	2070
NR_110549	2231	2209	2378	2242	2320	2195	2210	2264	2191	4019
NR_110554	2232	2210	2379	2243	4117	2196	2211	2265	2192	2071
NR_110569	2233	2211	2380	2244	194	2197	2212	2266	2193	2072
NR_110597	2234	2212	2381	2245	3676	2198	2213	2267	2194	2073
NR_110647	2235	2213	2382	2246	381	2199	2214	2268	2195	2074
NR_110652	2236	2214	4165	2247	2321	2200	2215	2269	2196	262
NR_110658	2237	2215	2383	2248	2322	2201	10	2270	2197	2075
NR_110666	2238	2216	2384	2249	3543	2202	2216	2271	2198	2076
NR_110671	2239	2217	2385	2250	2323	2203	2217	2272	2199	407
NR_110681	2240	2218	2386	2251	3699	2204	2218	2273	2200	2077
NR_110698	2241	2219	2387	2252	3106	2205	2219	2274	2201	571
NR_110727	2242	2220	2388	2253	909	2206	2220	2275	2202	2078
NR_110733	2243	2221	2389	2254	2324	2207	2221	4183	2203	2079
NR_110744	2244	2222	2390	2255	2325	2208	2222	2276	2204	295
NR_110763	2245	2223	2391	2256	2326	2209	2223	4159	2205	2080
NR_110784	2246	2224	2392	2257	3482	2210	2224	2277	2206	2081
NR_110796	2247	2225	639	2258	3093	2211	2225	2278	2207	2082
NR_110801	2248	2226	2393	117	3153	2212	2226	2279	2208	773
NR_110802	2249	2227	2394	2259	719	2213	2227	2280	2209	2083
NR_110810	2250	2228	2395	2260	3469	2214	2228	2281	45	3556
NR_110831	2251	2229	2396	2261	2327	2215	2229	66	2210	2084
NR_110840	2252	2230	2397	2262	3249	2216	2230	2282	2211	2085
NR_110883	2253	2231	2398	2263	3611	2217	2231	2283	2212	2086
NR_110901	2254	2232	319	2264	3317	2218	2232	2284	2213	2087
NR_110912	2255	2233	911	2265	1200	2219	2233	2285	2214	143
NR_111930	2256	2234	2399	2266	3709	2220	2234	4065	2215	2088
NR_111936	2257	2235	724	2267	2328	2221	2235	2286	2216	2089
NR_119376	2258	2236	2400	2268	2329	2222	2236	2287	2217	3668
NR_120311	2259	2237	2401	2269	551	2223	2237	2288	2218	4053
NR_120333	2260	2238	470	2270	2330	2224	2238	2289	2219	2090
NR_120363	2261	2239	3822	2271	2331	2225	2239	2290	56	3961
NR_120386	2262	2240	2402	2272	3172	2226	2240	2291	2220	3854
NR_120423	2263	2241	2403	2273	3660	2227	2241	2292	2221	819
NR_120430	2264	2242	4109	2274	2332	2228	2242	2293	2222	2091
NR_120495	2265	2243	2404	2275	4194	2229	2243	2294	2223	3497
NR_120521	2266	2244	873	2276	4032	2230	2244	2295	2224	2092
NR_120528	56	2245	2405	2277	3229	2231	2245	2296	2225	2093
NR_120595	2267	2246	2406	2278	4109	2232	2246	2297	2226	2094
NR_120598	4180	2247	2407	2279	2333	2233	2247	2298	2227	4075
NR_120611	2268	2248	25	2280	4094	2234	2248	2299	2228	2095
NR_120613	2269	2249	4092	2281	3427	2235	2249	2300	2229	2096
NR_120647	2270	2250	4002	2282	2334	2236	2250	2301	2230	2097
NR_120662	2271	2251	2408	2283	200	2237	2251	2302	2231	2098
NR_121581	2272	2252	2409	2284	106	2238	2252	2303	2232	3482
NR_121587	2273	2253	2410	4185	2335	2239	2253	4040	2233	2099
NR_121638	2274	2254	2411	2285	3120	2240	2254	2304	2234	3936
NR_121652	2275	2255	2412	2286	2336	2241	2255	2305	2235	4080
NR_121674	2276	2256	2413	2287	4002	2242	2256	2306	2236	2100
NR_122038	2277	2257	2414	2288	3318	2243	2257	4027	2237	2101
NR_123739	2278	2258	2415	2289	2337	2244	2258	130	2238	3704
NR_125348	2279	2259	2416	2290	1181	2245	2259	2307	2239	392
NR_125373	2280	2260	3792	2291	774	2246	2260	2308	2240	4170
NR_125376	2281	2261	4077	2292	2338	2247	2261	2309	2241	2102
NR_125378	2282	2262	2417	2293	3264	2248	2262	2310	2242	2103
NR_125398	2283	2263	4006	2294	764	2249	2263	2311	2243	2104
NR_125405	2284	2264	956	2295	743	2250	2264	2312	2244	3568
NR_125408	2285	2265	2418	2296	3620	2251	2265	2313	2245	2105
NR_125409	2286	2266	2419	4197	2339	2252	2266	2314	2246	740
NR_125429	2287	2267	2420	2297	4055	2253	2267	2315	2247	2106
NR_125431	2288	2268	2421	2298	991	2254	2268	4076	2248	2107
NR_125738	2289	2269	2422	2299	421	2255	2269	2316	2249	3620
NR_125739	147	10	2423	2300	2340	2256	2270	2317	93	3506
NR_125806	2290	19	3759	2301	2341	2257	2271	2318	2250	3629
NR_125845	2291	2270	114	2302	1185	2258	2272	2319	2251	2108
NR_125849	2292	2271	2424	2303	2342	2259	2273	4102	2252	3925
NR_125938	2293	2272	2425	2304	2343	2260	7	226	2253	2109
NR_125947	2294	2273	2426	2305	3587	2261	2274	2320	2254	4174
NR_125970	2295	2274	2427	2306	4007	2262	2275	2321	2255	2110
NR_125987	2296	2275	2428	2307	3767	2263	2276	2322	2256	411
NR_126167	2297	2276	4074	2308	2344	2264	2277	2323	2257	2111
NR_126169	2298	2277	2429	2309	2345	2265	2278	2324	2258	15
NR_126355	2299	2278	4125	2310	3414	2266	2279	2325	2259	2112
NR_126358	2300	2279	136	2311	2346	2267	2280	2326	2260	2113
NR_126359	2301	2280	2430	24	2347	2268	2281	2327	2261	586
NR_126382	2302	2281	2431	2312	2348	2269	2282	2328	2262	4112
NR_126453	2303	2282	1002	2313	2349	2270	2283	2329	2263	3885
NR_126467	2304	2283	2432	2314	189	2271	2284	2330	2264	2114
NR_126470	2305	2284	2433	2315	620	2272	2285	2331	2265	2115
NR_126502	2306	2285	2434	2316	520	2273	2286	2332	2266	2116
NR_128720	2307	2286	2435	2317	172	2274	2287	2333	2267	2117
NR_130107	2308	2287	3878	2318	2350	2275	2288	2334	2268	602
NR_130156	2309	2288	476	2319	2351	2276	2289	2335	2269	2118
NR_130707	2310	2289	2436	2320	560	2277	2290	2336	2270	673
NR_130736	2311	2290	712	2321	720	2278	2291	2337	2271	2119
NR_130737	2312	2291	2437	2322	2352	2279	2292	2338	2272	4007
NR_130770	2313	2292	2438	2323	3768	2280	2293	2339	2273	749
NR_130776	2314	2293	2439	111	3239	2281	2294	2340	2274	3601
NR_130779	2315	2294	2440	2324	2353	2282	2295	83	2275	2120
NR_130905	2316	2295	2441	2325	403	2283	2296	2341	2276	2121
NR_130926	2317	2296	309	2326	2354	2284	2297	2342	2277	3526
NR_131012	2318	8	83	2327	1194	2285	2298	2343	2278	3896
NR_131192	2319	2297	2442	2328	4066	2286	2299	2344	2279	2122
NR_131238	2320	2298	2443	2329	4118	2287	2300	2345	2280	2123
NR_131782	2321	2299	2444	2330	4197	2288	2301	2346	2281	705
NR_131902	2322	2300	2445	92	1227	2289	2302	2347	2282	2124
NR_131907	2323	2301	4138	2331	3370	2290	2303	2348	2283	3771
NR_131919	2324	2302	2446	2332	2355	2291	2304	136	2284	2125
NR_131926	2325	2303	2447	2333	3645	2292	2305	2349	2285	2126
NR_131935	49	2304	2448	2334	3579	2293	2306	2350	2286	2127
NR_131938	2326	2305	2449	2335	2356	2294	2307	2351	2287	3916
NR_132125	2327	2306	3704	2336	753	2295	2308	4126	2288	2128
NR_132315	2328	2307	2450	2337	3416	2296	2309	2352	2289	2129
NR_132322	2329	2308	617	2338	2357	2297	2310	6	2290	2130
NR_132346	2330	2309	809	2339	3684	2298	2311	2353	2291	2131
NR_132360	2331	2310	2451	2340	221	2299	2312	2354	2292	2132
NR_132417	2332	2311	704	2341	2358	2300	2313	2355	2293	2133
NR_132422	2333	2312	4197	2342	2359	2301	2314	2356	2294	2134
NR_132623	2334	2313	2452	2343	2360	2302	2315	2357	2295	4036
NR_132737	2335	2314	667	2344	3453	2303	2316	2358	2296	2135
NR_132738	2336	2315	3968	2345	3434	2304	2317	2359	2297	4069
NR_132748	2337	2316	2453	2346	2361	2305	2318	19	2298	2136
NR_132753	2338	2317	2454	2347	821	2306	2319	2360	2299	2137
NR_132755	2339	2318	664	2348	889	2307	2320	2361	2300	2138
NR_132758	2340	2319	384	2349	3273	2308	2321	2362	2301	687
NR_132759	2341	2320	2455	2350	506	2309	2322	2363	2302	2139
NR_132785	2342	2321	2456	2351	3692	2310	2323	2364	2303	2140
NR_132789	2343	2322	2457	2352	2362	2311	2324	2365	2304	4058
NR_132964	2344	2323	2458	2353	3394	2312	2325	56	2305	2141
NR_132980	2345	2324	2459	2354	3144	2313	2326	2366	2306	3756
NR_132989	2346	2325	2460	149	2363	23	2327	2367	2307	2142
NR_133006	2347	2326	2461	2355	432	2314	2328	2368	2308	2143
NR_133575	2348	2327	2462	2356	3884	2315	2329	2369	2309	2144
NR_133638	2349	2328	367	2357	2364	2316	2330	273	2310	2145
NR_133642	2350	2329	2463	2358	2365	2317	2331	4077	2311	3877
NR_134263	2351	2330	2464	2359	2366	2318	2332	2370	2312	314
NR_134322	2352	2331	2465	2360	3818	2319	2333	2371	2313	2146
NR_134562	2353	2332	2466	2361	696	2320	2334	2372	2314	2147
NR_134564	2354	2333	3924	2362	3917	2321	2335	2373	2315	2148
NR_134611	2355	2334	2467	2363	1060	2322	2336	2374	2316	467
NR_134635	2356	2335	2468	2364	458	2323	2337	2375	2317	2149
NR_134656	2357	2336	2469	2365	2367	2324	2338	2376	2318	294
NR_134873	2358	2337	2470	124	2368	2325	2339	2377	2319	2150
NR_134963	2359	2338	2471	2366	3999	2326	2340	2378	2320	2151
NR_135014	2360	2339	2472	2367	185	2327	2341	2379	2321	2152
NR_135098	2361	2340	2473	222	702	2328	2342	2380	2322	2153
NR_135109	2362	2341	2474	2368	2369	2329	2343	109	2323	2154
NR_135128	2363	2342	483	2369	3952	2330	2344	2381	2324	2155
NR_135180	2364	2343	2475	2370	3728	2331	2345	2382	2325	698
NR_135198	2365	2344	652	2371	2370	2332	2346	2383	2326	2156
NR_135205	2366	2345	141	2372	2371	2333	2347	2384	2327	155
NR_135288	2367	2346	2476	4143	4008	2334	2348	2385	2328	2157
NR_135290	2368	2347	2477	2373	4072	2335	2349	2386	2329	2158
NR_135312	2369	2348	695	2374	2372	2336	2350	2387	2330	842
NR_135317	2370	2349	35	2375	944	2337	2351	2388	2331	2159
NR_135321	2371	2350	57	2376	2373	2338	2352	2389	2332	2160
NR_135479	2372	2351	3699	2377	2374	2339	2353	2390	2333	711
NR_135500	2373	2352	2478	2378	3621	2340	2354	2391	2334	2161
NR_135551	2374	2353	2479	2379	2375	2341	2355	2392	2335	4001
NR_135631	2375	2354	2480	2380	346	2342	2356	2393	2336	2162
NR_135692	2376	2355	4058	2381	343	2343	2357	2394	2337	2163
NR_135805	2377	2356	90	2382	2376	2344	2358	2395	2338	2164
NR_135827	2378	2357	2481	2383	2377	2345	2359	2396	2339	4108
NR_135835	2379	2358	2482	2384	27	2346	2360	2397	2340	2165
NR_135837	2380	2359	2483	2385	3772	2347	2361	2398	2341	2166
NR_136255	2381	2360	4065	2386	2378	2348	2362	2399	2342	2167
NR_136267	2382	2361	317	2387	2379	2349	2363	2400	2343	2168
NR_136302	2383	2362	313	2388	2380	2350	2364	2401	2344	3873
NR_136316	2384	2363	2484	2389	3729	2351	2365	2402	2345	2169
NR_136339	2385	2364	403	2390	1011	2352	2366	2403	2346	2170
NR_136614	2386	2365	168	2391	3274	2353	2367	2404	2347	2171
NR_136642	2387	2366	3757	2392	4184	2354	2368	2405	2348	2172
NR_136644	2388	2367	2485	2393	2381	2355	2369	2406	2349	545
NR_136706	2389	2368	2486	4183	2382	2356	2370	2407	2350	2173
NR_136910	2390	2369	2487	2394	3204	2357	2371	2408	2351	3927
NR_137178	2391	2370	2488	2395	2383	2358	2372	2409	2352	4150
NR_138043	2392	2371	3894	2396	3736	2359	2373	2410	2353	2174
NR_138084	2393	2372	2489	2397	2384	2360	2374	119	2354	2175
NR_138091	2394	2373	2490	2398	3650	2361	2375	2411	2355	2176
NR_138257	2395	2374	4031	2399	2385	2362	2376	2412	2356	2177
NR_144376	2396	2375	4049	2400	856	2363	2377	127	2357	2178
NR_144514	2397	2376	2491	2401	2386	2364	2378	67	2358	899
NR_144551	2398	2377	205	2402	2387	2365	2379	2413	2359	3589
NR_144634	2399	2378	3800	2403	538	2366	2380	2414	2360	721
NR_144637	2400	2379	602	2404	2388	2367	2381	2415	2361	2179
NR_145132	2401	2380	59	2405	2389	2368	2382	2416	2362	2180
NR_145422	2402	2381	2492	2406	108	2369	2383	2417	2363	2181
NR_145423	2403	2382	2493	2407	2390	2370	2384	2418	2364	3923
NR_145429	71	2383	2494	80	871	2371	30	2419	2365	2182
NR_145459	2404	20	854	2408	2391	2372	2385	4199	2366	4046
NR_145484	2405	2384	4116	2409	2392	2373	2386	2420	2367	2183
NR_145491	2406	2385	2495	2410	3211	2374	2387	2421	2368	3888
NR_145670	2407	7	2496	2411	4200	2375	2388	2422	2369	3659
NR_145766	2408	2386	658	2412	2393	2376	2389	2423	2370	2184
NR_145776	2409	2387	2497	2413	1014	2377	2390	2424	2371	652
NR_145819	2410	2388	758	2414	847	2378	2391	252	2372	2185
NR_146076	2411	2389	2498	2415	210	2379	2392	2425	2373	722
NR_146077	2412	6	2499	2416	2394	2380	2393	2426	2374	851
NR_146078	2413	2390	2500	2417	3670	2381	2394	2427	2375	2186
NR_146117	2414	2391	427	2418	2395	2382	2395	185	2376	2187
NR_146151	2415	2392	488	2419	3912	2383	2396	232	2377	2188
NR_146176	2416	2393	2501	55	2396	2384	2397	2428	2378	2189
NR_146274	2417	2394	2502	2420	3241	2385	2398	2429	2379	3708
NR_146290	2418	2395	2503	2421	3202	2386	2399	2430	2380	3950
NR_146292	2419	2396	2504	2422	767	2387	2400	2431	2381	497
NR_146300	2420	2397	2505	2423	4093	2388	2401	2432	2382	2190
NR_146309	2421	5	2506	202	2397	2389	2402	2433	2383	2191
NR_146317	2422	2398	1033	2424	4023	2390	2403	2434	2384	2192
NR_146320	2423	2399	3881	2425	621	2391	2404	2435	2385	2193
NR_146321	2424	2400	2507	2426	3286	2392	2405	2436	2386	3998
NR_146322	2425	2401	3899	2427	4136	2393	2406	2437	2387	2194
NR_146324	2426	2402	484	2428	793	2394	2407	2438	2388	2195
NR_146392	2427	2403	2508	2429	2398	2395	9	2439	2389	3681
NR_146455	2428	2404	2509	2430	139	2396	2408	2440	2390	2196
NR_146488	2429	2405	328	2431	3159	2397	2409	2441	2391	2197
NR_146595	2430	2406	2510	2432	2399	2398	2410	4176	2392	2198
NR_146602	2431	2407	2511	2433	732	2399	2411	2442	2393	2199
NR_146624	2432	2408	2512	2434	16	2400	2412	2443	2394	2200
NR_146710	2433	2409	2513	2435	3173	2401	2413	4075	2395	3825
NR_146770	2434	2410	768	2436	2400	2402	2414	2444	2396	2201
NR_146771	2435	2411	2514	2437	2401	2403	2415	2445	2397	617
NR_146868	2436	2412	4	2438	2402	2404	2416	2446	2398	2202
NR_146897	2437	2413	2515	4188	2403	2405	2417	2447	2399	2203
NR_146920	2438	2414	2516	2439	721	2406	2418	2448	2400	2204
NR_146974	2439	2415	2517	2440	2404	2407	2419	2449	2401	34
NR_147077	2440	2416	560	2441	2405	2408	2420	2450	2402	2205
NR_147125	2441	2417	2518	2442	838	2409	2421	2451	2403	3535
NR_147233	2442	2418	2519	2443	825	2410	2422	4145	2404	2206
NR_147407	2443	2419	2520	2444	2406	2411	2423	4164	2405	2207
NR_147506	2444	2420	748	2445	2407	2412	2424	2452	2406	2208
NR_147607	2445	2421	2521	2446	2408	2413	2425	2453	2407	488
NR_147620	2446	2422	3744	2447	2409	2414	2426	2454	2408	3904
NR_147695	2447	2423	734	2448	2410	2415	2427	2455	2409	2209
NR_147697	2448	2424	2522	2449	101	2416	2428	281	2410	3938
NR_147699	2449	2425	2523	201	2411	2417	2429	2456	2411	491
NR_147706	2450	2426	2524	2450	2412	2418	2430	4155	2412	2210
NR_147844	2451	2427	954	2451	3787	2419	2431	2457	2413	2211
NR_147916	2452	2428	1026	2452	2413	2420	2432	2458	2414	222
NR_148040	2453	2429	2525	2453	2414	2421	2433	2459	2415	4111
NR_148046	2454	2430	978	2454	2415	2422	2434	2460	2416	567
NR_148200	2455	2431	2526	169	2416	2423	2435	2461	2417	4146
NR_148221	103	2432	2527	2455	3271	2424	2436	2462	2418	2212
NR_148348	2456	2433	3811	2456	3335	2425	2437	2463	2419	2213
NR_148456	2457	2434	2528	2457	664	2426	2438	2464	2420	2214
NR_148505	2458	2435	2529	2458	2417	2427	2439	2465	2421	441
NR_148544	2459	2436	2530	2459	387	2428	2440	2466	2422	2215
NR_148920	2460	2437	2531	2460	2418	2429	2441	4140	2423	2216
NR_148960	185	2438	2532	2461	180	2430	2442	2467	2424	91
NR_148965	2461	2439	3764	2462	4011	2431	2443	2468	2425	2217
NR_148973	2462	2440	845	2463	3455	2432	2444	2469	2426	2218
NR_148980	2463	2441	2533	2464	3872	2433	2445	2470	2427	2219
NR_149003	2464	2442	439	2465	2419	2434	2446	2471	2428	2220
NR_149020	2465	2443	4089	2466	2420	2435	2447	2472	2429	2221
NR_149032	2466	2444	2534	2467	2421	2436	2448	2473	2430	4060
NR_149036	2467	2445	2535	2468	3748	2437	2449	2474	2431	2222
NR_149049	2468	2446	2536	2469	459	2438	2450	2475	2432	787
NR_149054	2469	2447	248	2470	2422	2439	2451	2476	2433	2223
NR_149055	2470	2448	2537	2471	2423	2440	2452	2477	2434	3691
NR_149058	2471	2449	2538	2472	574	2441	2453	2478	2435	2224
NR_149060	2472	2450	2539	2473	3445	2442	2454	2479	2436	2225
NR_149067	2473	2451	2540	4150	3801	2443	2455	2480	2437	2226
NR_149073	2474	2452	2541	2474	3632	2444	2456	2481	2438	3552
NR_149095	148	2453	127	2475	2424	2445	2457	2482	2439	2227
NR_149097	2475	2454	2542	34	2425	2446	2458	2483	2440	2228
NR_149114	2476	2455	2543	2476	2426	2447	2459	4167	2441	2229
NR_149150	2477	2456	2544	2477	2427	2448	2460	2484	2442	4014
NR_149312	2478	2457	4158	2478	2428	2449	2461	2485	2443	2230
NR_149722	2479	2458	743	2479	722	2450	2462	2486	2444	2231
NR_151704	2480	2459	2545	2480	3953	2451	2463	2487	2445	2232
NR_152216	2481	2460	3768	2481	4198	2452	2464	2488	2446	2233
NR_152588	2482	2461	2546	2482	2429	2453	2465	2489	2447	4011
NR_153414	2483	2462	2547	2483	4037	2454	2466	2490	2448	2234
XM_005244771	2484	2463	2548	100	3458	2455	2467	2491	2449	2235
XM_005244776	2485	2464	253	2484	2430	2456	2468	2492	2450	3558
XM_005245350	2486	2465	3931	2485	2431	2457	2469	2493	2451	3978
XM_005245551	2487	2466	686	2486	2432	2458	2470	2494	2452	2236
XM_005245678	2488	2467	879	2487	539	2459	2471	2495	2453	2237
XM_005246726	2489	2468	2549	2488	1210	2460	2472	2496	2454	656
XM_005246948	2490	2469	2550	2489	4021	2461	2473	2497	2455	2238
XM_005247256	2491	2470	2551	2490	359	2462	2474	2498	2456	3646
XM_005247666	2492	2471	2552	238	2433	2463	2475	2499	2457	3890
XM_005247838	2493	2472	2553	2491	3831	2464	2476	2500	2458	2239
XM_005248038	2494	2473	539	2492	1229	2465	2477	2501	2459	2240
XM_005248109	2495	2474	2554	2493	3832	2466	2478	2502	2460	2241
XM_005248230	2496	2475	1040	2494	2434	2467	2479	2503	2461	440
XM_005248306	2497	2476	2555	2495	3544	2468	2480	2504	2462	3653
XM_005248373	2498	2477	489	2496	2435	2469	2481	2505	2463	3533
XM_005248755	2499	2478	2556	2497	534	2470	2482	2506	2464	207
XM_005249082	2500	2479	2557	2498	3545	2471	2483	2507	2465	2242
XM_005249745	86	2480	2558	112	2436	2472	2484	150	2466	3647
XM_005249868	2501	2481	2559	2499	234	2473	2485	2508	2467	2243
XM_005249914	2502	2482	2560	2500	2437	2474	2486	2509	2468	14
XM_005250043	2503	2483	1031	2501	3460	2475	2487	2510	2469	779
XM_005250073	2504	2484	2561	2502	2438	2476	2488	2511	2470	3894
XM_005250108	2505	2485	2562	2503	4056	2477	2489	2512	2471	2244
XM_005250181	2506	2486	475	2504	2439	2478	2490	2513	2472	2245
XM_005250452	2507	2487	245	2505	2440	2479	2491	2514	2473	2246
XM_005250561	2508	2488	20	2506	2441	2480	2492	223	2474	2247
XM_005250636	2509	2489	447	2507	3195	2481	2493	2515	2475	2248
XM_005250889	2510	2490	2563	2508	109	2482	2494	2516	2476	2249
XM_005250962	2511	2491	2564	2509	4015	2483	2495	2517	2477	2250
XM_005251025	2512	2492	329	2510	2442	2484	2496	2518	2478	2251
XM_005251063	2513	2493	461	2511	1149	2485	2497	2519	2479	2252
XM_005251471	2514	2494	2565	2512	3570	2486	2498	2520	2480	2253
XM_005251711	2515	2495	3905	2513	3715	2487	2499	2521	2481	2254
XM_005251933	2516	2496	2566	2514	3546	2488	2500	2522	2482	2255
XM_005251946	2517	2497	2567	2515	3400	2489	2501	2523	2483	585
XM_005252144	2518	2498	2568	2516	3401	2490	2502	2524	2484	356
XM_005252495	2519	2499	2569	2517	2443	2491	2503	2525	2485	3743
XM_005252616	2520	2500	2570	2518	364	2492	2504	2526	2486	2256
XM_005252682	2521	2501	2571	2519	3795	2493	2505	2527	2487	2257
XM_005253344	2522	2502	836	2520	1157	2494	2506	2528	2488	3692
XM_005253465	2523	2503	2572	2521	3339	2495	2507	2529	2489	2258
XM_005253918	2524	2504	2573	2522	3994	2496	2508	2530	2490	2259
XM_005254079	2525	2505	318	2523	2444	2497	2509	2531	2491	3544
XM_005254549	39	2506	2574	2524	2445	2498	2510	2532	2492	2260
XM_005255633	2526	2507	633	2525	2446	2499	2511	2533	2493	885
XM_005256134	2527	2508	2575	2526	2447	2500	2512	110	2494	2261
XM_005256149	2528	2509	450	2527	2448	2501	2513	2534	2495	2262
XM_005256260	2529	2510	2576	2528	3547	2502	2514	283	2496	2263
XM_005256337	2530	2511	944	2529	2449	2503	2515	2535	2497	3726
XM_005256404	2531	2512	2577	2530	3677	2504	2516	2536	2498	2264
XM_005256552	2532	2513	727	2531	907	2505	2517	184	2499	3716
XM_005257585	2533	2514	2578	2532	2450	2506	2518	2537	2500	3684
XM_005257705	2534	2515	62	2533	2451	2507	2519	2538	2501	2265
XM_005257784	2535	2516	2579	2534	2452	2508	2520	2539	2502	636
XM_005258177	2536	2517	2580	2535	3646	2509	2521	2540	2503	2266
XM_005258411	2537	2518	3844	2536	3571	2510	2522	2541	2504	2267
XM_005258682	2538	2519	2581	2537	2453	2511	2523	2542	2505	3969
XM_005258827	2539	2520	2582	2538	2454	2512	2524	2543	2506	475
XM_005259093	2540	2521	2583	2539	2455	2513	2525	2544	2507	3807
XM_005259263	2541	2522	158	2540	2456	2514	2526	2545	2508	3481
XM_005259392	2542	2523	691	2541	2457	2515	2527	2546	2509	2268
XM_005259571	2543	2524	702	2542	3210	2516	2528	255	2510	2269
XM_005259920	2544	2525	2584	2543	2458	2517	2529	2547	2511	3876
XM_005260389	2545	2526	254	2544	2459	2518	2530	2548	2512	2270
XM_005260436	2546	2527	182	2545	2460	2519	2531	2549	2513	2271
XM_005260935	2547	2528	2585	2546	3931	2520	2532	202	2514	2272
XM_005261571	2548	2529	2586	2547	3959	2521	2533	2550	2515	2273
XM_005262775	2549	2530	2587	218	955	2522	2534	2551	2516	831
XM_005263331	2550	2531	457	2548	3326	2523	2535	2552	2517	2274
XM_005263824	2551	2532	513	2549	3296	2524	2536	2553	2518	2275
XM_005263862	2552	2533	2588	2550	2461	2525	2537	2554	2519	562
XM_005263914	2553	2534	458	2551	2462	2526	2538	2555	2520	2276
XM_005264359	2554	2535	2589	2552	882	2527	2539	2556	2521	2277
XM_005264433	2555	2536	2590	2553	2463	2528	2540	2557	2522	432
XM_005264540	2556	2537	2591	2554	466	2529	2541	2558	2523	2278
XM_005264852	2557	2538	2592	2555	2464	2530	2542	2559	2524	4065
XM_005264873	2558	2539	648	2556	2465	2531	2543	2560	2525	2279
XM_005264937	2559	2540	2593	2557	857	2532	2544	2561	2526	2280
XM_005265537	2560	2541	2594	2558	244	2533	2545	2562	2527	2281
XM_005265640	2561	2542	2595	2559	580	2534	2546	2563	2528	2282
XM_005265803	2562	2543	2596	2560	2466	2535	2547	145	2529	2283
XM_005266342	2563	2544	415	2561	1041	2536	2548	2564	2530	3534
XM_005266412	2564	2545	3755	2562	3432	2537	2549	2565	2531	639
XM_005266421	2565	2546	4150	2563	2467	2538	2550	2566	2532	2284
XM_005267119	134	2547	2597	209	2468	2539	2551	30	2533	2285
XM_005267310	2566	2548	2598	2564	814	2540	2552	2567	2534	2286
XM_005267318	2567	2549	2599	2565	4166	2541	2553	2568	2535	3761
XM_005267636	2568	2550	4020	2566	810	2542	2554	2569	2536	2287
XM_005267691	2569	2551	1019	2567	356	2543	2555	2570	2537	701
XM_005267833	2570	2552	990	2568	529	2544	2556	2571	2538	2288
XM_005268408	2571	2553	218	2569	2469	2545	2557	2572	2539	2289
XM_005268441	2572	2554	2600	2570	3524	2546	2558	2573	2540	2290
XM_005268676	2573	2555	2601	2571	565	2547	2559	2574	2541	2291
XM_005268691	2574	2556	334	2572	3415	2548	2560	2575	2542	2292
XM_005268837	2575	2557	2602	2573	207	2549	2561	2576	2543	2293
XM_005268866	2576	2558	2603	2574	2470	2550	2562	165	2544	2294
XM_005269050	2577	2559	920	2575	958	2551	2563	2577	2545	3610
XM_005269234	2578	2560	2604	2576	507	2552	2564	2578	2546	2295
XM_005269286	2579	2561	2605	2577	192	2553	2565	2579	2547	3586
XM_005270507	2580	2562	2606	2578	3781	2554	2566	2580	2548	2296
XM_005270509	2581	2563	2607	2579	2471	2555	2567	2581	2549	274
XM_005270576	2582	2564	2608	2580	471	2556	2568	2582	2550	2297
XM_005271291	2583	2565	2609	2581	2472	2557	2569	164	2551	2298
XM_005271712	2584	2566	2610	2582	622	2558	2570	2583	2552	3528
XM_005271715	2585	2567	270	2583	2473	2559	2571	2584	2553	2299
XM_005272035	2586	2568	370	2584	2474	2560	2572	2585	2554	2300
XM_005273023	2587	2569	2611	2585	3637	2561	2573	2586	2555	2301
XM_005273583	2588	2570	2612	2586	41	2562	2574	2587	2556	2302
XM_005273675	2589	2571	412	2587	2475	2563	2575	2588	2557	2303
XM_005273776	2590	2572	2613	2588	3671	2564	2576	2589	2558	745
XM_005273856	2591	2573	2614	4177	2476	2565	2577	2590	2559	2304
XM_005274594	2592	2574	2615	2589	3516	2566	2578	2591	2560	2305
XM_005277913	2593	2575	46	2590	2477	2567	2579	2592	2561	2306
XM_006710356	2594	2576	2616	2591	1205	2568	2580	2593	2562	635
XM_006710381	2595	2577	903	2592	296	2569	2581	2594	2563	2307
XM_006710397	2596	2578	2617	2593	484	2570	2582	2595	2564	2308
XM_006710585	2597	2579	2618	2594	2478	2571	2583	2596	2565	363
XM_006711145	2598	2580	2619	2595	646	2572	2584	2597	2566	2309
XM_006711194	2599	2581	2620	2596	1083	2573	2585	116	2567	859
XM_006711278	2600	2582	874	2597	903	2574	2586	2598	2568	2310
XM_006711326	2601	2583	2621	2598	3836	2575	2587	2599	2569	2311
XM_006711918	2602	2584	2622	2599	443	2576	2588	2600	2570	2312
XM_006711977	2603	2585	122	2600	2479	2577	2589	270	2571	2313
XM_006712223	2604	2586	2623	198	165	2578	2590	2601	2572	2314
XM_006712292	2605	2587	2624	2601	1008	2579	2591	2602	2573	2315
XM_006712521	2606	2588	2625	2602	4034	2580	2592	2603	2574	2316
XM_006712761	2607	2589	2626	2603	32	2581	2593	2604	2575	2317
XM_006713289	2608	2590	376	2604	3146	2582	2594	2605	2576	868
XM_006713610	2609	2591	4185	2605	3171	2583	2595	2606	2577	2318
XM_006713673	2610	2592	2627	2606	634	2584	2596	2607	2578	2319
XM_006713736	2611	2593	2628	2607	494	2585	2597	2608	2579	2320
XM_006714461	2612	2594	341	2608	2480	2586	2598	2609	2580	2321
XM_006714504	2613	2595	2629	2609	1017	2587	2599	2610	2581	2322
XM_006714600	2614	2596	2630	2610	3267	2588	2600	2611	2582	2323
XM_006714865	2615	2597	2631	2611	2481	2589	2601	2612	2583	339
XM_006715405	2616	2598	853	2612	122	2590	2602	2613	2584	579
XM_006715426	2617	2599	388	2613	2482	2591	2603	2614	2585	2324
XM_006715439	2618	2600	2632	2614	3814	2592	2604	2615	2586	2325
XM_006715555	192	2601	2633	178	918	2593	2605	46	2587	2326
XM_006715630	2619	2602	875	2615	723	2594	2606	278	2588	2327
XM_006715686	2620	2603	368	2616	2483	2595	2607	2616	2589	2328
XM_006715880	2621	2604	3729	2617	2484	2596	2608	2617	2590	4048
XM_006717030	2622	2605	2634	2618	367	2597	2609	4026	2591	3584
XM_006717111	2623	2606	285	2619	2485	2598	2610	2618	2592	2329
XM_006718366	2624	2607	521	2620	1120	2599	2611	2619	2593	2330
XM_006718480	2625	2608	2635	2621	3888	2600	2612	2620	2594	2331
XM_006718489	2626	2609	44	2622	2486	2601	2613	269	2595	2332
XM_006718516	2627	2610	2636	2623	218	2602	2614	2621	2596	2333
XM_006718627	2628	2611	3953	2624	1072	2603	2615	2622	2597	2334
XM_006718733	2629	2612	363	2625	817	2604	2616	2623	2598	2335
XM_006718775	2630	2613	2637	2626	39	2605	2617	2624	2599	2336
XM_006719308	2631	21	2638	2627	2487	2606	2618	2625	2600	2337
XM_006719434	2632	2614	2639	99	2488	2607	2619	2626	2601	2338
XM_006719602	177	2615	2640	2628	3757	2608	2620	2627	2602	2339
XM_006719896	2633	2616	2641	191	688	2609	2621	2628	2603	2340
XM_006719915	2634	2617	2642	2629	467	2610	2622	2629	2604	2341
XM_006720258	2635	2618	444	2630	2489	2611	2623	2630	2605	2342
XM_006720435	2636	2619	2643	2631	3473	2612	2624	2631	2606	2343
XM_006720467	2637	2620	2644	2632	3907	2613	2625	2632	2607	2344
XM_006720502	2638	2621	2645	2633	2490	2614	2626	2633	2608	21
XM_006720775	2639	2622	3815	4169	2491	2615	2627	2634	2609	229
XM_006720983	2640	2623	2646	2634	62	2616	2628	2635	2610	3702
XM_006720991	2641	2624	2647	2635	3940	2617	2629	2636	2611	3573
XM_006720992	2642	2625	2648	2636	878	2618	2630	2637	2612	3808
XM_006721283	2643	2626	302	2637	2492	2619	2631	2638	2613	2345
XM_006722149	2644	2627	2649	2638	508	2620	2632	2639	2614	2346
XM_006722274	2645	2628	2650	2639	3340	2621	2633	2640	2615	916
XM_006722392	2646	2629	2651	2640	1133	2622	2634	2641	2616	3737
XM_006723660	2647	2630	2652	2641	665	2623	2635	276	2617	2347
XM_006723798	2648	2631	2653	2642	128	2624	2636	2642	2618	2348
XM_006723831	2649	2632	2654	2643	1216	2625	2637	2643	2619	3834
XM_006723899	2650	2633	414	2644	2493	2626	2638	2644	2620	2349
XM_006724107	2651	2634	529	2645	3221	2627	2639	2645	2621	2350
XM_006724108	2652	2635	235	2646	2494	2628	2640	2646	2622	2351
XM_006724171	2653	2636	2655	2647	433	2629	2641	2647	2623	3542
XM_006724246	2654	2637	2656	2648	84	2630	2642	2648	2624	2352
XM_006724265	2655	2638	2657	2649	174	2631	2643	2649	2625	3510
XM_006724310	2656	2639	2658	2650	3944	2632	2644	2650	2626	2353
XM_006724713	2657	2640	4045	2651	2495	2633	2645	2651	2627	2354
XM_011509513	2658	2641	2659	2652	744	2634	2646	2652	2628	2355
XM_011509597	2659	2642	58	2653	3242	2635	2647	2653	2629	2356
XM_011509711	2660	2643	323	2654	2496	2636	2648	2654	2630	2357
XM_011509785	2661	2644	541	2655	2497	2637	2649	2655	2631	2358
XM_011509814	2662	2645	2660	2656	3580	2638	2650	2656	2632	2359
XM_011510285	189	2646	651	2657	2498	2639	2651	2657	2633	2360
XM_011510797	94	2647	2661	2658	2499	2640	2652	4041	2634	3672
XM_011510835	2663	2648	1027	2659	540	2641	2653	2658	2635	2361
XM_011510894	2664	2649	2662	2660	2500	2642	2654	2659	2636	4021
XM_011510990	2665	2650	157	2661	2501	2643	2655	2660	2637	2362
XM_011511121	2666	2651	2663	134	131	2644	2656	2661	2638	2363
XM_011511243	2667	2652	396	2662	2502	2645	2657	2662	2639	2364
XM_011511245	2668	2653	656	2663	2503	2646	2658	2663	2640	2365
XM_011511373	2669	2654	2664	2664	460	2647	2659	2664	2641	2366
XM_011511522	2670	2655	23	2665	1071	2648	2660	2665	2642	2367
XM_011511746	2671	2656	2665	2666	3405	2649	2661	2666	2643	2368
XM_011511780	2672	2657	2666	2667	569	2650	2662	4057	2644	2369
XM_011511838	2673	2658	2667	2668	3890	2651	2663	2667	2645	2370
XM_011511914	2674	2659	2668	2669	2504	2652	2664	2668	2646	3869
XM_011511916	2675	2660	2669	2670	2505	2653	2665	2669	2647	4159
XM_011512092	2676	2661	2670	2671	694	2654	2666	2670	2648	2371
XM_011512323	2677	2662	2671	2672	71	2655	2667	2671	2649	887
XM_011512401	2678	2663	2672	2673	149	2656	2668	2672	2650	825
XM_011512605	2679	2664	2673	2674	220	2657	2669	2673	2651	2372
XM_011512606	2680	2665	298	2675	3096	2658	2670	2674	2652	2373
XM_011512690	2681	2666	196	2676	801	2659	2671	2675	2653	917
XM_011512848	2682	2667	2674	2677	257	2660	2672	2676	2654	2374
XM_011513342	2683	2668	98	2678	3279	2661	2673	2677	2655	734
XM_011513362	2684	2669	2675	2679	3134	2662	2674	107	2656	2375
XM_011513406	2685	2670	598	2680	2506	2663	2675	2678	2657	2376
XM_011513429	2686	2671	676	2681	2507	2664	2676	274	2658	2377
XM_011513717	2687	2672	2676	2682	4085	2665	2677	2679	2659	2378
XM_011513910	2688	2673	2677	2683	2508	2666	2678	2680	2660	3898
XM_011513936	2689	2674	2678	2684	562	2667	2679	2681	2661	2379
XM_011514026	2690	2675	2679	2685	3762	2668	2680	2682	2662	820
XM_011514033	2691	2676	2680	2686	590	2669	2681	2683	2663	2380
XM_011514082	2692	2677	901	2687	770	2670	2682	2684	2664	2381
XM_011514109	2693	2678	690	2688	2509	2671	2683	2685	2665	3627
XM_011514437	2694	2679	416	2689	2510	2672	2684	2686	2666	2382
XM_011514593	2695	31	2681	2690	2511	2673	2685	2687	2667	4122
XM_011514651	2696	2680	4132	2691	264	2674	2686	2688	2668	806
XM_011514659	2697	2681	2682	2692	689	2675	2687	2689	2669	2383
XM_011514699	2698	2682	2683	2693	1196	2676	2688	2690	2670	41
XM_011514700	2699	2683	2684	2694	2512	2677	2689	101	2671	2384
XM_011514958	2700	2684	2685	2695	925	2678	2690	2691	2672	2385
XM_011514959	2701	2685	2686	2696	318	2679	2691	2692	2673	2386
XM_011515339	2702	2686	2687	2697	874	2680	2692	2693	2674	2387
XM_011515343	2703	2687	2688	2698	2513	2681	2693	2694	2675	3741
XM_011515419	2704	2688	345	2699	2514	2682	2694	2695	2676	2388
XM_011515466	2705	2689	522	2700	3230	2683	2695	2696	2677	2389
XM_011515477	2706	2690	2689	2701	2515	2684	2696	2697	2678	3942
XM_011515479	2707	2691	2690	2702	2516	2685	2697	2698	2679	3694
XM_011515484	2708	2692	108	2703	2517	2686	2698	2699	2680	2390
XM_011515618	164	2693	846	156	2518	2687	2699	2700	2681	3614
XM_011515960	2709	2694	2691	2704	4156	2688	2700	2701	2682	2391
XM_011516005	2710	2695	2692	2705	4155	2689	2701	2702	2683	2392
XM_011516150	2711	2696	2693	2706	4019	2690	2702	2703	2684	2393
XM_011516290	2712	2697	2694	2707	3763	2691	2703	2704	2685	2394
XM_011516411	2713	2698	2695	2708	444	2692	2704	2705	2686	2395
XM_011516447	2714	2699	221	2709	2519	2693	2705	2706	2687	2396
XM_011516464	2715	2700	2696	2710	3313	2694	2706	4052	2688	2397
XM_011516745	2716	2701	31	2711	2520	2695	2707	2707	2689	2398
XM_011516922	2717	38	955	2712	899	2696	2708	2708	2690	2399
XM_011516980	2718	2702	4135	2713	3364	2697	2709	2709	2691	106
XM_011517361	2719	2703	2697	2714	541	2698	2710	2710	2692	2400
XM_011517404	2720	2704	2698	2715	146	2699	2711	2711	2693	2401
XM_011517578	2721	2705	2699	2716	3773	2700	2712	2712	2694	3463
XM_011518134	2722	2706	2700	85	2521	2701	2713	2713	2695	2402
XM_011518311	2723	2707	3928	2717	2522	2702	2714	2714	2696	877
XM_011518347	2724	2708	2701	2718	2523	2703	2715	2715	2697	482
XM_011518571	2725	2709	2702	2719	675	2704	2716	2716	2698	2403
XM_011518582	2726	2710	265	2720	2524	2705	2717	2717	2699	2404
XM_011518600	2727	2711	2703	2721	3948	2706	2718	2718	2700	2405
XM_011518646	2728	2712	2704	2722	404	2707	2719	2719	2701	2406
XM_011518705	2729	2713	2705	2723	49	2708	2720	2720	2702	2407
XM_011518715	2730	2714	810	2724	3602	2709	2721	2721	2703	2408
XM_011518816	2731	2715	2706	2725	2525	2710	2722	2722	2704	3965
XM_011518876	2732	2716	2707	2726	853	2711	2723	2723	2705	3685
XM_011518974	2733	2717	2708	2727	666	2712	2724	2724	2706	786
XM_011519064	2734	2718	2709	2728	4129	2713	2725	2725	2707	2409
XM_011519122	2735	2719	894	2729	4028	2714	2726	2726	2708	3652
XM_011519190	2736	2720	867	2730	900	2715	2727	2727	2709	2410
XM_011519426	2737	2721	2710	2731	3764	2716	2728	2728	2710	3623
XM_011519695	2738	2722	2711	2732	521	2717	2729	2729	2711	2411
XM_011519830	2739	2723	587	2733	2526	2718	2730	2730	2712	2412
XM_011519836	2740	2724	2712	2734	3553	2719	2731	2731	2713	2413
XM_011519907	2741	2725	3709	2735	2527	2720	2732	90	2714	902
XM_011519932	2742	2726	765	2736	919	2721	2733	168	2715	2414
XM_011520069	2743	2727	761	2737	1048	2722	2734	2732	2716	252
XM_011520156	2744	2728	240	2738	2528	2723	2735	2733	2717	2415
XM_011520194	2745	2729	2713	2739	3402	2724	2736	2734	2718	2416
XM_011520234	2746	2730	861	2740	452	2725	2737	2735	2719	2417
XM_011520492	2747	2731	201	2741	3329	2726	2738	2736	2720	3474
XM_011520499	2748	2732	2714	2742	3588	2727	2739	2737	2721	2418
XM_011520929	2749	2733	579	2743	3378	2728	2740	2738	2722	2419
XM_011520963	2750	2734	2715	2744	2529	2729	2741	2739	2723	3952
XM_011521048	2751	2735	498	2745	2530	2730	2742	2740	2724	3525
XM_011521390	2752	2736	2716	2746	2531	2731	2743	4154	2725	2420
XM_011521391	2753	2737	2717	2747	844	2732	2744	4162	2726	2421
XM_011521521	95	2738	811	22	954	2733	40	2741	2727	2422
XM_011521828	2754	2739	2718	2748	327	2734	2745	2742	2728	3583
XM_011521960	2755	2740	448	2749	2532	2735	2746	2743	2729	2423
XM_011521981	2756	2741	255	2750	2533	2736	2747	2744	2730	2424
XM_011521986	2757	2742	2719	2751	647	2737	2748	2745	2731	3607
XM_011522450	2758	2743	615	2752	4086	2738	2749	2746	2732	2425
XM_011522463	2759	2744	749	2753	783	2739	2750	2747	2733	2426
XM_011522486	2760	2745	2720	2754	2534	2740	2751	159	2734	2427
XM_011522615	2761	2746	791	2755	4069	2741	2752	2748	2735	778
XM_011522772	2762	2747	2721	2756	212	2742	2753	2749	2736	2428
XM_011522809	2763	2748	178	2757	3494	2743	2754	2750	2737	2429
XM_011522964	2764	2749	835	2758	875	2744	2755	2751	2738	2430
XM_011523098	2765	2750	2722	2759	4018	2745	2756	275	2739	2431
XM_011523206	2766	2751	2723	2760	3774	2746	2757	2752	2740	2432
XM_011523224	2767	2752	207	2761	2535	2747	2758	2753	2741	2433
XM_011523445	2768	2753	2724	2762	3651	2748	2759	2754	2742	2434
XM_011523450	2769	2754	247	2763	1081	2749	2760	2755	2743	2435
XM_011523546	2770	2755	2725	2764	216	2750	2761	2756	2744	2436
XM_011523750	2771	2756	1052	2765	123	2751	2762	2757	2745	3540
XM_011523777	2772	2757	2726	2766	703	2752	2763	2758	2746	890
XM_011523949	2773	2758	2727	94	1215	2753	2764	2759	92	2437
XM_011524114	2774	2759	2728	2767	2536	2754	11	2760	2747	2438
XM_011524231	2775	2760	2729	2768	3965	2755	2765	2761	2748	2439
XM_011524752	2776	2761	2730	2769	897	2756	2766	2762	2749	2440
XM_011524796	2777	2762	670	193	1138	2757	2767	2763	2750	2441
XM_011524918	2778	2763	2731	2770	2537	2758	2768	2764	2751	4055
XM_011524931	2779	2764	2732	2771	3889	2759	2769	2765	2752	2442
XM_011524982	2780	2765	542	2772	2538	2760	2770	2766	2753	2443
XM_011525078	2781	2766	2733	2773	3702	2761	2771	2767	2754	2444
XM_011525090	2782	2767	2734	2774	3775	2762	2772	2768	2755	2445
XM_011525115	2783	2768	2735	2775	3633	2763	2773	2769	2756	2446
XM_011525249	2784	2769	2736	144	1049	2764	2774	2770	2757	2447
XM_011525250	2785	2770	2737	137	2539	2765	2775	2771	2758	2448
XM_011525262	2786	2771	2738	2776	3776	2766	2776	2772	2759	2449
XM_011525395	2787	2772	462	2777	2540	2767	2777	2773	2760	2450
XM_011525399	2788	2773	34	2778	2541	2768	2778	2774	2761	2451
XM_011525463	2789	2774	870	2779	426	2769	2779	2775	2762	2452
XM_011525475	2790	2775	729	2780	2542	2770	2780	2776	2763	2453
XM_011525509	2791	2776	2739	2781	3581	2771	2781	2777	2764	2454
XM_011525587	2792	2777	485	2782	2543	2772	2782	2778	2765	2455
XM_011525735	2793	2778	2740	2783	2544	2773	2783	2779	2766	4047
XM_011525835	2794	2779	2741	2784	3310	2774	2784	2780	2767	2456
XM_011525904	2795	2780	2742	2785	261	2775	2785	2781	2768	2457
XM_011526029	2796	2781	2743	2786	3291	2776	2786	2782	2769	2458
XM_011526044	2797	2782	604	211	2545	2777	2787	2783	2770	846
XM_011526098	2798	2783	2744	2787	147	2778	2788	2784	2771	2459
XM_011526117	2799	2784	2745	2788	3131	2779	2789	2785	2772	664
XM_011526142	2800	2785	2746	2789	2546	2780	2790	2786	2773	3937
XM_011526229	2801	2786	2747	2790	269	2781	2791	4031	2774	2460
XM_011526445	2802	2787	2748	2791	839	2782	2792	236	2775	2461
XM_011526722	2803	2788	273	2792	2547	2783	2793	2787	2776	3475
XM_011526767	2804	2789	2749	2793	3647	2784	2794	2788	2777	684
XM_011526872	2805	2790	2750	2794	2548	2785	2795	2789	2778	3797
XM_011527052	2806	2791	3900	2795	1053	2786	2796	2790	2779	860
XM_011527060	2807	2792	1016	2796	74	2787	2797	2791	2780	3520
XM_011527200	2808	2793	744	2797	80	2788	2798	198	2781	2462
XM_011527280	2809	2794	2751	2798	513	2789	2799	2792	2782	892
XM_011527317	2810	2795	2752	91	1038	2790	2800	277	2783	2463
XM_011527323	2811	2796	2753	2799	972	2791	2801	2793	2784	2464
XM_011527432	120	2797	2754	230	2549	2792	2802	2794	2785	2465
XM_011527460	2812	2798	2755	2800	154	2793	2803	2795	2786	2466
XM_011527550	2813	2799	934	2801	285	2794	2804	2796	2787	2467
XM_011527651	2814	2800	2756	2802	3510	2795	2805	2797	2788	2468
XM_011527787	2815	2801	2757	184	3804	2796	2806	2798	2789	2469
XM_011527816	2816	2802	2758	2803	566	2797	2807	2799	2790	3661
XM_011527844	2817	2803	506	2804	2550	2798	2808	2800	2791	2470
XM_011527899	2818	2804	3912	2805	4103	2799	2809	2801	2792	863
XM_011527954	2819	2805	957	2806	66	2800	2810	2802	2793	2471
XM_011528039	2820	2806	2759	2807	4157	2801	2811	2803	2794	2472
XM_011528161	2821	2807	152	2808	2551	2802	2812	2804	2795	2473
XM_011528184	2822	2808	94	2809	2552	2803	2813	2805	2796	2474
XM_011528209	2823	2809	2760	2810	648	2804	2814	2806	2797	2475
XM_011528210	2824	2810	995	2811	697	2805	2815	2807	2798	903
XM_011528228	2825	2811	624	2812	2553	2806	2816	2808	2799	2476
XM_011528264	2826	2812	2761	2813	2554	2807	2817	2809	2800	417
XM_011528338	2827	2813	393	2814	2555	2808	2818	2810	2801	2477
XM_011528383	2828	2814	424	2815	3395	2809	2819	2811	2802	2478
XM_011528549	2829	2815	2762	2816	2556	2810	2820	2812	2803	284
XM_011528599	2830	2816	3896	2817	3857	2811	2821	2813	2804	2479
XM_011528864	2831	2817	185	2818	2557	2812	2822	2814	2805	2480
XM_011529057	2832	2818	2763	101	787	2813	2823	2815	2806	2481
XM_011529128	112	2819	2764	2819	2558	2814	2824	197	2807	2482
XM_011529144	2833	2820	2765	2820	2559	2815	2825	2816	2808	3762
XM_011529148	2834	2821	2766	2821	3858	2816	2826	2817	2809	2483
XM_011529208	2835	2822	2767	2822	4040	2817	2827	2818	2810	2484
XM_011529254	117	2823	849	2823	2560	2818	2828	2819	2811	2485
XM_011529280	2836	2824	2768	4190	3246	2819	2829	2820	2812	2486
XM_011529451	2837	2825	2769	2824	2561	2820	2830	2821	2813	4022
XM_011529570	158	2826	2770	10	1002	2821	2831	2822	2814	533
XM_011529610	2838	2827	2771	2825	530	2822	2832	2823	2815	2487
XM_011529614	2839	2828	2772	2826	3777	2823	2833	2824	2816	2488
XM_011529681	2840	2829	155	2827	2562	2824	2834	2825	2817	2489
XM_011529686	2841	2830	2773	2828	3950	2825	2835	2826	2818	2490
XM_011529804	2842	2831	997	2829	790	2826	2836	2827	2819	3478
XM_011529816	2843	2832	746	2830	2563	2827	2837	2828	2820	2491
XM_011529822	2844	2833	2774	2831	3894	2828	2838	286	2821	2492
XM_011530029	2845	2834	643	2832	2564	2829	2839	2829	2822	2493
XM_011530030	2846	2835	795	2833	2565	2830	2840	2830	2823	2494
XM_011530077	111	2836	2775	2834	502	2831	2841	2831	2824	2495
XM_011530099	2847	2837	2776	2835	3634	2832	2842	2832	2825	2496
XM_011530128	2848	2838	2777	2836	1118	2833	2843	2833	4200	2497
XM_011530180	2849	2839	2778	2837	724	2834	2844	2834	2826	760
XM_011530186	2850	2840	2779	2838	650	2835	2845	2835	2827	2498
XM_011530197	2851	2841	2780	2839	2566	2836	2846	2836	2828	3928
XM_011530247	2852	2842	2781	2840	397	2837	2847	2837	2829	2499
XM_011530290	2853	2843	2782	2841	3489	2838	2848	174	2830	861
XM_011530366	2854	2844	387	2842	2567	2839	2849	181	2831	630
XM_011530552	2855	2845	2783	2843	4012	2840	2850	2838	2832	2500
XM_011530867	2856	2846	2784	2844	3769	2841	2851	2839	2833	2501
XM_011531216	2857	2847	85	2845	2568	2842	2852	2840	2834	2502
XM_011531527	2858	2848	2785	2846	552	2843	2853	2841	2835	2503
XM_011531860	2859	3	2786	2847	2569	2844	2854	2842	2836	2504
XM_011532037	2860	2849	2787	2848	2570	2845	2855	2843	2837	3957
XM_011532103	88	2850	2788	199	771	2846	2856	2844	2838	2505
XM_011532269	2861	2851	15	2849	2571	2847	2857	2845	2839	2506
XM_011532485	2862	2852	4172	2850	931	2848	2858	2846	2840	2507
XM_011532502	2863	2853	3706	2851	2572	2849	2859	2847	2841	116
XM_011532578	2864	2854	2789	2852	3749	2850	2860	2848	2842	2508
XM_011532724	2865	2855	159	2853	2573	2851	2861	2849	2843	2509
XM_011532725	2866	2856	1023	2854	2574	2852	2862	4147	2844	2510
XM_011532806	2867	2857	2790	2855	2575	2853	2863	2850	2845	3717
XM_011532957	2868	2858	3888	2856	228	2854	2864	2851	2846	2511
XM_011533097	2869	2859	2791	2857	378	2855	2865	2852	2847	660
XM_011533383	2870	2860	2792	2858	2576	2856	2866	2853	2848	23
XM_011533542	2871	2861	2793	2859	733	2857	2867	2854	2849	815
XM_011533554	2872	2862	3721	2860	3710	2858	2868	2855	2850	2512
XM_011533791	2873	2863	2794	2861	3750	2859	2869	4104	2851	2513
XM_011533829	184	2864	2795	2862	2577	2860	2870	148	2852	2514
XM_011533869	2874	2865	2796	2863	390	2861	2871	2856	2853	2515
XM_011534033	2875	2866	2797	2864	2578	2862	2872	2857	2854	381
XM_011534040	2876	2867	2798	2865	642	2863	2873	2858	2855	2516
XM_011534088	2877	2868	2799	2866	966	2864	2874	221	2856	3958
XM_011534089	2878	2869	2800	2867	2579	2865	2875	224	2857	4181
XM_011534271	2879	2870	566	2868	2580	2866	2876	2859	2858	2517
XM_011534334	2880	2871	2801	2869	2581	2867	2877	2860	2859	250
XM_011534416	2881	2872	2802	2870	982	2868	2878	95	2860	2518
XM_011534447	196	2873	2803	2871	2582	2869	2879	216	2861	3997
XM_011534565	2882	2874	2804	2872	2583	2870	2880	2861	2862	3845
XM_011534687	2883	2875	666	2873	2584	2871	2881	2862	2863	359
XM_011534759	2884	2876	2805	2874	3853	2872	2882	2863	2864	2519
XM_011534846	2885	2877	2806	2875	124	2873	2883	2864	2865	3543
XM_011535042	2886	2878	2807	2876	758	2874	2884	2865	2866	3582
XM_011535138	2887	2879	568	2877	961	2875	2885	2866	2867	2520
XM_011535174	2888	2880	2808	2878	2585	2876	2886	2867	2868	536
XM_011535223	2889	2881	229	2879	2586	2877	2887	2868	2869	2521
XM_011535303	2890	2882	640	2880	3183	2878	2888	2869	2870	2522
XM_011535312	2891	2883	2809	2881	1043	2879	2889	2870	2871	2523
XM_011535471	2892	2884	2810	2882	2587	2880	2890	26	2872	2524
XM_011535486	64	2885	2811	2883	920	2881	2891	2871	2873	716
XM_011535585	2893	2886	2812	2884	255	2882	2892	2872	2874	2525
XM_011535660	2894	2887	2813	2885	368	2883	2893	2873	2875	2526
XM_011535684	2895	2888	2814	2886	4070	2884	2894	2874	2876	2527
XM_011535769	2896	2889	3993	2887	3316	2885	2895	2875	2877	3712
XM_011535798	2897	2890	941	2888	395	2886	2896	2876	2878	882
XM_011535920	2898	2891	2815	2889	3149	2887	2897	2877	2879	346
XM_011536095	2899	2892	2816	2890	2588	2888	2898	139	2880	670
XM_011536177	2900	2893	197	2891	1159	2889	2899	2878	2881	824
XM_011536183	2901	2894	2817	2892	3873	2890	2900	2879	2882	2528
XM_011536475	2902	2895	3979	2893	286	2891	2901	2880	2883	2529
XM_011536605	2903	2896	605	2894	2589	2892	2902	2881	2884	2530
XM_011536615	2904	2897	687	2895	2590	2893	2903	2882	2885	2531
XM_011536616	2905	2898	2818	2896	30	2894	2904	2883	2886	2532
XM_011536666	2906	2899	674	2897	2591	2895	2905	2884	2887	2533
XM_011536706	2907	2900	2819	2898	945	2896	2906	2885	2888	2534
XM_011536765	2908	2901	2820	2899	2592	2897	2907	2886	2889	3735
XM_011537167	2909	2902	2821	2900	3707	2898	2908	2887	2890	2535
XM_011537232	2910	2903	233	2901	413	2899	2909	2888	2891	2536
XM_011537384	2911	2904	2822	2902	623	2900	2910	2889	2892	2537
XM_011537501	2912	2905	851	2903	3603	2901	2911	2890	2893	2538
XM_011537502	2913	2906	2823	2904	3582	2902	2912	2891	2894	2539
XM_011537522	2914	2907	2824	2905	126	2903	2913	2892	2895	841
XM_011537577	2915	2908	2825	2906	2593	2904	2914	2893	2896	4028
XM_011537702	2916	2909	788	2907	2594	2905	2915	2894	2897	343
XM_011537795	2917	2910	165	2908	2595	2906	2916	2895	2898	3611
XM_011537850	2918	2911	2826	2909	485	2907	2917	2896	2899	2540
XM_011537985	2919	2912	2827	2910	2596	2908	6	4061	2900	2541
XM_011538207	2920	2913	2828	2911	2597	2909	2918	2897	2901	4185
XM_011538386	2921	2914	860	2912	224	2910	2919	2898	2902	2542
XM_011538482	2922	2915	287	2913	2598	2911	2920	2899	2903	2543
XM_011538655	2923	2916	391	2914	1006	2912	2921	2900	2904	2544
XM_011538784	2924	2917	290	2915	2599	2913	2922	2901	2905	2545
XM_011538786	2925	2918	324	2916	624	2914	2923	2902	2906	782
XM_011538963	133	2919	2829	2917	2600	2915	12	2903	2907	2546
XM_011538967	2926	2920	2830	2918	676	2916	2924	2904	2908	2547
XM_011538999	2927	2921	2831	2919	334	2917	2925	2905	2909	2548
XM_011539327	2928	2922	2832	2920	4082	2918	2926	2906	2910	2549
XM_011539349	2929	2923	1017	2921	959	2919	2927	2907	2911	2550
XM_011539454	2930	2924	3886	2922	2601	2920	2928	2908	2912	459
XM_011539501	2931	2925	2833	2923	759	2921	2929	2909	2913	2551
XM_011539508	2932	2926	180	2924	3479	2922	2930	2910	2914	2552
XM_011539518	2933	2927	2834	2925	667	2923	2931	2911	2915	2553
XM_011539632	2934	2928	2835	2926	2602	2924	2932	2912	2916	3789
XM_011539797	2935	2929	2836	2927	2603	2925	2933	4169	2917	3777
XM_011539831	2936	2930	2837	2928	2604	2926	2934	146	2918	2554
XM_011540260	2937	2931	2838	2929	4073	2927	2935	2913	2919	3866
XM_011540630	2938	2932	982	2930	160	2928	2936	2914	2920	2555
XM_011540873	2939	2933	2839	2931	848	2929	2937	2915	2921	3953
XM_011541497	2940	2934	2840	2932	3693	2930	2938	2916	2922	2556
XM_011541597	2941	2935	708	2933	734	2931	2939	2917	2923	2557
XM_011541655	2942	2936	2841	2934	345	2932	2940	2918	2924	2558
XM_011541660	2943	2937	2842	2935	760	2933	2941	2919	2925	2559
XM_011541877	2944	2938	2843	2936	3700	2934	2942	2920	2926	2560
XM_011541950	2945	2939	655	2937	2605	2935	2943	2921	2927	2561
XM_011542237	2946	2940	2844	2938	3927	2936	2944	2922	2928	2562
XM_011542313	2947	2941	917	2939	2606	2937	2945	4137	2929	2563
XM_011542399	2948	2942	2845	2940	235	2938	2946	2923	2930	2564
XM_011542698	2949	2943	2846	2941	258	2939	2947	2924	2931	2565
XM_011542714	2950	2944	2847	2942	2607	2940	2948	2925	2932	3899
XM_011542800	2951	2945	2848	2943	148	2941	2949	2926	2933	2566
XM_011542838	2952	2946	2849	2944	625	2942	2950	2927	2934	2567
XM_011542933	2953	2947	2850	2945	42	2943	2951	230	2935	2568
XM_011542965	2954	2948	2851	2946	626	2944	2952	2928	2936	2569
XM_011543096	2955	2949	2852	2947	486	2945	2953	2929	2937	2570
XM_011543218	2956	2950	2853	2948	15	2946	2954	2930	2938	2571
XM_011543346	2957	2951	440	2949	3213	2947	2955	2931	2939	3477
XM_011543347	2958	2952	360	2950	2608	2948	2956	2932	2940	3466
XM_011543380	2959	2953	2854	2951	704	2949	2957	2933	2941	2572
XM_011543395	2960	2954	2855	2952	253	2950	2958	2934	2942	2573
XM_011543460	2961	2955	2856	2953	265	2951	2959	2935	2943	800
XM_011543588	2962	2956	468	2954	2609	2952	2960	2936	2944	793
XM_011543607	2963	2957	13	2955	2610	2953	2961	2937	2945	896
XM_011543671	2964	2958	2857	2956	4030	2954	2962	2938	2946	2574
XM_011543709	2965	2959	104	2957	2611	2955	2963	2939	2947	2575
XM_011543774	2966	2960	126	2958	2612	2956	2964	2940	2948	2576
XM_011543818	2967	2961	2858	26	2613	2957	2965	2941	2949	2577
XM_011543884	2968	2962	2859	2959	749	2958	2966	2942	2950	2578
XM_011544000	2969	2963	2860	2960	3600	2959	2967	2943	2951	2579
XM_011544030	2970	2964	2861	2961	302	2960	2968	2944	2952	2580
XM_011544184	2971	2965	2862	2962	932	2961	2969	2945	2953	799
XM_011544269	2972	2966	2863	125	3475	2962	2970	2946	2954	3489
XM_011544271	2973	2967	2864	2963	845	2963	2971	2947	2955	313
XM_011544315	2974	2968	958	2964	594	2964	2972	2948	2956	2581
XM_011544346	2975	2969	2865	2965	167	2965	2973	2949	2957	2582
XM_011544393	2976	2970	172	2966	2614	2966	2974	2950	2958	2583
XM_011544456	178	2971	1000	2967	3094	2967	2975	2951	2959	2584
XM_011544469	2977	2972	2866	2968	654	2968	2976	2952	2960	2585
XM_011544554	106	2973	2867	2969	1137	2969	2977	2953	2961	2586
XM_011544575	2978	2974	2868	2970	522	2970	2978	2954	2962	2587
XM_011544587	2979	2975	2869	2971	4146	2971	2979	2955	2963	2588
XM_011544773	2980	2976	436	2972	2615	2972	2980	2956	2964	2589
XM_011544878	2981	2977	514	2973	3222	2973	2981	2957	2965	743
XM_011545061	2982	2978	2870	2974	2616	2974	2982	2958	2966	3824
XM_011545087	2983	2979	297	2975	2617	2975	2983	2959	2967	2590
XM_011545160	2984	2980	2871	2976	4025	2976	2984	2960	2968	2591
XM_011545227	2985	2981	2872	2977	344	2977	2985	2961	2969	2592
XM_011545333	2986	2982	872	2978	830	2978	2986	2962	2970	2593
XM_011545342	2987	2983	970	2979	802	2979	2987	234	2971	522
XM_011545388	2988	2984	2873	2980	181	2980	2988	2963	2972	2594
XM_011545416	2989	2985	2874	4167	2618	2981	2989	2964	2973	2595
XM_011546001	2990	2986	2875	2981	2619	2982	2990	178	2974	2596
XM_016999988	2991	2987	4159	2982	2620	2983	2991	2965	2975	2597
XM_016999990	2992	2988	292	2983	2621	2984	2992	2966	2976	2598
XM_017000233	2993	2989	3884	2984	3909	2985	2993	2967	2977	2599
XM_017000294	2994	2990	2876	2985	2622	2986	2994	2968	2978	4000
XM_017000341	2995	2991	2877	2986	2623	2987	2995	2969	2979	3851
XM_017000457	2996	2992	2878	2987	229	2988	2996	2970	2980	2600
XM_017000551	2997	2993	531	2988	2624	2989	2997	2971	2981	2601
XM_017000774	2998	2994	2879	2989	2625	2990	2998	2972	2982	390
XM_017000800	2999	2995	2880	2990	321	2991	2999	2973	2983	2602
XM_017000953	3000	2996	2881	2991	3605	2992	3000	2974	2984	2603
XM_017001139	3001	2997	2882	2992	4112	2993	3001	2975	2985	3505
XM_017001150	3002	2998	2883	2993	611	2994	3002	2976	2986	3504
XM_017001247	3003	2999	2884	2994	2626	2995	3003	2977	2987	3846
XM_017001417	3004	3000	993	2995	282	2996	3004	2978	2988	2604
XM_017001450	3005	3001	2885	2996	735	2997	3005	2979	2989	3517
XM_017001506	3006	3002	294	2997	2627	2998	3006	2980	2990	2605
XM_017001518	3007	3003	397	2998	277	2999	3007	2981	2991	2606
XM_017001564	3008	3004	2886	2999	3716	3000	3008	2982	2992	2607
XM_017001582	3009	3005	2887	3000	453	3001	3009	2983	2993	2608
XM_017001852	3010	3006	812	3001	3555	3002	3010	2984	2994	3754
XM_017001882	3011	3007	2888	3002	4000	3003	3011	2985	2995	837
XM_017002036	3012	3008	2889	3003	3309	3004	3012	2986	2996	2609
XM_017002260	3013	3009	2890	3004	705	3005	3013	2987	2997	2610
XM_017002362	3014	3010	2891	3005	3957	3006	3014	2988	2998	2611
XM_017002419	3015	3011	813	3006	468	3007	3015	2989	2999	2612
XM_017002538	3016	3012	780	3007	3939	3008	3016	2990	3000	2613
XM_017002599	3017	3013	2892	3008	2628	3009	3017	2991	3001	4003
XM_017002754	3018	3014	2893	3009	668	3010	3018	2992	3002	2614
XM_017002810	3019	3015	2894	3010	439	3011	3019	2993	3003	2615
XM_017002841	3020	3016	2895	3011	3673	3012	3020	2994	3004	2616
XM_017002868	3021	3017	2896	3012	2629	3013	3021	155	3005	3562
XM_017003108	3022	3018	2897	3013	449	3014	3022	4120	3006	2617
XM_017003114	3023	3019	705	3014	2630	3015	3023	2995	3007	2618
XM_017003369	3024	3020	269	3015	2631	3016	3024	2996	3008	2619
XM_017003413	3025	3021	4175	3016	3490	3017	3025	2997	3009	2620
XM_017003427	3026	3022	4181	3017	2632	3018	3026	2998	3010	182
XM_017003431	3027	3023	2898	3018	542	3019	3027	2999	3011	2621
XM_017003559	3028	3024	3913	3019	3376	3020	3028	3000	3012	3545
XM_017003770	3029	3025	2899	3020	142	3021	3029	3001	3013	2622
XM_017003808	3030	3026	2900	3021	3721	3022	3030	3002	3014	2623
XM_017003973	3031	3027	2901	3022	2633	3023	3031	3003	3015	323
XM_017004055	3032	3028	2902	3023	2634	3024	3032	70	3016	2624
XM_017004082	3033	3029	600	3024	2635	3025	3033	3004	3017	2625
XM_017004096	3034	3030	2903	3025	2636	3026	3034	245	3018	3907
XM_017004187	3035	3031	2904	3026	469	3027	3035	3005	3019	2626
XM_017004212	3036	3032	538	3027	2637	3028	3036	3006	3020	2627
XM_017004231	3037	3033	2905	3028	766	3029	3037	152	3021	2628
XM_017004259	3038	3034	2906	3029	2638	3030	3038	3007	3022	3855
XM_017004309	3039	3035	2907	3030	414	3031	3039	3008	3023	2629
XM_017004449	3040	3036	663	3031	2639	3032	3040	3009	3024	2630
XM_017004625	3041	3037	204	3032	893	3033	3041	3010	3025	2631
XM_017004701	3042	3038	2908	3033	3678	3034	3042	3011	3026	2632
XM_017004816	3043	3039	2909	3034	3874	3035	3043	3012	3027	3496
XM_017004967	3044	3040	948	3035	3902	3036	3044	3013	3028	2633
XM_017004977	3045	4198	2910	3036	553	3037	3045	3014	3029	2634
XM_017004996	3046	3041	2911	3037	266	3038	3046	3015	3030	2635
XM_017005045	3047	3042	2912	3038	2640	3039	3047	3016	3031	498
XM_017005076	3048	3043	2913	3039	2641	3040	3048	3017	3032	4114
XM_017005077	3049	3044	2914	3040	2642	3041	3049	3018	3033	3770
XM_017005138	3050	3045	340	3041	2643	3042	3050	3019	3034	2636
XM_017005301	3051	3046	2915	3042	695	3043	3051	3020	3035	2637
XM_017005378	3052	3047	177	3043	2644	3044	3052	3021	3036	2638
XM_017005449	3053	3048	590	3044	2645	3045	3053	3022	3037	569
XM_017005497	3054	3049	2916	3045	3760	3046	3054	3023	3038	2639
XM_017005661	3055	3050	2917	3046	288	3047	3055	3024	3039	2640
XM_017005682	3056	3051	2918	3047	2646	3048	3056	3025	3040	3811
XM_017005687	3057	3052	2919	3048	2647	3049	3057	4173	3041	2641
XM_017005717	3058	3053	2920	3049	4140	3050	3058	3026	3042	2642
XM_017005792	3059	3054	2921	3050	677	3051	3059	3027	3043	2643
XM_017005856	3060	3055	2922	3051	3601	3052	3060	3028	3044	2644
XM_017005874	3061	3056	2923	3052	1077	3053	3061	86	3045	2645
XM_017005927	3062	3057	2924	3053	487	3054	3062	3029	3046	2646
XM_017006088	3063	3058	2925	3054	376	3055	3063	3030	3047	3468
XM_017006168	3064	3059	2926	3055	3223	3056	3064	94	3048	3572
XM_017006185	3065	3060	2927	3056	4035	3057	3065	3031	3049	2647
XM_017006195	3066	3061	2928	3057	470	3058	3066	3032	3050	2648
XM_017006293	3067	3062	2929	3058	79	3059	3067	3033	3051	2649
XM_017006299	3068	3063	2930	3059	4044	3060	3068	3034	3052	2650
XM_017006347	3069	3064	2931	3060	725	3061	3069	3035	3053	2651
XM_017006839	3070	3065	490	3061	2648	3062	3070	3036	3054	2652
XM_017006863	3071	3066	2932	3062	3826	3063	3071	3037	3055	2653
XM_017006872	3072	3067	2933	3063	2649	3064	3072	3038	3056	4121
XM_017007015	3073	3068	2934	3064	901	3065	3073	3039	3057	2654
XM_017007112	3074	3069	2935	3065	278	3066	3074	3040	3058	2655
XM_017007126	3075	3070	2936	3066	57	3067	3075	3041	3059	2656
XM_017007176	3076	3071	2937	3067	3622	3068	3076	3042	3060	2657
XM_017007321	3077	3072	584	3068	2650	3069	3077	3043	3061	2658
XM_017007460	3078	3073	2938	3069	405	3070	3078	3044	3062	2659
XM_017007526	3079	3074	289	3070	2651	3071	3079	3045	3063	2660
XM_017007540	3080	3075	2939	3071	3641	3072	3080	3046	3064	2661
XM_017007594	3081	3076	2940	3072	98	3073	3081	3047	3065	2662
XM_017007653	3082	3077	451	3073	3280	3074	3082	3048	3066	2663
XM_017008018	3083	3078	2941	190	2652	3075	3083	3049	3067	93
XM_017008041	3084	3079	2942	3074	2653	3076	3084	3050	3068	464
XM_017008173	3085	3080	2943	3075	3861	3077	3085	3051	3069	2664
XM_017008205	3086	3081	2944	3076	750	3078	3086	3052	3070	910
XM_017008358	3087	3082	2945	3077	3792	3079	3087	4081	3071	2665
XM_017008383	139	3083	2946	160	2654	3080	3088	3053	3072	2666
XM_017008507	3088	3084	2947	217	440	3081	3089	3054	3073	2667
XM_017008634	3089	3085	2948	3078	472	3082	3090	3055	3074	2668
XM_017008687	3090	3086	3778	3079	3156	3083	3091	3056	3075	3764
XM_017008693	3091	3087	2949	3080	2655	3084	3092	105	3076	2669
XM_017008783	3092	3088	4056	3081	2656	3085	3093	3057	3077	2670
XM_017008860	3093	3089	2950	3082	635	3086	3094	3058	3078	2671
XM_017008881	3094	3090	2951	3083	2657	3087	3095	3059	3079	3988
XM_017008888	3095	3091	817	3084	3345	3088	3096	3060	3080	4135
XM_017008890	3096	3092	2952	3085	2658	3089	3097	3061	3081	3982
XM_017008944	3097	3093	135	3086	2659	3090	3098	3062	3082	2672
XM_017008947	123	3094	2953	3087	2660	3091	3099	151	3083	3531
XM_017008955	3098	3095	2954	3088	2661	3092	3100	3063	3084	3963
XM_017008956	3099	3096	2955	3089	706	3093	3101	3064	3085	2673
XM_017008988	3100	3097	767	3090	924	3094	3102	3065	3086	2674
XM_017008990	3101	3098	796	3091	1042	3095	3103	3066	3087	2675
XM_017008993	3102	3099	565	3092	2662	3096	3104	3067	3088	2676
XM_017009015	3103	3100	597	3093	3396	3097	3105	3068	3089	686
XM_017009036	3104	3101	2956	3094	441	3098	3106	3069	3090	2677
XM_017009111	3105	3102	2957	3095	2663	3099	3107	3070	3091	4094
XM_017009138	3106	3103	720	3096	3205	3100	3108	3071	3092	2678
XM_017009218	3107	3104	2958	3097	434	3101	3109	3072	3093	2679
XM_017009239	3108	3105	548	3098	2664	3102	3110	3073	3094	3645
XM_017009242	3109	3106	2959	3099	1051	3103	3111	200	3095	3842
XM_017009298	3110	3107	2960	3100	3589	3104	3112	3074	3096	2680
XM_017009424	3111	3108	222	3101	2665	3105	3113	3075	3097	2681
XM_017009453	3112	3109	2961	3102	3875	3106	3114	3076	3098	2682
XM_017009484	3113	3110	321	3103	2666	3107	3115	3077	3099	2683
XM_017009606	3114	3111	595	3104	2667	3108	3116	3078	3100	2684
XM_017009630	3115	3112	675	3105	3464	3109	3117	3079	3101	2685
XM_017009632	3116	3113	731	3106	249	3110	3118	3080	3102	2686
XM_017009655	3117	3114	2962	3107	939	3111	3119	3081	3103	2687
XM_017009686	3118	3115	601	3108	2668	3112	3120	3082	3104	2688
XM_017009716	3119	3116	2963	3109	910	3113	3121	3083	3105	2689
XM_017009783	3120	3117	2964	3110	2669	3114	3122	3084	3106	3769
XM_017009790	3121	3118	236	3111	2670	3115	3123	3085	3107	789
XM_017009820	3122	3119	583	3112	304	3116	3124	3086	3108	2690
XM_017009896	3123	3120	616	3113	2671	3117	3125	3087	3109	2691
XM_017009995	3124	3121	19	3114	2672	3118	3126	3088	3110	2692
XM_017010056	3125	3122	362	3115	3652	3119	3127	3089	3111	2693
XM_017010114	3126	3123	134	3116	1015	3120	3128	3090	3112	688
XM_017010175	3127	3124	2965	3117	938	3121	3129	3091	3113	2694
XM_017010233	3128	3125	181	3118	2673	3122	3130	3092	3114	2695
XM_017010268	3129	3126	2966	3119	3914	3123	3131	3093	3115	2696
XM_017010302	3130	3127	910	3120	95	3124	3132	3094	3116	2697
XM_017010573	3131	3128	2967	3121	3513	3125	3133	3095	3117	2698
XM_017010797	3132	3129	2968	3122	927	3126	3134	3096	3118	2699
XM_017010810	3133	3130	2969	3123	3139	3127	3135	3097	3119	377
XM_017010812	3134	3131	682	3124	3244	3128	3136	3098	3120	523
XM_017010867	3135	3132	2970	3125	461	3129	3137	3099	3121	2700
XM_017010926	3136	3133	2971	3126	3891	3130	3138	3100	3122	2701
XM_017010929	3137	3134	2972	3127	2674	3131	3139	3101	3123	3994
XM_017010984	3138	3135	2973	3128	3694	3132	3140	3102	3124	2702
XM_017011005	3139	3136	2974	3129	2675	3133	3141	3103	3125	3884
XM_017011087	3140	3137	2975	3130	3612	3134	3142	3104	3126	2703
XM_017011489	3141	3138	2976	3131	208	3135	3143	3105	3127	2704
XM_017011591	3142	3139	2977	3132	3899	3136	3144	3106	3128	2705
XM_017011961	3143	3140	41	3133	2676	3137	3145	3107	3129	2706
XM_017012102	3144	3141	2978	3134	190	3138	3146	3108	3130	2707
XM_017012388	3145	3142	2979	3135	163	3139	3147	3109	3131	3464
XM_017012449	3146	3143	2980	3136	811	3140	3148	3110	3132	2708
XM_017012456	3147	3144	2981	3137	2677	3141	3149	3111	3133	509
XM_017012472	3148	3145	210	3138	2678	3142	3150	3112	3134	290
XM_017012501	3149	3146	2982	3139	3517	3143	3151	3113	3135	708
XM_017012538	3150	3147	2983	3140	2679	3144	3152	3114	3136	3853
XM_017012659	3151	3148	2984	3141	636	3145	3153	3115	3137	3654
XM_017012734	3152	3149	76	3142	866	3146	3154	3116	3138	3613
XM_017012792	3153	3150	115	3143	2680	3147	3155	3117	3139	2709
XM_017012798	3154	3151	132	3144	2681	3148	3156	3118	3140	2710
XM_017012837	3155	3152	2985	3145	339	3149	3157	3119	3141	2711
XM_017012904	3156	3153	983	3146	2682	3150	3158	265	3142	4143
XM_017012934	3157	3154	2986	3147	245	3151	3159	3120	3143	3537
XM_017012949	3158	3155	50	3148	2683	3152	3160	3121	3144	2712
XM_017013043	3159	3156	2987	3149	424	3153	3161	3122	3145	2713
XM_017013145	3160	3157	2988	3150	2684	3154	3162	8	3146	4149
XM_017013331	3161	3158	2989	3151	707	3155	3163	3123	3147	2714
XM_017013332	3162	3159	213	3152	462	3156	3164	3124	3148	2715
XM_017013397	3163	3160	2990	3153	2685	3157	3165	3125	3149	3801
XM_017013467	3164	3161	342	3154	3369	3158	3166	3126	3150	2716
XM_017013586	3165	3162	2991	3155	3845	3159	3167	3127	3151	2717
XM_017013603	3166	3163	2992	3156	4122	3160	3168	3128	3152	2718
XM_017013735	3167	3164	2993	4182	3194	3161	3169	3129	3153	2719
XM_017013830	3168	3165	573	3157	2686	3162	3170	3130	3154	2720
XM_017013884	3169	3166	2994	3158	3140	3163	3171	2	3155	2721
XM_017014122	3170	3167	2995	3159	4029	3164	3172	3131	3156	2722
XM_017014127	3171	3168	120	3160	435	3165	3173	3132	3157	2723
XM_017014333	3172	3169	2996	3161	3743	3166	3174	3133	3158	2724
XM_017014358	3173	3170	2997	3162	3441	3167	3175	3134	3159	2725
XM_017014428	3174	3171	2998	3163	4065	3168	3176	3135	3160	2726
XM_017014473	3175	3172	927	3164	3342	3169	3177	3136	3161	47
XM_017014612	35	3173	2999	180	2687	3170	3178	162	3162	2727
XM_017014640	3176	3174	891	3165	199	3171	3179	3137	3163	2728
XM_017014935	3177	3175	3000	3166	3532	3172	3180	3138	3164	3485
XM_017015044	3178	3176	3001	3167	745	3173	3181	3139	3165	2729
XM_017015107	3179	3177	3002	3168	2688	3174	3182	3140	3166	3728
XM_017015129	3180	3178	347	3169	2689	3175	3183	3141	3167	2730
XM_017015133	3181	3179	3003	3170	3799	3176	3184	3142	3168	2731
XM_017015211	3182	3180	3004	3171	2690	3177	3185	3143	3169	3782
XM_017015265	3183	3181	3005	3172	3809	3178	3186	3144	3170	2732
XM_017015283	3184	3182	3006	3173	581	3179	3187	3145	3171	2733
XM_017015393	3185	3183	3877	3174	2691	3180	3188	3146	3172	246
XM_017015394	3186	3184	589	122	2692	3181	3189	3147	3173	2734
XM_017015401	3187	3185	3007	3175	989	3182	3190	3148	3174	2735
XM_017015412	4193	3186	3008	3176	1195	3183	3191	3149	3175	412
XM_017015459	3188	3187	709	3177	43	3184	3192	3150	3176	2736
XM_017015612	3189	3188	3009	3178	135	3185	3193	3151	3177	2737
XM_017015719	3190	3189	3010	3179	3461	3186	3194	3152	3178	901
XM_017015791	3191	3190	3011	3180	3181	3187	3195	3153	3179	4079
XM_017015932	3192	3191	3012	3181	104	3188	3196	3154	3180	2738
XM_017015990	3193	3192	3013	3182	881	3189	3197	3155	3181	2739
XM_017016028	3194	3193	3014	3183	678	3190	3198	3156	3182	2740
XM_017016107	3195	3194	3015	3184	3695	3191	3199	3157	3183	2741
XM_017016167	3196	3195	353	3185	2693	3192	3200	3158	3184	2742
XM_017016175	3197	3196	402	3186	2694	3193	3201	3159	3185	2743
XM_017016205	3198	3197	3016	3187	3281	3194	3202	3160	3186	710
XM_017016275	3199	3198	769	3188	3187	3195	3203	3161	3187	2744
XM_017016311	3200	3199	463	3189	2695	3196	3204	3162	3188	3465
XM_017016350	3201	3200	3017	3190	761	3197	3205	3163	3189	2745
XM_017016396	3202	3201	3018	3191	669	3198	3206	214	3190	830
XM_017016543	3203	3202	3019	3192	2696	3199	3207	4122	3191	414
XM_017016636	3204	3203	3020	3193	543	3200	3208	3164	3192	2746
XM_017016841	3205	3204	3021	3194	2697	3201	3209	3165	3193	3779
XM_017016928	3206	3205	3022	3195	582	3202	3210	3166	3194	2747
XM_017017164	3207	3206	3023	3196	391	3203	3211	3167	3195	2748
XM_017017425	3208	3207	3024	3197	3604	3204	3212	3168	3196	2749
XM_017017455	3209	3208	3025	3198	2698	3205	3213	34	3197	3640
XM_017017540	3210	3209	3026	3199	340	3206	3214	3169	3198	893
XM_017017541	3211	3210	576	3200	2699	3207	3215	258	3199	2750
XM_017017548	3212	3211	3027	3201	3503	3208	3216	3170	3200	2751
XM_017017573	3213	3212	3028	3202	649	3209	3217	3171	3201	2752
XM_017017662	3214	3213	740	3203	1161	3210	3218	3172	3202	2753
XM_017017925	3215	3214	3029	3204	736	3211	3219	3173	3203	2754
XM_017018133	3216	3215	3030	3205	2700	3212	3220	3174	3204	395
XM_017018171	3217	3216	3031	3206	140	3213	3221	3175	3205	2755
XM_017018396	3218	3217	3032	3207	333	3214	3222	3176	3206	2756
XM_017018404	3219	3218	3033	3208	3881	3215	3223	3177	3207	2757
XM_017018451	3220	3219	781	3209	1039	3216	3224	41	3208	2758
XM_017018514	3221	3220	3832	3210	3995	3217	3225	3178	3209	849
XM_017018688	3222	18	3034	3211	133	3218	3226	3179	3210	2759
XM_017018819	3223	3221	3035	3212	47	3219	3227	3180	3211	2760
XM_017018981	3224	3222	980	3213	3961	3220	3228	3181	3212	2761
XM_017018989	3225	3223	3036	3214	737	3221	3229	3182	3213	2762
XM_017019241	3226	3224	3037	3215	3337	3222	3230	3183	3214	2763
XM_017019242	3227	3225	898	3216	3934	3223	3231	3184	3215	2764
XM_017019247	3228	3226	3038	3217	2701	3224	45	79	3216	4067
XM_017019330	3229	3227	3039	3218	3751	3225	3232	3185	3217	2765
XM_017019386	3230	3228	232	3219	2702	3226	3233	3186	3218	751
XM_017019501	3231	3229	3040	3220	4050	3227	3234	3187	3219	2766
XM_017019511	3232	3230	3041	3221	4047	3228	3235	3188	3220	2767
XM_017019800	3233	3231	3042	3222	2703	3229	3236	3189	3221	198
XM_017019904	3234	3232	3043	244	973	3230	3237	3190	3222	3709
XM_017019971	150	3233	3044	3223	211	3231	3238	3191	3223	2768
XM_017019985	3235	3234	3963	3224	2704	3232	3239	3192	3224	723
XM_017020000	3236	3235	665	3225	2705	3233	3240	3193	3225	2769
XM_017020006	3237	3236	3045	3226	3243	3234	3241	3194	3226	3995
XM_017020145	3238	3237	3046	3227	3850	3235	3242	3195	3227	2770
XM_017020192	3239	3238	3047	3228	3386	3236	3243	3196	3228	2771
XM_017020403	3240	3239	3048	3229	2706	3237	3	3197	3229	2772
XM_017020406	3241	3240	143	3230	2707	3238	3244	3198	3230	2773
XM_017020414	3242	3241	3049	3231	3623	3239	3245	4038	3231	2774
XM_017020549	3243	3242	3050	3232	406	3240	3246	3199	3232	2775
XM_017020644	3244	3243	3051	3233	3936	3241	3247	3200	3233	2776
XM_017020650	3245	3244	379	3234	1142	3242	3248	3201	3234	2777
XM_017020672	3246	3245	3052	3235	91	3243	3249	3202	3235	2778
XM_017020740	3247	3246	3053	3236	2708	3244	3250	3203	3236	278
XM_017020776	3248	3247	3889	3237	4106	3245	3251	3204	3237	2779
XM_017020794	3249	3248	154	3238	1063	3246	3252	3205	3238	3511
XM_017020854	3250	3249	3054	3239	12	3247	3253	3206	3239	2780
XM_017020855	3251	3250	3055	3240	998	3248	3254	3207	3240	3498
XM_017020885	3252	3251	3056	3241	2709	3249	3255	3208	3241	275
XM_017020912	3253	17	3057	3242	2710	3250	3256	4108	3242	2781
XM_017021067	3254	3252	230	3243	2711	3251	3257	3209	3243	3546
XM_017021080	3255	3253	3058	3244	360	3252	3258	3210	3244	2782
XM_017021125	3256	3254	3059	3245	3821	3253	3259	3211	3245	840
XM_017021143	3257	3255	710	3246	3718	3254	3260	3212	3246	2783
XM_017021435	3258	3256	3060	3247	488	3255	3261	254	3247	2784
XM_017021610	3259	3257	3061	3248	2712	3256	3262	4139	3248	413
XM_017021654	3260	3258	3062	3249	3661	3257	3263	3213	3249	2785
XM_017021756	3261	3259	3063	3250	691	3258	3264	3214	3250	2786
XM_017021978	3262	3260	3064	3251	3986	3259	3265	3215	3251	2787
XM_017021984	3263	3261	984	3252	3186	3260	3266	3216	3252	258
XM_017022001	3264	3262	3065	3253	3837	3261	3267	3217	3253	2788
XM_017022052	3265	3263	3066	3254	2713	3262	3268	3218	3254	4076
XM_017022179	3266	3264	3067	3255	751	3263	3269	3219	3255	3635
XM_017022197	3267	3265	3068	3256	120	3264	3270	3220	3256	2789
XM_017022206	3268	3266	3069	3257	398	3265	3271	3221	3257	2790
XM_017022239	3269	3267	438	3258	2714	3266	3272	3222	3258	514
XM_017022298	3270	3268	3070	3259	455	3267	3273	3223	3259	2791
XM_017022432	3271	3269	3071	3260	842	3268	3274	3224	3260	2792
XM_017022463	3272	3270	3072	3261	826	3269	3275	3225	3261	2793
XM_017022505	3273	3271	105	3262	2715	3270	3276	242	3262	2794
XM_017022543	3274	3272	770	3263	794	3271	3277	3226	3263	812
XM_017022637	3275	3273	689	3264	415	3272	3278	3227	3264	2795
XM_017022774	3276	3274	3073	226	2716	3273	3279	177	101	2796
XM_017022859	3277	3275	3074	3265	3662	3274	3280	3228	3265	2797
XM_017022894	3278	3276	629	3266	1078	3275	3281	3229	3266	889
XM_017022959	3279	3277	3075	3267	2717	3276	3282	3230	3267	132
XM_017023020	3280	3278	295	174	797	3277	3283	3231	3268	3644
XM_017023279	3281	3279	524	3268	887	3278	3284	3232	3269	2798
XM_017023317	3282	3280	3076	3269	2718	3279	3285	3233	3270	296
XM_017023545	3283	3281	3077	4199	2719	3280	3286	3234	3271	2799
XM_017023563	3284	3282	140	3270	1089	3281	3287	3235	3272	2800
XM_017023575	3285	3283	137	3271	3110	3282	3288	3236	3273	2801
XM_017023660	3286	3284	3078	3272	3653	3283	3289	3237	3274	2802
XM_017023717	3287	3285	3079	3273	514	3284	3290	3238	3275	2803
XM_017023775	3288	41	3080	3274	3866	3285	3291	3239	3276	2804
XM_017023908	3289	3286	3081	3275	225	3286	3292	3240	3277	661
XM_017023912	3290	3287	3082	3276	1003	3287	3293	3241	3278	2805
XM_017023964	3291	3288	3083	3277	2720	3288	3294	3242	3279	3955
XM_017023984	3292	3289	128	3278	3256	3289	3295	3243	3280	2806
XM_017024019	3293	3290	477	3279	2721	3290	3296	3244	3281	2807
XM_017024026	3294	3291	641	3280	2722	3291	3297	3245	3282	2808
XM_017024033	3295	3292	3084	3281	3518	3292	3298	3246	3283	2809
XM_017024116	3296	3293	3085	3282	4006	3293	3299	4096	3284	2810
XM_017024141	3297	3294	3086	3283	557	3294	3300	3247	3285	2811
XM_017024243	3298	3295	3087	3284	310	3295	3301	3248	3286	2812
XM_017024259	3299	3296	843	116	2723	3296	3302	3249	3287	2813
XM_017024279	3300	3297	545	3285	2724	3297	3303	3250	3288	702
XM_017024280	3301	3298	3088	3286	489	3298	3304	3251	3289	2814
XM_017024290	3302	3299	570	3287	2725	3299	3305	3252	3290	2815
XM_017024325	3303	3300	3089	3288	3624	3300	3306	3253	3291	2816
XM_017024407	3304	3301	3090	3289	2726	3301	3307	3254	3292	354
XM_017024431	3305	3302	3091	3290	544	3302	3308	3255	3293	2817
XM_017024486	3306	3303	3092	3291	800	3303	3309	3256	3294	2818
XM_017024523	3307	3304	274	3292	2727	3304	3310	3257	3295	2819
XM_017024761	3308	3305	97	3293	2728	3305	3311	3258	3296	2820
XM_017024847	3309	3306	426	3294	3103	3306	3312	3259	3297	2821
XM_017024857	3310	3307	264	3295	2729	3307	3313	137	3298	3480
XM_017024896	3311	3308	717	3296	1007	3308	3314	3260	3299	2822
XM_017024987	3312	3309	386	3297	2730	3309	3315	3261	3300	2823
XM_017025152	3313	3310	3093	3298	214	3310	3316	3262	3301	2824
XM_017025237	3314	3311	3094	3299	182	3311	3317	238	3302	2825
XM_017025502	3315	3312	3095	3300	637	3312	3318	3263	3303	2826
XM_017025535	3316	3313	3096	3301	2731	3313	3319	3264	3304	4169
XM_017025536	3317	3314	3097	3302	2732	3314	3320	3265	3305	4023
XM_017025538	3318	3315	3098	3303	2733	3315	3321	3266	3306	4039
XM_017025892	3319	3316	3099	3304	385	3316	3322	3267	3307	2827
XM_017025919	3320	3317	144	3305	1146	3317	3323	3268	3308	495
XM_017026111	3321	3318	3100	3306	2734	3318	3324	128	3309	2828
XM_017026179	3322	3319	3101	3307	392	3319	3325	3269	3310	3529
XM_017026243	3323	3320	3102	3308	373	3320	3326	3270	3311	2829
XM_017026297	3324	3321	389	3309	2735	3321	3327	3271	3312	2830
XM_017026449	3325	3322	311	3310	2736	3322	3328	3272	3313	2831
XM_017026605	3326	3323	3103	3311	3895	3323	3329	3273	3314	2832
XM_017026709	3327	3324	3104	3312	46	3324	3330	3274	3315	2833
XM_017026811	3328	3325	750	3313	894	3325	3331	3275	3316	3941
XM_017026812	3329	3326	3748	3314	3282	3326	3332	3276	3317	3971
XM_017026863	3330	3327	798	3315	3685	3327	3333	3277	3318	2834
XM_017026869	3331	3328	919	3316	423	3328	3334	3278	3319	2835
XM_017026872	3332	3329	3105	3317	2737	3329	3335	138	3320	2836
XM_017026873	69	3330	3106	236	1117	3330	3336	239	3321	2837
XM_017027021	3333	3331	3107	3318	239	3331	3337	3279	3322	2838
XM_017027092	3334	3332	679	3319	946	3332	3338	3280	3323	850
XM_017027113	3335	3333	3108	3320	407	3333	3339	3281	3324	2839
XM_017027131	3336	3334	3109	3321	3711	3334	3340	3282	3325	2840
XM_017027232	3337	3335	3852	3322	3854	3335	3341	3283	3326	2841
XM_017027260	3338	3336	3110	3323	3990	3336	3342	3284	3327	2842
XM_017027358	3339	3337	3111	3324	3734	3337	3343	3285	3328	2843
XM_017027388	3340	3338	3112	3325	259	3338	3344	3286	3329	2844
XM_017027389	3341	3339	3113	3326	1127	3339	3345	173	3330	746
XM_017027414	110	3340	3114	250	2738	3340	3346	3287	3331	2845
XM_017027551	3342	3341	216	3327	2739	3341	3347	3288	3332	2846
XM_017027573	3343	3342	582	3328	1012	3342	3348	3289	3333	871
XM_017027728	3344	3343	3115	3329	3737	3343	3349	3290	3334	2847
XM_017027747	3345	3344	3116	3330	416	3344	3350	3291	3335	2848
XM_017027784	3346	3345	625	3331	867	3345	3351	3292	3336	2849
XM_017027845	3347	3346	33	3332	2740	3346	3352	3293	3337	2850
XM_017027990	3348	3347	657	3333	3164	3347	3353	3294	3338	2851
XM_017028003	3349	3348	256	3334	2741	3348	3354	3295	3339	2852
XM_017028086	3350	3349	3117	113	2742	3349	3355	3296	3340	2853
XM_017028088	3351	3350	3118	3335	2743	3350	3356	52	3341	2854
XM_017028107	3352	3351	3119	3336	2744	3351	3357	3297	3342	607
XM_017028367	3353	3352	3120	3337	2745	3352	3358	3298	3343	543
XM_017028385	3354	3353	3121	3338	1217	3353	3359	3299	3344	376
XM_017028526	3355	3354	4182	3339	2746	3354	3360	4123	3345	3524
XM_017028539	3356	3355	3	3340	803	3355	3361	3300	3346	2855
XM_017028541	3357	3356	263	3341	2747	3356	3362	3301	3347	2856
XM_017028569	3358	3357	3122	3342	4095	3357	3363	3302	3348	2857
XM_017028642	3359	3358	3123	163	1163	3358	3364	3303	3349	2858
XM_017028803	3360	3359	231	3343	2748	3359	3365	3304	3350	3547
XM_017028806	3361	3360	257	3344	2749	3360	3366	3305	3351	3512
XM_017028821	3362	3361	267	3345	1064	3361	3367	3306	3352	2859
XM_017028889	3363	3362	3124	3346	638	3362	3368	3307	3353	2860
XM_017028924	3364	3363	3125	3347	679	3363	3369	3308	3354	2861
XM_017028927	3365	3364	827	3348	768	3364	3370	3309	3355	2862
XM_017028935	3366	3365	585	3349	2750	3365	3371	3310	3356	3563
XM_017029034	3367	3366	219	3350	2751	3366	3372	3311	3357	3467
XM_017029164	3368	3367	3126	47	1206	3367	3373	3312	49	706
XM_017029174	3369	3368	3887	3351	670	3368	3374	3313	3358	2863
XM_017029262	3370	3369	3127	3352	3514	3369	3375	3314	3359	2864
XM_017029294	3371	3370	3128	3353	222	3370	3376	3315	3360	2865
XM_017029378	3372	3371	3129	3354	94	3371	3377	3316	3361	2866
XM_017029568	3373	3372	3130	3355	639	3372	3378	3317	3362	2867
XM_017029755	3374	3373	3131	3356	2752	3373	3379	3318	3363	176
XM_017029803	3375	3374	4195	3357	983	3374	3380	3319	3364	322
XM_017029855	3376	3375	3132	3358	509	3375	3381	3320	3365	2868
XM_017029904	3377	3376	3133	3359	2753	3376	3382	3321	3366	484
XM_017029908	143	3377	933	3360	2754	3377	3383	3322	3367	3628
XM_017029920	3378	3378	3134	3361	293	3378	3384	3323	3368	2869
XM_017029952	3379	3379	3989	3362	3338	3379	3385	3324	3369	2870
XM_017030005	3380	3380	3135	3363	3507	3380	3386	3325	3370	6
XM_017030006	3381	3381	101	3364	2755	3381	3387	3326	3371	2871
XM_017030015	3382	3382	3136	3365	408	3382	3388	3327	3372	2872
XM_017030171	3383	3383	553	3366	2756	3383	3389	3328	3373	2873
XM_024446129	3384	3384	3137	3367	279	3384	3390	3329	3374	2874
XM_024446248	3385	3385	118	3368	2757	3385	3391	3330	3375	2875
XM_024446350	3386	3386	3138	3369	3663	3386	3392	3331	3376	2876
XM_024446351	3387	3387	3139	104	1140	3387	3393	3332	76	3592
XM_024446421	3388	3388	383	3370	3397	3388	3394	3333	3377	838
XM_024446444	3389	3389	452	3371	2758	3389	3395	3334	3378	2877
XM_024446464	3390	3390	1039	3372	164	3390	3396	3335	3379	2878
XM_024446532	46	3391	3140	97	2759	3391	3397	21	3380	2879
XM_024446648	3391	3392	3141	3373	2760	3392	3398	3336	3381	4176
XM_024446695	3392	3393	3782	3374	984	3393	3399	134	3382	2880
XM_024446723	3393	3394	756	3375	2761	3394	3400	3337	3383	2881
XM_024446785	3394	3395	3142	3376	450	3395	3401	3338	3384	2882
XM_024446814	3395	3396	596	3377	2762	3396	3402	3339	3385	2883
XM_024446829	3396	3397	3143	3378	746	3397	3403	3340	3386	3483
XM_024446837	3397	3398	3144	3379	4004	3398	3404	3341	3387	2884
XM_024446844	3398	3399	84	3380	2763	3399	3405	3342	3388	2885
XM_024446858	3399	3400	3145	3381	137	3400	3406	3343	3389	2886
XM_024446932	3400	3401	661	3382	2764	3401	3407	3344	3390	2887
XM_024446981	3401	3402	212	3383	2765	3402	3408	3345	3391	2888
XM_024447009	3402	3403	3146	3384	2766	3403	3409	4175	3392	2889
XM_024447048	3403	3404	745	3385	3793	3404	3410	3346	3393	2890
XM_024447234	3404	3405	3147	3386	831	3405	3411	3347	3394	365
XM_024447353	3405	3406	3776	3387	627	3406	3412	3348	3395	707
XM_024447395	3406	3407	78	3388	2767	3407	3413	3349	3396	2891
XM_024447584	3407	3408	525	3389	2768	3408	3414	3350	3397	2892
XM_024447636	3408	3409	3148	3390	4060	3409	3415	3351	3398	2893
XM_024447727	3409	3410	3149	3391	3664	3410	3416	3352	3399	2894
XM_024447914	3410	3411	3150	3392	3686	3411	3417	3353	3400	2895
XM_024447922	3411	3412	3151	3393	726	3412	3418	3354	3401	2896
XM_024447970	3412	3413	124	3394	3299	3413	3419	3355	3402	3671
XM_024447994	3413	3414	3152	3395	2769	3414	3420	4149	3403	689
XM_024448151	3414	3415	3153	3396	680	3415	3421	3356	3404	2897
XM_024448238	3415	3416	3154	3397	351	3416	3422	3357	3405	2898
XM_024448281	3416	3417	3987	3398	2770	3417	3423	4048	3406	2899
XM_024448309	3417	3418	191	3399	2771	3418	3424	3358	3407	2900
XM_024448376	3418	3419	481	3400	2772	3419	3425	3359	3408	2901
XM_024448431	3419	3420	3155	3401	3918	3420	3426	208	3409	2902
XM_024448440	3420	3421	421	3402	2773	3421	3427	3360	3410	2903
XM_024448449	3421	3422	288	3403	3257	3422	3428	3361	3411	836
XM_024448462	3422	3423	3732	3404	2774	3423	3429	3362	3412	393
XM_024448502	3423	3424	3156	3405	747	3424	3430	3363	3413	2904
XM_024448522	3424	3425	3157	3406	409	3425	3431	3364	3414	458
XM_024448525	3425	3426	3158	3407	3625	3426	3432	3365	3415	2905
XM_024448586	3426	3427	546	3408	2775	3427	3433	3366	3416	2906
XM_024448605	3427	3428	3159	3409	115	3428	3434	3367	3417	2907
XM_024448716	3428	3429	3160	3410	3412	3429	3435	3368	3418	2908
XM_024448757	3429	3430	3161	3411	681	3430	3436	3369	3419	2909
XM_024448764	3430	3431	116	3412	1213	3431	3437	3370	3420	2910
XM_024448780	3431	3432	478	3413	2776	3432	3438	3371	3421	2911
XM_024448801	3432	3433	3162	3414	763	3433	3439	3372	3422	2912
XM_024448832	3433	3434	3833	3415	2777	3434	3440	3373	3423	507
XM_024448874	3434	3435	3163	3416	427	3435	3441	3374	3424	2913
XM_024448960	151	3436	3761	3417	2778	3436	3442	3375	3425	2914
XM_024448999	3435	3437	4036	3418	2779	3437	3443	3376	3426	2915
XM_024449018	3436	3438	330	3419	2780	3438	3444	3377	3427	3538
XM_024449130	3437	3439	3164	3420	682	3439	3445	3378	3428	2916
XM_024449171	3438	3440	3165	3421	4173	3440	3446	3379	3429	560
XM_024449175	3439	3441	3166	3422	671	3441	3447	3380	3430	3513
XM_024449229	3440	3442	3167	3423	2781	3442	3448	3381	3431	465
XM_024449247	3441	3443	3168	3424	610	3443	3449	3382	3432	2917
XM_024449371	3442	3444	3169	20	2782	3444	3450	3383	3433	908
XM_024449415	3443	3445	3170	3425	4110	3445	3451	3384	3434	2918
XM_024449458	3444	3446	471	3426	2783	3446	3452	3385	3435	3549
XM_024449807	3445	3447	3171	3427	3411	3447	3453	3386	3436	352
XM_024449818	3446	3448	959	3428	3980	3448	3454	3387	3437	2919
XM_024450001	3447	3449	3172	3429	2784	3449	3455	3388	3438	4200
XM_024450041	3448	3450	736	3430	2785	3450	3456	3389	3439	2920
XM_024450072	3449	3451	532	3431	1027	3451	3457	3390	3440	2921
XM_024450159	3450	3452	3173	3432	3841	3452	3458	3391	3441	2922
XM_024450200	3451	3453	3174	3433	640	3453	3459	3392	3442	2923
XM_024450477	3452	3454	928	3434	3915	3454	3460	3393	3443	2924
XM_024450502	3453	3455	518	3435	294	3455	3461	3394	3444	2925
XM_024450556	3454	3456	3175	3436	473	3456	3462	3395	3445	2926
XM_024450562	3455	3457	3176	3437	87	3457	3463	3396	3446	2927
XM_024450582	3456	3458	3177	3438	3969	3458	3464	3397	3447	2928
XM_024450712	3457	3459	167	3439	2786	3459	3465	3398	3448	2929
XM_024450747	4189	3460	3178	3440	2787	3460	3466	3399	3449	135
XM_024450768	3458	3461	3179	3441	341	3461	3467	3400	3450	2930
XM_024450778	3459	3462	885	3442	2788	3462	3468	3401	3451	3798
XM_024450803	3460	3463	170	3443	2789	3463	3469	203	3452	2931
XM_024450913	3461	3464	3180	3444	3665	3464	3470	3402	3453	2932
XM_024451019	3462	3465	3181	3445	388	3465	3471	3403	3454	2933
XM_024451026	3463	3466	3182	3446	3859	3466	3472	3404	3455	2934
XM_024451046	3464	3467	3183	3447	157	3467	3473	3405	3456	714
XM_024451065	3465	3468	559	3448	2790	3468	3474	3406	3457	3783
XM_024451224	3466	3469	246	3449	2791	3469	3475	3407	3458	2935
XM_024451287	3467	3470	3184	3450	3497	3470	3476	3408	3459	2936
XM_024451328	3468	3471	3185	3451	4180	3471	3477	3409	3460	3943
XM_024451332	3469	3472	3186	3452	183	3472	3478	3410	3461	2937
XM_024451473	3470	3473	432	3453	2792	3473	3479	3411	3462	2938
XM_024451517	3471	3474	884	3454	3533	3474	3480	4050	3463	2939
XM_024451544	3472	3475	316	3455	872	3475	3481	3412	3464	775
XM_024451634	3473	3476	3187	3456	3867	3476	3482	3413	3465	2940
XM_024451636	3474	3477	732	3457	2793	3477	3483	3414	3466	3598
XM_024451670	3475	3478	3188	3458	3958	3478	3484	3415	3467	827
XM_024451687	3476	3479	3189	3459	119	3479	3485	3416	3468	2941
XM_024451706	3477	3480	3190	3460	223	3480	3486	3417	3469	2942
XM_024451752	3478	3481	215	3461	1135	3481	3487	3418	3470	2943
XM_024451774	3479	3482	3191	3462	3722	3482	3488	3419	3471	2944
XM_024451860	3480	3483	299	3463	2794	3483	3489	3420	3472	2945
XM_024451877	3481	3484	951	3464	3819	3484	3490	4092	3473	576
XM_024451970	3482	3485	188	3465	1082	3485	3491	3421	3474	517
XM_024451998	3483	3486	3192	3466	583	3486	3492	3422	3475	2946
XM_024452011	3484	3487	3193	3467	2795	3487	3493	3423	3476	3826
XM_024452027	3485	3488	3194	3468	2796	3488	3494	3424	3477	105
XM_024452218	3486	3489	3890	3469	2797	3489	3495	3425	3478	3787
XM_024452275	3487	3490	3195	219	454	3490	3496	3426	3479	3638
XM_024452294	3488	3491	3842	3470	3433	3491	3497	3427	3480	2947
XM_024452338	3489	3492	3196	3471	389	3492	3498	4106	3481	2948
XM_024452357	3490	3493	3197	3472	2798	3493	3499	3428	3482	387
XM_024452394	3491	3494	3198	3473	3868	3494	3500	3429	3483	2949
XM_024452399	3492	3495	3199	3474	474	3495	3501	3430	3484	2950
XM_024452421	3493	3496	4108	3475	2799	3496	3502	241	3485	2951
XM_024452425	3494	3497	3200	3476	3719	3497	3503	3431	3486	2952
XM_024452537	3495	3498	312	3477	236	3498	3504	3432	3487	2953
XM_024452732	3496	3499	3201	3478	3966	3499	3505	3433	3488	2954
XM_024452798	3497	3500	3202	3479	248	3500	3506	3434	3489	2955
XM_024452879	3498	3501	3203	3480	563	3501	3507	3435	3490	2956
XM_024452945	3499	3502	472	3481	2800	3502	3508	3436	3491	2957
XM_024452960	3500	3503	3204	3482	3672	3503	3509	3437	3492	2958
XM_024453213	3501	3504	3205	3483	33	3504	3510	3438	3493	2959
XM_024453251	3502	3505	22	3484	2801	3505	3511	3439	3494	2960
XM_024453286	3503	3506	220	3485	2802	3506	3512	3440	3495	2961
XM_024453362	3504	3507	3206	3486	3465	3507	3513	133	3496	2962
XM_024453460	3505	3508	417	3487	2803	3508	3514	3441	3497	2963
XM_024453484	3506	3509	834	3488	492	3509	3515	3442	3498	2964
XM_024453742	3507	3510	526	3489	765	3510	3516	3443	3499	2965
XM_024453813	3508	3511	931	3490	2804	3511	3517	4067	3500	3745
XM_024453855	3509	3512	349	3491	2805	3512	3518	3444	3501	844
XM_024454128	3510	3513	3207	3492	2806	3513	3519	4150	3502	2966
XM_024454159	3511	3514	198	3493	2807	3514	3520	3445	3503	2967
XM_024454179	3512	3515	3739	3494	2808	3515	3521	3446	3504	581
XM_024454237	3513	30	161	3495	2809	3516	3522	3447	3505	2968
XM_024454239	3514	3516	3208	3496	313	3517	3523	3448	3506	2969
XM_024454317	3515	3517	3209	3497	977	3518	3524	3449	3507	4009
XM_024454343	3516	3518	93	3498	2810	3519	3525	3450	3508	2970
XM_024454356	3517	3519	3985	3499	2811	3520	3526	3451	3509	2971
XM_024454379	3518	3520	3210	3500	2812	3521	3527	3452	3510	641
XR_001736924	83	3521	3211	115	1145	3522	3528	3453	3511	553
XR_001736965	3519	3522	3212	3501	3572	3523	3529	3454	3512	2972
XR_001737026	3520	3523	3213	3502	3492	3524	3530	3455	3513	2973
XR_001737129	3521	3524	308	3503	2813	3525	3531	3456	3514	2974
XR_001737203	136	39	3214	15	2814	3526	3532	251	3515	2975
XR_001737335	3522	3525	3215	3504	558	3527	3533	3457	3516	2976
XR_001737344	3523	3526	3216	3505	780	3528	3534	3458	3517	2977
XR_001737388	3524	3527	3217	3506	3583	3529	3535	3459	3518	2978
XR_001737395	3525	3528	3218	3507	3720	3530	3536	3460	3519	3527
XR_001737405	3526	3529	3219	3508	602	3531	3537	3461	3520	2979
XR_001737618	3527	3530	3220	3509	4159	3532	3538	3462	3521	2980
XR_001737668	3528	3531	3221	3510	2815	3533	3539	73	3522	2981
XR_001737736	104	33	3775	3511	2816	3534	3540	3463	3523	2982
XR_001737772	3529	3532	3222	3512	69	3535	3541	3464	3524	2983
XR_001737869	3530	3533	183	3513	2817	3536	3542	3465	3525	574
XR_001737967	3531	3534	3223	3514	2818	3537	3543	3466	3526	446
XR_001738036	3532	3535	1008	3515	130	3538	3544	3467	3527	3852
XR_001738100	3533	3536	3224	3516	3962	3539	3545	3468	3528	2984
XR_001738123	3534	3537	3225	3517	2819	3540	3546	3469	3529	4078
XR_001738131	3535	3538	3226	3518	3946	3541	3547	3470	3530	2985
XR_001738185	3536	3539	280	170	2820	3542	3548	3471	3531	2986
XR_001738239	3537	3540	3227	3519	3842	3543	3549	3472	3532	2987
XR_001738296	3538	3541	3228	3520	2821	3544	3550	3473	3533	3974
XR_001738297	3539	3542	3229	3521	2822	3545	3551	38	3534	3663
XR_001738316	3540	3543	455	3522	2823	3546	3552	3474	3535	2988
XR_001738322	3541	3544	3230	3523	113	3547	3553	3475	3536	2989
XR_001738443	3542	3545	3231	3524	962	3548	42	123	3537	2990
XR_001738478	3543	3546	3232	3525	2824	3549	3554	120	3538	2991
XR_001738532	3544	3547	936	3526	3383	3550	3555	3476	3539	2992
XR_001738536	3545	3548	3233	3527	3560	3551	3556	285	3540	2993
XR_001738563	3546	3549	3234	3528	3723	3552	3557	3477	3541	2994
XR_001738589	3547	3550	3806	3529	3398	3553	3558	3478	3542	539
XR_001738756	3548	3551	3235	3530	2825	3554	3559	156	3543	2995
XR_001738783	3549	3552	3236	3531	643	3555	3560	3479	3544	2996
XR_001738847	3550	3553	594	3532	2826	3556	3561	3480	3545	857
XR_001738850	3551	3554	3237	3533	3712	3557	3562	3481	3546	2997
XR_001739003	3552	3555	3238	3534	31	3558	3563	3482	3547	2998
XR_001739138	3553	3556	692	3535	2827	3559	3564	3483	3548	2999
XR_001739152	3554	3557	3239	3536	692	3560	3565	3484	3549	3000
XR_001739164	3555	3558	519	3537	2828	3561	3566	3485	3550	3001
XR_001739424	3556	3559	3240	3538	2829	3562	3567	28	3551	3002
XR_001739471	3557	3560	3970	3539	267	3563	3568	3486	3552	3003
XR_001739612	67	3561	3241	3540	2830	3564	3569	3487	3553	3004
XR_001739678	3558	3562	3242	3541	525	3565	3570	3488	3554	3005
XR_001739707	3559	3563	3837	3542	2831	3566	3571	3489	3555	3891
XR_001739825	3560	3564	3243	3543	4039	3567	3572	3490	3556	3006
XR_001739866	3561	3565	3244	3544	4038	3568	3573	3491	3557	3007
XR_001740091	3562	3566	3245	3545	545	3569	3574	3492	3558	3008
XR_001740138	3563	3567	3246	3546	2832	3570	3575	3493	3559	655
XR_001740225	3564	3568	3247	3547	4134	3571	3576	3494	3560	3009
XR_001740258	3565	3569	3248	3548	3977	3572	3577	3495	3561	3010
XR_001740428	3566	3570	1028	3549	3701	3573	3578	3496	3562	3011
XR_001740491	3567	3571	3249	3550	3911	3574	3579	271	3563	3012
XR_001740681	3568	3572	3250	3551	335	3575	3580	3497	3564	3013
XR_001740702	3569	3573	3251	3552	3679	3576	3581	3498	3565	3014
XR_001740729	3570	3574	3252	3553	3639	3577	3582	3499	3566	3015
XR_001740861	3571	3575	3253	74	2833	3578	3583	3500	3567	3016
XR_001740865	3572	3576	3254	3554	2834	3579	3584	4084	3568	4156
XR_001740882	3573	3577	3255	3555	3534	3580	3585	4118	3569	3017
XR_001740956	3574	3578	3256	3556	3613	3581	3586	4194	3570	3018
XR_001740978	3575	3579	848	3557	3824	3582	3587	3501	3571	3019
XR_001740998	3576	3580	3257	3558	2835	3583	3588	3502	3572	123
XR_001741020	3577	3581	3258	3559	3360	3584	3589	3503	3573	3020
XR_001741041	3578	3582	3259	3560	4141	3585	3590	3504	3574	3021
XR_001741042	3579	3583	3260	3561	3595	3586	3591	240	3575	3022
XR_001741047	3580	3584	3261	3562	3666	3587	3592	3505	3576	3023
XR_001741050	3581	3585	949	3563	100	3588	3593	3506	3577	3024
XR_001741069	127	3586	3262	3564	2836	3589	3594	4165	3578	3025
XR_001741148	3582	3587	3263	3565	3596	3590	3595	3507	3579	3026
XR_001741225	3583	3588	3264	3566	3363	3591	3596	3508	3580	3027
XR_001741284	3584	3589	4190	3567	2837	3592	3597	3509	3581	3028
XR_001741287	3585	3590	3265	3568	3263	3593	3598	3510	3582	3029
XR_001741378	3586	3591	3266	3569	536	3594	3599	3511	3583	888
XR_001741441	3587	44	3267	3570	3259	3595	3600	3512	3584	3030
XR_001741520	3588	3592	3268	3571	2838	3596	3601	40	3585	3031
XR_001741546	3589	3593	331	3572	2839	3597	3602	229	3586	3032
XR_001741550	3590	3594	991	3573	603	3598	3603	3513	3587	3033
XR_001741553	3591	3595	3269	3574	2840	3599	3604	3514	3588	624
XR_001741564	3592	3596	3270	3575	132	3600	3605	3515	3589	3034
XR_001741566	3593	3597	3687	3576	2841	3601	3606	4172	3590	3035
XR_001741608	3594	3598	3951	3577	2842	3602	3607	3516	3591	3036
XR_001741660	3595	3599	3271	3578	3388	3603	3608	3517	3592	3037
XR_001741723	3596	3600	3272	3579	399	3604	3609	3518	3593	3038
XR_001741746	3597	3601	3273	67	1096	3605	3610	3519	3594	3039
XR_001741747	3598	3602	3274	3580	3485	3606	3611	69	3595	3040
XR_001741764	3599	3603	3275	3581	2843	3607	3612	4179	3596	3041
XR_001741965	3600	3604	3276	3582	246	3608	3613	3520	3597	3042
XR_001742017	3601	3605	3277	3583	3373	3609	3614	3521	3598	174
XR_001742018	3602	3606	754	3584	3900	3610	3615	3522	3599	512
XR_001742101	3603	3607	3278	3585	4081	3611	3616	3523	3600	3043
XR_001742140	3604	3608	3279	3586	3554	3612	3617	3524	3601	3602
XR_001742327	3605	3609	3280	3587	822	3613	3618	3525	3602	3044
XR_001742339	3606	3610	3281	3588	2844	3614	3619	4146	3603	3045
XR_001742445	3607	3611	3282	3589	242	3615	3620	3526	3604	3046
XR_001742456	3608	3612	3283	3590	2845	3616	3621	3527	3605	1
XR_001742472	3609	3613	3284	3591	3822	3617	3622	4180	3606	3047
XR_001742481	3610	3614	3285	3592	2846	3618	5	3528	3607	3048
XR_001742510	3611	3615	3286	3593	3830	3619	3623	3529	3608	3049
XR_001742517	3612	3616	3287	3594	3471	3620	3624	3530	3609	3050
XR_001742640	98	3617	3288	3595	2847	3621	3625	4068	3610	3051
XR_001742653	3613	3618	719	3596	2848	3622	3626	3531	3611	674
XR_001742668	3614	3619	499	3597	2849	3623	3627	3532	3612	3052
XR_001742822	3615	3620	3289	3598	4097	3624	3628	3533	3613	3053
XR_001742872	3616	3621	3290	3599	4195	3625	3629	3534	3614	3054
XR_001742887	3617	3622	3291	3600	3778	3626	3630	3535	3615	3055
XR_001742895	3618	3623	609	3601	2850	3627	3631	3536	3616	3056
XR_001742909	3619	3624	3292	3602	533	3628	3632	3537	3617	3057
XR_001742962	3620	3625	3949	3603	2851	3629	3633	3538	3618	3484
XR_001743012	3621	3626	554	3604	2852	3630	3634	3539	3619	3058
XR_001743043	90	3627	3293	3605	2853	3631	3635	3540	3620	3059
XR_001743060	3622	47	943	3606	3761	3632	3636	3541	3621	3060
XR_001743245	3623	3628	3294	3607	273	3633	3637	3542	3622	3061
XR_001743548	3624	3629	3295	3608	859	3634	3638	3543	3623	3062
XR_001743601	3625	3630	3296	3609	1093	3635	3639	3544	3624	368
XR_001743796	3626	4197	3297	3610	289	3636	3640	3545	3625	3063
XR_001743897	3627	3631	3298	4176	2854	3637	3641	3546	3626	3064
XR_001743918	3628	3632	1043	3611	3992	3638	3642	3547	3627	3065
XR_001743932	3629	3633	3299	3612	3951	3639	3643	3548	3628	3665
XR_001743986	3630	3634	3300	4179	2855	3640	3644	3549	3629	3066
XR_001744057	3631	3635	3717	3613	2856	3641	3645	4105	3630	3870
XR_001744070	3632	3636	3301	109	3495	3642	3646	3550	3631	3067
XR_001744085	3633	3637	3302	3614	4153	3643	3647	3551	73	3068
XR_001744197	3634	3638	3303	3615	2857	3644	3648	7	3632	3069
XR_001744299	3635	3639	3304	3616	3392	3645	3649	3552	3633	3799
XR_001744337	3636	3640	3305	3617	3843	3646	3650	3553	3634	3070
XR_001744345	3637	3641	3960	3618	567	3647	3651	3554	3635	3071
XR_001744360	3638	3642	3306	3619	3352	3648	3652	3555	3636	3072
XR_001744435	3639	3643	3307	3620	2858	3649	3653	115	3637	3073
XR_001744464	3640	3644	530	3621	3197	3650	3654	4083	3638	375
XR_001744838	3641	3645	3308	3622	352	3651	3655	3556	3639	785
XR_001744845	3642	3646	3309	3623	175	3652	3656	3557	3640	3074
XR_001744936	3643	3647	3310	3624	93	3653	3657	3558	3641	3075
XR_001744956	3644	3648	3311	3625	166	3654	3658	3559	3642	3076
XR_001744975	3645	3649	3312	3626	268	3655	3659	3560	3643	3541
XR_001745007	3646	3650	38	3627	2859	3656	3660	3561	3644	3077
XR_001745042	3647	3651	3313	3628	2860	3657	3661	3562	3645	428
XR_001745046	3648	3652	473	3629	868	3658	3662	3563	3646	3615
XR_001745076	3649	3653	3314	3630	305	3659	3663	3564	3647	3078
XR_001745108	3650	3654	3315	3631	876	3660	3664	3565	3648	780
XR_001745190	3651	3655	3316	11	967	3661	3665	3566	3649	3079
XR_001745202	3652	3656	3317	3632	3365	3662	3666	3567	3650	3080
XR_001745243	3653	3657	3318	3633	3189	3663	3667	3568	3651	3805
XR_001745276	3654	3658	3319	3634	2861	3664	3668	53	3652	3081
XR_001745317	3655	3659	3320	3635	3779	3665	3669	3569	3653	3082
XR_001745381	3656	3660	3321	3636	591	3666	3670	3570	3654	3083
XR_001745387	3657	3661	527	3637	3304	3667	3671	3571	3655	3084
XR_001745425	3658	3662	3322	221	672	3668	3672	3572	3656	3085
XR_001745427	3659	3663	176	3638	849	3669	3673	3573	3657	3086
XR_001745433	3660	3664	3323	3639	3561	3670	3674	3574	3658	3087
XR_001745464	3661	3665	3324	3640	3424	3671	3675	4153	3659	455
XR_001745465	3662	3666	3859	3641	2862	3672	3676	3575	3660	487
XR_001745538	3663	3667	3325	3642	4048	3673	3677	3576	3661	3088
XR_001745545	3664	3668	840	3643	102	3674	3678	3577	3662	3089
XR_001745579	3665	3669	3326	3644	2863	3675	3679	248	3663	3740
XR_001745657	3666	3670	908	3645	2864	3676	3680	3578	3664	4091
XR_001745658	3667	3671	3327	3646	2865	3677	3681	3579	3665	4081
XR_001745769	3668	3672	3328	3647	2866	3678	3682	3580	3666	3836
XR_001745827	3669	3673	117	3648	2867	3679	3683	3581	3667	3090
XR_001745898	3670	3674	3329	3649	3725	3680	3684	3582	3668	3091
XR_001745919	3671	3675	3330	3650	2868	3681	3685	3583	3669	4195
XR_001746028	3672	3676	3331	3651	4099	3682	3686	3584	3670	3092
XR_001746051	3673	3677	3332	3652	417	3683	3687	3585	3671	3711
XR_001746135	3674	3678	102	3653	2869	3684	3688	3586	3672	3093
XR_001746229	3675	3679	1036	3654	169	3685	3689	4091	3673	3094
XR_001746284	3676	3680	673	3655	3470	3686	3690	3587	3674	3095
XR_001746323	3677	3681	3333	3656	971	3687	3691	3588	3675	3096
XR_001746356	3678	3682	637	3657	2870	3688	3692	3589	3676	3097
XR_001746387	3679	3683	392	3658	2871	3689	3693	3590	3677	3098
XR_001746421	3680	3684	3334	4144	2872	3690	3694	3591	3678	200
XR_001746427	3681	3685	1047	3659	4088	3691	3695	3592	3679	3099
XR_001746428	3682	3686	3335	3660	2873	3692	15	189	3680	3100
XR_001746520	3683	3687	258	3661	2874	3693	3696	3593	3681	3101
XR_001746568	3684	3688	3336	3662	584	3694	3697	3594	3682	3102
XR_001746604	3685	3689	3337	3663	808	3695	3698	4193	3683	3103
XR_001746688	3686	3690	3995	3664	3932	3696	3699	3595	3684	3104
XR_001746733	3687	3691	3338	3665	1033	3697	3700	9	3685	3105
XR_001746759	3688	3692	3339	3666	2875	3698	3701	4144	3686	3106
XR_001746828	3689	3693	3340	3667	3833	3699	3702	3596	3687	3107
XR_001746830	3690	3694	1034	3668	2876	3700	3703	64	3688	3108
XR_001746888	3691	3695	3341	3669	2877	3701	3704	3597	3689	383
XR_001746899	3692	3696	3342	3670	2878	3702	3705	39	3690	3109
XR_001746900	3693	3697	672	3671	2879	3703	3706	3598	3691	3110
XR_001746924	3694	3698	3343	3672	3834	3704	3707	4082	3692	3111
XR_001746926	3695	3699	3344	3673	3782	3705	3708	3599	3693	864
XR_001746939	3696	3700	445	3674	805	3706	3709	3600	3694	3112
XR_001746955	3697	3701	3345	3675	1180	3707	3710	3601	3695	3960
XR_001746960	3698	3702	3346	3676	2880	3708	3711	3602	3696	3758
XR_001747051	3699	3703	429	3677	2881	3709	3712	3603	3697	712
XR_001747065	3700	3704	537	3678	3350	3710	3713	3604	3698	3113
XR_001747246	3701	3705	3347	3679	1023	3711	3714	3605	3699	3114
XR_001747258	3702	3706	3348	3680	4052	3712	3715	3606	3700	3115
XR_001747275	3703	3707	3349	3681	4062	3713	3716	3607	3701	3116
XR_001747341	3704	3708	3350	3682	3713	3714	3717	3608	3702	3730
XR_001747388	3705	3709	981	3683	3878	3715	3718	3609	3703	3117
XR_001747452	3706	3710	3351	3684	2882	3716	3719	75	3704	3118
XR_001747455	3707	3711	3352	3685	2883	3717	3720	3610	3705	4102
XR_001747456	3708	3712	3353	3686	2884	3718	3721	3611	3706	4031
XR_001747513	3709	3713	3354	3687	4188	3719	3722	3612	3707	3119
XR_001747528	3710	3714	336	3688	2885	3720	3723	3613	3708	3120
XR_001747529	3711	3715	3355	3689	880	3721	3724	3614	3709	3121
XR_001747541	201	3716	3356	175	2886	3722	3725	3615	3710	3122
XR_001747560	93	3717	3357	3690	3476	3723	3726	4030	3711	3123
XR_001747604	3712	3718	3358	4145	4143	3724	3727	3616	3712	3124
XR_001747606	3713	3719	3359	3691	2887	3725	2	3617	3713	3125
XR_001747630	3714	3720	3360	3692	151	3726	3728	3618	3714	3701
XR_001747650	3715	3721	505	3693	1070	3727	3729	3619	3715	3126
XR_001747686	3716	3722	3361	3694	3452	3728	3730	3620	3716	3127
XR_001747703	3717	3723	3362	4153	3885	3729	3731	3621	3717	3128
XR_001747949	3718	3724	474	3695	2888	3730	3732	3622	3718	3129
XR_001748143	3719	3725	3363	3696	2889	3731	3733	3623	3719	557
XR_001748245	3720	3726	3364	3697	1034	3732	3734	3624	3720	4142
XR_001748246	3721	3727	400	3698	3451	3733	3735	3625	3721	3130
XR_001748410	3722	3728	4088	3699	1068	3734	3736	3626	3722	3131
XR_001748470	3723	3729	3365	3700	2890	3735	3737	3627	3723	4004
XR_001748472	3724	3730	1044	3701	3726	3736	3738	3628	3724	3581
XR_001748501	3725	3731	3366	3702	2891	3737	3739	4192	3725	3132
XR_001748530	3726	3732	3817	108	2892	3738	3740	3629	3726	4010
XR_001748866	3727	3733	378	3703	3117	3739	3741	3630	3727	3133
XR_001748993	3728	3734	3367	3704	2893	3740	3742	3631	3728	292
XR_001749112	3729	3735	3368	3705	4116	3741	3743	3632	3729	3134
XR_001749148	3730	3736	3369	3706	2894	3742	3744	118	3730	3880
XR_001749167	3731	3737	3370	3707	3974	3743	3745	3633	3731	3135
XR_001749168	3732	3738	3371	3708	2895	3744	3746	4168	3732	3136
XR_001749214	3733	3739	3372	3709	3738	3745	3747	3634	3733	3137
XR_001749273	3734	3740	3373	3710	1187	3746	3748	3635	3734	3818
XR_001749276	3735	3741	195	3711	2896	3747	3749	3636	3735	3470
XR_001749293	3736	3742	942	3712	595	3748	3750	3637	3736	3138
XR_001749428	3737	3743	244	3713	3209	3749	3751	4117	3737	3139
XR_001749538	3738	3744	814	3714	2897	3750	3752	3638	3738	4140
XR_001749815	3739	3745	3374	3715	2898	3751	3753	10	3739	3140
XR_001749853	3740	3746	3375	77	963	3752	3754	3639	3740	3141
XR_001749930	3741	3747	3376	3716	2899	3753	3755	3640	3741	82
XR_001750038	3742	3748	3377	3717	951	3754	3756	3641	3742	3142
XR_001750048	3743	3749	3378	3718	290	3755	3757	3642	3743	3143
XR_001750051	3744	3750	325	3719	2900	3756	3758	3643	3744	3144
XR_001750084	3745	3751	3379	3720	2901	3757	3759	3644	3745	4052
XR_001750105	3746	3752	3380	4178	2902	3758	3760	4127	3746	3145
XR_001750107	3747	3753	3381	4200	2903	3759	3761	4130	3747	3146
XR_001750155	3748	3754	3382	3721	3193	3760	3762	3645	3748	3848
XR_001750375	3749	3755	852	3722	561	3761	3763	3646	3749	3147
XR_001750551	3750	3756	3383	3723	480	3762	3764	3647	3750	3148
XR_001750649	3751	3757	3384	3724	497	3763	3765	3648	3751	3149
XR_001750720	3752	3758	3385	3725	683	3764	3766	3649	3752	3150
XR_001750762	3753	3759	3386	135	2904	3765	3767	3650	3753	3151
XR_001750792	3754	3760	3387	3726	161	3766	3768	3651	3754	796
XR_001750808	3755	3761	3388	3727	3758	3767	3769	3652	3755	3152
XR_001750830	3756	3762	3389	3728	708	3768	3770	3653	3756	3153
XR_001750901	3757	3763	3956	3729	2905	3769	3771	3654	3757	3154
XR_001751285	3758	3764	3390	3730	202	3770	3772	3655	3758	3155
XR_001751368	3759	3765	3391	129	3206	3771	3773	3656	3759	3156
XR_001751474	3760	3766	3392	3731	684	3772	3774	3657	3760	3157
XR_001751541	3761	3767	571	3732	2906	3773	3775	3658	3761	3158
XR_001751558	3762	3768	3393	3733	3783	3774	3776	3659	3762	3159
XR_001751577	3763	3769	3394	3734	2907	3775	3777	3660	3763	4018
XR_001751661	3764	3770	3395	3735	2908	3776	3778	88	3764	3160
XR_001751686	3765	3771	3396	3736	2909	3777	3779	3661	3765	3990
XR_001751714	3766	3772	698	3737	2910	3778	3780	3662	3766	3161
XR_001751733	3767	3773	453	3738	2911	3779	3781	3663	3767	3162
XR_001751795	3768	3774	3397	3739	628	3780	3782	3664	3768	3163
XR_001751799	3769	3775	3398	3740	3635	3781	3783	3665	3769	3164
XR_001751876	3770	3776	374	3741	2912	3782	3784	249	3770	3165
XR_001751932	3771	3777	250	3742	3275	3783	3785	3666	3771	3166
XR_001752055	3772	3778	3399	3743	2913	3784	3786	3667	3772	259
XR_001752061	3773	3779	3400	3744	4138	3785	3787	4055	3773	3167
XR_001752089	3774	3780	3401	3745	331	3786	3788	3668	3774	3168
XR_001752099	3775	3781	3402	3746	1000	3787	3789	3669	3775	3169
XR_001752103	3776	3782	3403	3747	855	3788	3790	3670	3776	3170
XR_001752116	3777	3783	3781	3748	4119	3789	3791	3671	3777	3171
XR_001752247	3778	3784	3404	3749	500	3790	3792	3672	3778	3172
XR_001752395	3779	3785	3405	3750	2914	3791	3793	3673	3779	72
XR_001752466	3780	3786	924	3751	2915	3792	3794	3674	3780	3822
XR_001752491	3781	3787	3406	3752	585	3793	3795	3675	3781	3703
XR_001752557	3782	3788	723	3753	2916	3794	3796	3676	3782	3173
XR_001752566	3783	3789	3407	3754	107	3795	3797	3677	3783	3174
XR_001752600	3784	3790	722	3755	2917	3796	3798	3678	3784	3175
XR_001752674	3785	3791	3408	3756	3207	3797	3799	209	3785	3985
XR_001752716	3786	43	163	3757	2918	3798	3800	3679	3786	3176
XR_001752766	3787	3792	3409	4171	2919	3799	3801	3680	3787	3177
XR_001752777	162	3793	857	3758	2920	3800	3802	3681	3788	3632
XR_001752800	79	3794	3410	145	2921	3801	3803	3682	3789	3178
XR_001752852	108	3795	3411	197	2922	3802	3804	3683	3790	3179
XR_001752867	3788	3796	3412	3759	319	3803	3805	4097	3791	3180
XR_001752876	3789	3797	3413	3760	2923	3804	3806	81	3792	3181
XR_001752884	3790	3798	3414	3761	3933	3805	3807	3684	3793	3182
XR_001752961	3791	3799	3415	3762	2924	3806	3808	3685	3794	4032
XR_001753042	3792	3800	3416	3763	890	3807	3809	3686	3795	582
XR_001753050	3793	3801	242	3764	2925	3808	3810	3687	3796	4197
XR_001753444	3794	3802	192	3765	2926	3809	3811	3688	3797	3183
XR_001753461	3795	3803	3417	3766	250	3810	3812	3689	3798	3184
XR_001753518	3796	3804	491	3767	2927	3811	3813	3690	3799	3185
XR_001753519	3797	3805	112	3768	3303	3812	3814	3691	3800	3186
XR_001753544	3798	3806	3418	3769	2928	3813	3815	51	3801	3187
XR_001753620	3799	3807	3419	3770	935	3814	3816	3692	3802	732
XR_001753775	3800	3808	3420	171	2929	3815	3817	3693	3803	3188
XR_001753829	3801	3809	3421	3771	3118	3816	3818	3694	3804	3800
XR_001753831	3802	3810	460	3772	3300	3817	3819	3695	3805	3189
XR_001753933	3803	3811	4198	3773	2930	3818	3820	4131	3806	3190
XR_001753938	3804	3812	3422	3774	934	3819	3821	3696	3807	791
XR_001753954	3805	3813	3423	3775	3993	3820	3822	3697	3808	3191
XR_001754017	3806	3814	733	3776	2931	3821	3823	3698	3809	3192
XR_001754099	3807	3815	3424	3777	2932	3822	3824	3699	3810	3765
XR_001754100	3808	3816	3425	3778	2933	3823	3825	3700	3811	3973
XR_001754183	3809	3817	3426	3779	490	3824	3826	3701	3812	3804
XR_001754334	3810	3818	960	3780	4045	3825	3827	3702	3813	3560
XR_001754415	3811	3819	3427	73	2934	3826	3828	3703	3814	3193
XR_001754467	3812	3820	3428	3781	2935	3827	3829	135	3815	3677
XR_001754582	3813	3821	145	3782	2936	3828	3830	3704	3816	3194
XR_001754597	3814	3822	3429	3783	270	3829	3831	3705	3817	3195
XR_001754634	3815	3823	3430	3784	3525	3830	3832	3706	3818	3196
XR_001754636	3816	3824	3431	3785	150	3831	3833	3707	3819	3197
XR_001754640	3817	3825	3432	3786	1239	3832	3834	3708	3820	3733
XR_001754641	3818	3826	3433	3787	2937	3833	3835	158	3821	3198
XR_001754972	3819	3827	3434	3788	2938	3834	3836	97	3822	3199
XR_001755063	3820	3828	3435	3789	4104	3835	3837	3709	3823	3200
XR_001755084	3821	3829	3436	3790	309	3836	3838	3710	3824	3201
XR_001755093	3822	3830	703	3791	2939	3837	3839	3711	3825	3202
XR_001755264	3823	3831	3437	3792	379	3838	3840	3712	3826	3203
XR_001755353	3824	3832	394	3793	2940	3839	3841	3713	3827	3204
XR_001755492	3825	3833	175	3794	2941	3840	3842	3714	3828	3205
XR_001755555	3826	3834	4083	3795	2942	3841	3843	3715	3829	3206
XR_001755623	3827	3835	3438	3796	3626	3842	3844	3716	3830	3561
XR_001755717	3828	3836	3439	3797	3255	3843	3845	3717	3831	309
XR_001755725	3829	3837	99	3798	3480	3844	3846	3718	3832	318
XR_001755970	3830	3838	3440	3799	2943	3845	3847	23	3833	3207
XR_001756000	3831	3839	3441	3800	785	3846	3848	99	3834	3208
XR_002956162	3832	3840	3442	3801	463	3847	3849	3719	3835	3209
XR_002956167	3833	3841	465	3802	786	3848	3850	3720	3836	3210
XR_002956198	3834	3842	3443	3803	3381	3849	3851	117	3837	3211
XR_002956293	3835	3843	586	3804	3347	3850	3852	3721	3838	3212
XR_002956347	3836	3844	3444	3805	1108	3851	3853	3722	3839	2
XR_002956355	3837	3845	3445	3806	2944	3852	3854	37	3840	3213
XR_002956358	3838	3846	3821	3807	3838	3853	3855	3723	3841	3490
XR_002956372	3839	3847	189	3808	3169	3854	3856	3724	3842	3214
XR_002956414	3840	3848	775	3809	2945	3855	3857	3725	3843	3215
XR_002956451	3841	3849	3446	3810	2946	3856	3858	3726	3844	3913
XR_002956508	3842	3850	626	3811	4087	3857	3859	3727	3845	3216
XR_002956627	3843	3851	109	3812	2947	3858	3860	3728	3846	3217
XR_002956632	3844	3852	395	3813	2948	3859	3861	3729	3847	3218
XR_002956700	3845	3853	3447	3814	315	3860	3862	3730	3848	3660
XR_002956733	3846	3854	3448	3815	3499	3861	3863	3731	3849	3219
XR_002956734	3847	3855	3449	3816	2949	3862	3864	3732	3850	3828
XR_002956773	3848	3856	3450	3817	3754	3863	3865	3733	3851	3220
XR_002956775	3849	3857	3451	3818	904	3864	3866	3734	3852	3221
XR_002956779	3850	3858	3452	3819	752	3865	3867	3735	3853	704
XR_002956804	3851	3859	3453	3820	1162	3866	3868	3736	3854	227
XR_002956815	3852	3860	3454	3821	191	3867	3869	3737	3855	3222
XR_002956834	3853	3861	3455	3822	2950	3868	3870	235	3856	266
XR_002956921	3854	3862	3456	3823	3614	3869	3871	4071	3857	3223
XR_002956935	3855	3863	3992	3824	2951	3870	3872	4148	3858	3224
XR_002956966	3856	3864	337	3825	795	3871	3873	3738	3859	3225
XR_002956973	3857	3865	224	3826	926	3872	3874	3739	3860	3226
XR_002956984	3858	3866	3457	3827	3924	3873	3875	3740	3861	3227
XR_002957012	3859	3867	3458	3828	3989	3874	3876	3741	3862	3228
XR_002957014	3860	3868	3459	3829	1018	3875	3877	3742	3863	3229
XR_002957015	3861	3869	3460	62	2952	3876	3878	3743	3864	3230
XR_002957019	3862	3870	1006	3830	3815	3877	3879	3744	3865	3231
XR_002957099	3863	3871	501	3831	2953	3878	3880	3745	3866	3232
XR_002957126	3864	3872	3461	3832	332	3879	3881	3746	3867	3233
XR_002957158	3865	3873	3462	3833	629	3880	3882	3747	3868	3234
XR_002957199	3866	3874	591	3834	2954	3881	3883	3748	3869	481
XR_002957216	3867	3875	3463	3835	2955	3882	3884	58	3870	3235
XR_002957237	3868	3876	3464	3836	4107	3883	3885	3749	3871	3236
XR_002957249	3869	3877	3465	3837	3443	3884	3886	3750	3872	4187
XR_002957300	3870	3878	3466	3838	4031	3885	3887	3751	3873	3237
XR_002957338	3871	3879	866	3839	1131	3886	3888	3752	3874	416
XR_002957340	3872	3880	3467	3840	515	3887	3889	3753	3875	3238
XR_002957368	3873	3881	3468	3841	129	3888	3890	3754	3876	3239
XR_002957399	3874	3882	3685	3842	3816	3889	3891	3755	3877	3564
XR_002957481	3875	3883	771	3843	2956	3890	3892	3756	3878	3240
XR_002957546	3876	3884	3469	3844	3224	3891	3893	3757	3879	396
XR_002957557	3877	3885	3470	3845	653	3892	3894	3758	3880	3241
XR_002957564	3878	3886	3471	3846	445	3893	3895	3759	3881	3242
XR_002957568	3879	3887	3472	3847	3704	3894	3896	3760	3882	3243
XR_002957595	3880	3888	113	3848	4076	3895	3897	3761	3883	3244
XR_002957706	3881	3889	3473	3849	2957	3896	3898	4186	3884	3603
XR_002957717	3882	3890	3474	3850	3945	3897	3899	3762	3885	3245
XR_002957724	129	3891	3475	3851	2958	3898	3900	3763	3886	3491
XR_002957753	3883	3892	3476	3852	495	3899	3901	3764	3887	915
XR_002957826	3884	3893	3477	3853	860	3900	3902	3765	3888	3246
XR_002957830	3885	3894	3478	3854	3862	3901	3903	3766	3889	3247
XR_002957833	3886	3895	3479	3855	2959	3902	3904	3767	3890	79
XR_002957846	3887	3896	801	3856	2960	3903	3905	3768	3891	3248
XR_002957914	3888	3897	671	3857	2961	3904	3906	3769	3892	3249
XR_002957994	3889	3898	952	3858	196	3905	3907	3770	3893	3250
XR_002957996	3890	3899	3480	3859	3967	3906	3908	3771	3894	3251
XR_002958013	3891	3900	202	3860	2962	3907	3909	3772	3895	3252
XR_002958040	3892	3901	3481	146	2963	3908	3910	3773	3896	461
XR_002958057	3893	3902	3482	3861	597	3909	3911	3774	3897	3253
XR_002958135	3894	3903	613	3862	2964	3910	3912	3775	3898	3254
XR_002958144	3895	3904	3483	3863	231	3911	3913	3776	3899	3255
XR_002958167	3896	3905	3484	3864	2965	3912	3914	3777	3900	3695
XR_002958175	3897	3906	893	3865	885	3913	3915	3778	3901	3256
XR_002958191	3898	3907	3485	3866	2966	3914	3916	132	3902	3257
XR_002958197	3899	3908	193	3867	2967	3915	3917	3779	3903	3258
XR_002958212	3900	3909	3486	3868	4178	3916	3918	3780	3904	3259
XR_002958232	3901	3910	782	3869	3562	3917	3919	3781	3905	3260
XR_002958246	3902	3911	3487	132	896	3918	3920	3782	3906	3261
XR_002958274	3903	3912	4146	3870	2968	3919	3921	3783	3907	3262
XR_002958284	3904	3913	3488	3871	3423	5	3922	3784	3908	3263
XR_002958335	3905	3914	3489	3872	4100	3920	3923	3785	3909	3264
XR_002958362	3906	3915	3490	3873	3908	3921	3924	3786	3910	3265
XR_002958373	3907	3916	326	3874	2969	3922	3925	3787	3911	3266
XR_002958377	3908	3917	630	3875	2970	3923	3926	3788	3912	3267
XR_002958385	3909	3918	3904	3876	3375	3924	3927	3789	3913	3774
XR_002958399	3910	3919	3491	3877	727	3925	3928	3790	3914	3268
XR_002958417	3911	3920	3492	3878	2971	3926	3929	3791	3915	4024
XR_002958489	3912	3921	3965	3879	828	3927	3930	3792	3916	3269
XR_002958500	3913	3922	802	3880	3150	3928	3931	3793	3917	3270
XR_002958511	3914	3923	382	3881	3428	3929	3932	3794	3918	805
XR_002958535	3915	3924	425	3882	2972	3930	3933	3795	3919	3271
XR_002958558	3916	3925	3493	3883	4132	3931	3934	3796	3920	3272
XR_002958577	3917	3926	3494	3884	3556	3932	3935	3797	3921	3273
XR_002958643	3918	3927	3495	3885	2973	3933	3936	3798	3922	4057
XR_002958646	3919	3928	3496	3886	2974	3934	3937	122	3923	3274
XR_002958678	3920	3929	614	3887	2975	3935	3938	3799	3924	3507
XR_002958728	3921	3930	3497	3888	2976	3936	3939	3800	3925	667
XR_002958738	3922	3931	3498	3889	3333	3937	3940	3801	3926	724
XR_002958752	30	3932	3499	3890	2977	3938	3941	250	3927	3275
XR_002958810	3923	3933	3500	3891	436	3939	3942	3802	3928	3276
XR_002958813	3924	3934	3501	3892	2978	3940	17	3803	3929	3277
XR_002958858	3925	3935	3502	3893	53	3941	3943	3804	3930	3278
XR_002959259	3926	3936	276	3894	2979	3942	3944	3805	3931	3279
XR_002959266	3927	3937	636	3895	1221	3943	3945	3806	3932	3280
XR_002959372	3928	3938	3503	3896	895	3944	3946	4142	3933	3281
XR_002959382	3929	3939	961	3897	375	3945	3947	3807	3934	3282
XR_002959392	3930	3940	3504	3898	73	3946	3948	3808	3935	3283
XR_002959397	3931	3941	3505	3899	491	3947	3949	3809	3936	3284
XR_002959409	3932	3942	3506	3900	2980	3948	3950	3810	3937	57
XR_002959410	3933	3943	3507	3901	2981	3949	3951	3811	3938	3841
XR_002959423	3934	3944	3508	3902	2982	3950	3952	72	3939	3285
XR_002959450	3935	3945	3509	3903	2983	3951	3953	4069	3940	4180
XR_002959457	3936	3946	3843	3904	4009	3952	3954	3812	3941	3286
XR_002959510	3937	3947	3510	3905	4026	3953	3955	3813	3942	3287
XR_002959544	44	3948	3511	3906	990	3954	3956	3814	3943	3288
XR_002959584	3938	3949	3512	3907	370	3955	3957	3815	3944	729
XR_002959596	3939	3950	786	3908	4183	3956	3958	3816	3945	3289
XR_002959602	3940	3951	3513	3909	83	3957	3959	4062	3946	3290
XR_002959614	3941	3952	3514	88	2984	3958	3960	3817	3947	3291
XR_002959679	3942	3953	3515	3910	3312	3959	3961	3818	3948	3292
XR_002959728	3943	3954	533	3911	2985	3960	3962	3819	3949	504
XR_002959730	3944	3955	107	3912	2986	3961	3963	3820	3950	3293
XR_002959734	3945	3956	3516	3913	516	3962	3964	3821	3951	3294
XR_002959736	3946	3957	3517	3914	275	3963	3965	3822	3952	3295
XR_002959772	3947	3958	3518	3915	2987	3964	3966	4133	3953	3296
XR_002959813	3948	3959	3519	3916	3829	3965	3967	3823	3954	3297
XR_002959825	3949	3960	39	3917	2988	3966	3968	3824	3955	3298
XR_108730	3950	3961	627	3918	2989	3967	3969	3825	3956	3299
XR_241720	3951	3962	3520	3919	3092	3968	3970	3826	3957	195
XR_242051	3952	3963	747	3920	2990	3969	3971	3827	3958	546
XR_242166	3953	3964	3521	35	921	3970	3972	3828	3959	628
XR_242848	3954	3965	3522	3921	2991	3971	3973	3829	3960	3903
XR_243327	3955	3966	653	3922	2992	3972	3974	3830	3961	3300
XR_243740	3956	3967	3523	3923	374	3973	3975	3831	3962	3301
XR_243788	3957	3968	3524	4161	2993	3974	3976	3832	3963	4103
XR_243907	3958	3969	4072	3924	1173	3975	3977	3833	3964	919
XR_244126	3959	3970	358	3925	3330	3976	3978	3834	3965	3302
XR_244373	3960	3971	3525	3926	361	3977	3979	3835	3966	3303
XR_244468	3961	3972	3526	3927	3846	3978	3980	3836	3967	3304
XR_245000	3962	3973	3527	3928	3788	3979	3981	3837	3968	3305
XR_245151	3963	3974	3528	3929	2994	3980	3982	157	3969	3306
XR_245277	3964	3975	985	3930	306	3981	3983	3838	3970	3307
XR_246494	3965	3976	635	3931	804	3982	3984	3839	3971	783
XR_246575	3966	3977	3529	3932	3336	3983	3985	3840	3972	3308
XR_246689	3967	3978	3530	3933	2995	3984	4	3841	3973	3309
XR_247234	3968	3979	89	3934	3399	3985	3986	3842	3974	3310
XR_427440	3969	3980	3531	3935	4176	3986	3987	3843	3975	3311
XR_427677	3970	3981	3532	3936	3669	3987	3988	3844	3976	3312
XR_428755	3971	3982	3533	3937	3382	3988	3989	3845	3977	3313
XR_430558	3972	3983	3925	3938	3863	3989	3990	3846	3978	3314
XR_922168	3973	3984	3534	3939	928	3990	3991	3847	3979	3315
XR_922199	76	3985	3535	3940	2996	3991	3992	3848	3980	3316
XR_922296	3974	3986	3536	3941	2997	3992	3993	3849	3981	643
XR_922480	3975	3987	3772	3942	3784	3993	3994	3850	3982	750
XR_922650	3976	3988	3738	3943	816	3994	3995	3851	3983	3317
XR_923048	3977	3989	3537	3944	3548	3995	3996	3852	3984	3318
XR_923109	3978	3990	3538	3945	3975	3996	3997	3853	3985	3319
XR_923257	3979	3991	3539	110	76	3997	3998	3854	3986	3320
XR_923318	3980	3992	3540	3946	809	3998	3999	3855	3987	3321
XR_923592	3981	3993	3860	3947	4182	3999	4000	3856	3988	3322
XR_923639	3982	3994	3541	3948	3996	4000	4001	4054	3989	3323
XR_923645	3983	3995	838	3949	3981	4001	4002	3857	3990	3324
XR_923732	3984	3996	3542	3950	3247	4002	4003	17	3991	3325
XR_923759	3985	3997	3543	3951	2998	4003	4004	74	3992	3326
XR_923927	3986	3998	3544	3952	475	4004	4005	3858	3993	3327
XR_924515	3987	3999	3545	3953	2999	4005	4006	4160	3994	3328
XR_924597	3988	4000	446	3954	3000	4006	4007	3859	3995	752
XR_925020	3989	4001	3546	3955	3234	4007	4008	3860	3996	3987
XR_925212	3990	4002	3547	183	3001	4008	4009	3861	3997	158
XR_925336	3991	4003	3548	3956	3002	4009	4010	3862	3998	3840
XR_925630	3992	4004	577	3957	3003	4010	4011	3863	3999	3329
XR_925675	3993	4005	3549	3958	3225	4011	4012	3864	4000	312
XR_925737	3994	4006	868	3959	3004	4012	4013	3865	4001	209
XR_926295	3995	4007	534	3960	3005	4013	4014	3866	4002	3330
XR_926300	3996	4008	110	3961	3006	4014	4015	3867	4003	3331
XR_926456	3997	4009	3550	3962	3208	4015	4016	84	4004	3332
XR_926477	3998	4010	4148	3963	3007	4016	4017	3868	4005	3333
XR_926497	3999	4011	4093	3964	1186	4017	4018	3869	4006	3334
XR_926603	4000	4012	3551	3965	685	4018	4019	3870	4007	3335
XR_926697	4001	4013	3552	3966	3648	4019	4020	3871	4008	3336
XR_926698	4002	4014	3553	3967	3839	4020	4021	3872	4009	598
XR_926706	4003	4015	3554	3968	3882	4021	4022	3873	4010	3778
XR_926759	4004	4016	209	3969	3008	4022	4023	3874	4011	3337
XR_927091	4005	4017	404	3970	3009	4023	4024	3875	4012	629
XR_927146	4006	4018	3555	3971	3930	4024	4025	3876	4013	3338
XR_927235	4007	4019	3556	3972	630	4025	4026	3877	4014	3339
XR_927513	4008	4020	3557	3973	3910	4026	4027	3878	4015	3340
XR_927599	4009	4021	3558	3974	3344	4027	4028	3879	4016	3341
XR_927844	4010	4022	3559	3975	3348	4028	4029	3880	4017	3975
XR_928275	4011	4023	916	3976	4091	4029	4030	3881	4018	3342
XR_928276	4012	4024	3560	3977	3879	4030	4031	3882	4019	3343
XR_928362	4013	4025	3561	3978	442	4031	4032	3883	4020	3344
XR_928431	4014	4026	148	3979	3010	4032	4033	3884	4021	3345
XR_928434	4015	4027	3562	3980	3963	4033	4034	3885	4022	3559
XR_928614	4016	4028	3563	3981	4162	4034	4035	3886	4023	3346
XR_928826	4017	4029	3564	3982	568	4035	4036	3887	4024	3347
XR_928896	4018	4030	3565	3983	3717	4036	4037	3888	4025	3348
XR_929025	4019	4031	3711	3984	3011	4037	4038	3889	4026	397
XR_929077	174	4032	3566	3985	1218	4038	4039	169	4027	3612
XR_929197	4020	4033	1011	3986	3680	4039	4040	3890	4028	548
XR_929439	4021	4034	3567	3987	3012	4040	4041	36	4029	3349
XR_929442	4022	4035	3568	3988	4114	4041	4042	3891	4030	3350
XR_929515	4023	4036	3569	18	3013	4042	4043	3892	4031	3351
XR_929540	4024	4037	4112	3989	3014	4043	4044	3893	4032	3352
XR_929550	198	4038	3570	3990	673	4044	4045	3894	4033	3353
XR_929599	4025	4039	3571	3991	153	4045	4046	3895	4034	3354
XR_929789	4026	4040	3572	3992	4096	4046	4047	3896	4035	3355
XR_930270	4027	4041	3573	3993	3015	4047	4048	3897	4036	4089
XR_930332	4028	4042	3816	3994	517	4048	4049	3898	4037	3356
XR_930402	4029	4043	3574	3995	4016	4049	4050	3899	4038	3357
XR_930439	4030	4044	3575	3996	3896	4050	4051	3900	4039	3630
XR_930448	4031	4045	688	3997	3231	4051	4052	3901	4040	770
XR_930580	4032	4046	3576	3998	728	4052	4053	3902	4041	3358
XR_930806	4033	4047	3577	3999	3928	4053	4054	3903	4042	3359
XR_930807	4034	4048	921	4000	3016	4054	4055	3904	4043	3813
XR_930961	4035	4049	3578	4001	3017	4055	4056	3905	4044	4043
XR_931119	4036	4050	3579	4002	3018	4056	4057	59	4045	3360
XR_931142	4037	4051	3580	4003	3590	4057	4058	3906	4046	3361
XR_931705	4038	4052	3581	4004	3697	4058	4059	3907	4047	3362
XR_931723	4039	4053	3582	4005	3526	4059	4060	3908	4048	3555
XR_932287	4040	4054	992	4006	3696	4060	4061	3909	4049	795
XR_932489	4041	4055	3583	4007	3627	4061	4062	3910	4050	3363
XR_932506	4042	4056	3584	4008	3233	4062	4063	3911	4051	3915
XR_932609	4043	4057	3585	4192	3438	4063	4064	4116	4052	3364
XR_932655	4044	4058	3586	4009	3019	4064	4065	3912	4053	3833
XR_932659	4045	4059	3587	4010	3020	4065	4066	3913	4054	4077
XR_932846	4046	4060	3588	4011	3021	4066	4067	143	4055	3365
XR_933049	4047	4061	162	4012	3022	4067	4068	3914	4056	3366
XR_933073	4048	4062	3589	41	1134	4068	4069	3915	15	3367
XR_933083	4049	4063	3590	4013	3880	4069	4070	3916	4057	3368
XR_933105	4050	4064	3591	4014	3810	4070	4071	3917	4058	3369
XR_933516	4051	4065	3592	4015	3876	4071	4072	3918	4059	3370
XR_933542	4052	4066	371	4016	3023	4072	4073	3919	4060	3371
XR_933623	4053	4067	3593	4017	3687	4073	4074	3920	4061	3372
XR_933871	4054	4068	3594	4018	510	4074	4075	3921	4062	3373
XR_933890	4055	4069	971	243	604	4075	4076	3922	4063	3374
XR_934153	4056	4070	3595	4019	755	4076	4077	3923	4064	3656
XR_934222	4057	4071	3596	4020	607	4077	4078	3924	4065	3375
XR_934224	4058	4072	3597	4021	3552	4078	4079	3925	4066	3376
XR_934709	4059	4073	3598	4022	3024	4079	4080	3926	4067	130
XR_934749	4060	4074	3599	4023	504	4080	4081	3927	4068	798
XR_934823	4061	4075	3600	4024	3025	4081	18	3928	4069	3377
XR_934884	4062	4076	3914	4025	3260	4082	4082	3929	4070	3378
XR_935087	4063	4077	3826	4026	3409	4083	4083	3930	4071	3379
XR_935131	4064	4078	420	4027	3121	4084	4084	3931	4072	3380
XR_935223	4065	4079	3601	4028	3636	4085	4085	3932	4073	3381
XR_935275	4066	4080	3602	4029	3026	4086	4086	3933	4074	547
XR_935432	4067	4081	3603	4030	3557	4087	4087	3934	4075	741
XR_935449	4068	4082	352	4031	3027	4088	4088	3935	4076	3382
XR_935591	4069	4083	3604	4032	3028	4089	4089	63	4077	3383
XR_935939	4070	4084	647	4033	3154	4090	4090	3936	4078	391
XR_935974	4071	4085	3605	4034	3920	4091	4091	3937	4079	3639
XR_936165	4072	4086	3606	4035	3615	4092	4092	3938	4080	3384
XR_936336	4073	4087	3607	4036	3029	4093	4093	3939	4081	594
XR_936361	4074	4088	3608	4037	754	4094	4094	3940	4082	308
XR_936817	4075	4089	3609	4038	3030	4095	4095	4191	4083	3385
XR_936960	4076	4090	3610	4039	3031	4096	4096	3941	4084	637
XR_936965	4077	4091	3611	4040	3442	4097	4097	3942	4085	3386
XR_936967	4078	4092	68	4041	52	4098	4098	3943	4086	3387
XR_937389	4079	4093	3612	4042	3032	4099	4099	4190	4087	3388
XR_937576	4080	4094	822	4043	3033	4100	4100	3944	4088	3996
XR_937583	4081	4095	3613	4044	3705	4101	4101	3945	4089	3389
XR_938011	4082	4096	622	4045	3034	4102	4102	3946	4090	3390
XR_938114	4083	4097	929	4046	3384	4103	4103	3947	4091	3391
XR_938256	4084	4098	3614	4047	158	4104	4104	3948	4092	3522
XR_938274	4085	4099	174	4048	3035	4105	4105	3949	4093	3392
XR_938308	4086	4100	3615	4049	3938	4106	4106	3950	4094	3393
XR_938449	91	4101	3616	210	3036	4107	4107	3951	4095	3394
XR_938452	4087	4102	3617	4050	3926	4108	4108	3952	4096	3395
XR_938580	4088	4103	3618	4051	3964	4109	4109	3953	4097	3580
XR_938724	4089	4104	3619	4052	3037	4110	4110	3954	4098	430
XR_938746	4090	4105	1029	4053	201	4111	4111	3955	4099	3396
XR_939059	4091	4106	3620	4054	3840	4112	4112	3956	4100	3397
XR_939360	4092	4107	500	4055	3038	4113	4113	3957	4101	3398
XR_939389	4093	4108	3621	4056	3214	4114	4114	3958	4102	410
XR_939584	4094	4109	3622	4057	3039	4115	1	3959	4103	3399
XR_939621	4095	4110	3623	4058	4199	4116	4115	3960	4104	3400
XR_939762	4096	4111	3624	4059	3040	4117	4116	4181	4105	3401
XR_940058	4097	4112	932	4060	3041	4118	4117	3961	4106	3700
XR_940138	4098	4113	3625	4061	233	4119	4118	3962	4107	3402
XR_940241	4099	4114	3626	4062	3851	4120	4119	3963	4108	3403
XR_940258	4100	4115	3627	4063	3597	4121	4120	3964	4109	3404
XR_940538	4101	4116	3628	4064	3563	4122	4121	3965	4110	3405
XR_941082	4102	4117	3629	4065	3042	4123	4122	14	4111	3406
XR_941265	4103	4118	3630	4066	3043	4124	4123	3966	4112	3968
XR_941361	4104	4119	3631	4067	271	4125	4124	3967	4113	3407
XR_941565	4105	4120	683	4068	3044	4126	4125	3968	4114	3850
XR_941574	4106	4121	3632	14	1061	4127	4126	3969	4115	3408
XR_941719	4107	4122	359	4069	3045	4128	4127	3970	4116	3409
XR_941746	4108	4123	3633	4070	784	4129	4128	4166	4117	3410
XR_942079	4109	4124	3634	4071	3046	4130	4129	5	4118	3411
XR_942714	4110	4125	3635	4072	4125	4131	4130	4143	4119	3412
XR_942770	4111	4126	3636	4073	3642	4132	4131	3971	4120	3413
XR_943034	4112	4127	3637	4074	3047	4133	4132	47	4121	3414
XR_943149	4113	4128	3638	8	3048	4134	4133	3972	4122	3415
XR_943786	4114	4129	3639	4075	3049	4135	4134	80	4123	3416
XR_943849	4115	4130	3640	4076	3897	4136	4135	3973	4124	3417
XR_943867	4116	4131	3641	4077	437	4137	4136	3974	4125	3418
XR_943913	4117	4132	892	4078	4137	4138	4137	3975	4126	3419
XR_943946	4118	4133	3642	4079	3050	4139	4138	3976	4127	3926
XR_943973	4119	4134	3643	4080	4049	4140	4139	3977	4128	3420
XR_944031	4120	4135	409	4081	3051	4141	4140	3978	4129	3421
XR_944092	4121	4136	3644	4082	3052	4142	4141	3979	4130	81
XR_944109	4122	4137	3645	4083	3053	4143	4142	4111	4131	38
XR_944185	4123	4138	3646	4084	888	4144	4143	89	4132	3422
XR_944197	4124	4139	3647	4085	3054	4145	4144	3980	4133	147
XR_944410	52	4140	3648	4086	3898	4146	4145	170	4134	912
XR_944812	4125	4141	3649	4087	59	4147	4146	3981	4135	3585
XR_944925	4126	4142	3650	4088	197	4148	4147	3982	4136	3423
XR_944957	4127	4143	3651	4089	586	4149	4148	3983	4137	587
XR_944987	4128	4144	4170	4090	3055	4150	4149	3984	4138	3424
XR_945057	4129	4145	3926	4091	3056	4151	4150	3985	4139	472
XR_945481	4130	4146	3652	4092	3057	4152	4151	49	4140	3425
XR_945493	4131	4147	3653	4093	3058	4153	4152	55	4141	3426
XR_945577	4132	4148	130	4094	3059	4154	4153	3986	4142	3427
XR_945601	4133	4149	199	4095	3060	4155	4154	3987	4143	3428
XR_946315	4134	4150	443	4096	3061	4156	4155	3988	4144	703
XR_946386	4135	4151	3654	4097	709	4157	4156	3989	4145	3539
XR_946543	4136	4152	3655	4098	159	4158	4157	3990	4146	3429
XR_946617	4137	4153	3656	4099	184	4159	4158	3991	4147	3430
XR_946699	4138	4154	3657	176	1184	4160	4159	3992	4148	101
XR_946762	4139	15	3658	4100	3062	4161	4160	3993	4149	3431
XR_946813	4140	4155	281	4101	3063	4162	4161	3994	4150	3432
XR_946886	4141	4156	3659	4102	3064	4163	4162	3995	4151	4066
XR_946912	4142	4157	3660	4103	3065	4164	4163	3996	4152	77
XR_946984	4143	4158	149	4104	3066	4165	4164	3997	4153	3433
XR_946991	4144	4159	3661	84	3067	4166	4165	3998	4154	3434
XR_947067	4145	4160	3662	4105	3307	4167	4166	3999	4155	3435
XR_947082	4146	4161	3663	4106	3068	4168	50	100	4156	3436
XR_947118	4147	4162	3664	165	3112	4169	4167	179	4157	33
XR_947155	4148	4163	3665	4107	3069	4170	4168	4000	4158	3967
XR_947200	4149	4164	3666	4108	710	4171	4169	4115	4159	3437
XR_947255	4150	4165	346	4109	3070	4172	4170	4001	4160	3438
XR_947297	4151	4166	3667	4110	3752	4173	4171	4002	4161	615
XR_947578	4152	4167	3668	118	3972	4174	4172	4003	4162	3439
XR_947610	4153	4168	3669	4111	3071	4175	4173	124	4163	3440
XR_947722	4154	4169	3670	4112	3113	1	4174	4004	4164	3441
XR_947744	4155	4170	3671	4113	3276	4176	4175	4005	4165	3812
XR_947756	4156	34	3891	4114	841	4177	4176	4006	4166	3442
XR_947993	4157	4171	551	4115	232	4178	4177	4007	4167	561
XR_948141	4158	4172	3672	4116	3072	4179	4178	4008	4168	473
XR_948298	4159	4173	3673	4117	307	4180	4179	4009	4169	3443
XR_948374	4160	4174	3674	4118	3591	4181	4180	57	4170	3444
XR_948815	4161	4175	3675	4119	3311	4182	4181	4056	4171	3445
XR_949274	4162	4176	3676	4120	3916	4183	4182	4010	4172	3446
XR_949328	4163	4177	3677	4121	3073	4184	4183	4188	4173	3447
XR_949335	4164	4178	487	4122	835	4185	4184	4011	4174	3448
XR_949603	4165	4179	3678	4123	3074	4186	4185	4012	4175	3914
XR_949614	4166	4180	783	4124	3075	4187	4186	126	4176	3449
XR_949871	4167	4181	825	4125	247	4188	4187	4013	4177	3450
XR_950140	119	4182	3679	215	3076	4189	4188	4014	4178	3451
XR_950253	96	4183	3680	4126	3178	4190	4189	4015	4179	3452
XR_950269	4168	4184	3681	4127	1025	4191	4190	4016	4180	3453
XR_950273	4191	4185	3682	4128	3077	4192	4191	4017	4181	3454
XR_950387	4169	4186	3683	4129	3078	4193	4192	77	4182	3575
XR_950905	55	4187	5	4130	3079	4194	4193	4018	4183	3455
XR_951290	121	4188	3684	4131	3080	4195	4194	4019	4184	3456
XR_951367	4170	4189	752	4132	3081	4196	4195	4020	4185	493
YP_003024027	4171	4190	503	4133	3082	4197	4196	4021	4186	3457
YP_003024028	4172	4191	726	4134	3083	4198	4197	4022	4187	3458
YP_003024031	4173	4192	826	4135	3084	4199	4198	4023	4188	3459
YP_003024032	4174	4193	607	4136	3085	4200	4199	4024	4189	3460
YP_003024035	4175	4194	839	4137	3086	4201	4200	4025	4190	3461
